<?xml version="1.0"?>
<gpx xmlns="http://www.topografix.com/GPX/1/1" version="1.1" creator="noforeignland">
  <trk>
    <name>Freya</name>
    <trkseg>
    	<trkpt lat='55.5835' lon='12.9145'><time>2020-06-11T21:39:07.186Z</time></trkpt>
	<trkpt lat='55.5966' lon='12.86126'><time>2020-06-27T12:02:00.000Z</time></trkpt>
	<trkpt lat='55.58308' lon='12.91482'><time>2020-06-27T15:07:00.000Z</time></trkpt>
	<trkpt lat='55.58222' lon='12.90928'><time>2020-07-13T15:18:00.000Z</time></trkpt>
	<trkpt lat='55.58308' lon='12.91484'><time>2020-07-13T18:22:00.000Z</time></trkpt>
	<trkpt lat='55.58138' lon='12.87514'><time>2020-07-18T10:41:00.000Z</time></trkpt>
	<trkpt lat='55.58307' lon='12.91484'><time>2020-07-18T13:47:00.000Z</time></trkpt>
	<trkpt lat='55.41359' lon='12.61968'><time>2020-07-31T10:12:00.000Z</time></trkpt>
	<trkpt lat='55.27462' lon='12.50579'><time>2020-07-31T13:29:00.000Z</time></trkpt>
	<trkpt lat='55.258424733168766' lon='12.439788401736507'></trkpt>
	<trkpt lat='55.25025432520525' lon='12.407773995652803'></trkpt>
	<trkpt lat='55.24554167478237' lon='12.389428414326773'></trkpt>
	<trkpt lat='55.21591' lon='12.4004'><time>2020-08-01T05:18:00.000Z</time></trkpt>
	<trkpt lat='55.05767' lon='12.42744'><time>2020-08-01T08:32:00.000Z</time></trkpt>
	<trkpt lat='55.01973' lon='12.55479'><time>2020-08-01T11:18:00.000Z</time></trkpt>
	<trkpt lat='54.97821164031251' lon='12.575813082115019'></trkpt>
	<trkpt lat='54.93323070234041' lon='12.564069765007844'></trkpt>
	<trkpt lat='54.92732065632171' lon='12.505638760577853'></trkpt>
	<trkpt lat='54.90231' lon='12.43758'><time>2020-08-02T06:38:00.000Z</time></trkpt>
	<trkpt lat='54.75377' lon='12.29377'><time>2020-08-02T09:47:00.000Z</time></trkpt>
	<trkpt lat='54.62627' lon='12.15848'><time>2020-08-02T12:51:00.000Z</time></trkpt>
	<trkpt lat='54.54097' lon='12.02125'><time>2020-08-02T16:01:00.000Z</time></trkpt>
	<trkpt lat='54.51405' lon='11.78969'><time>2020-08-02T19:07:00.000Z</time></trkpt>
	<trkpt lat='54.42189' lon='11.71286'><time>2020-08-02T20:49:00.000Z</time></trkpt>
	<trkpt lat='54.33616817297934' lon='11.380163304516572'></trkpt>
	<trkpt lat='54.35695808178164' lon='11.32143396041269'></trkpt>
	<trkpt lat='54.348287645001534' lon='11.076999140248972'></trkpt>
	<trkpt lat='54.36545' lon='10.14944'><time>2020-08-07T12:05:00.000Z</time></trkpt>
	<trkpt lat='54.36051' lon='10.04176'><time>2020-08-07T13:21:00.000Z</time></trkpt>
	<trkpt lat='54.23026' lon='9.60372'><time>2020-08-08T06:53:00.000Z</time></trkpt>
	<trkpt lat='54.06537' lon='9.31103'><time>2020-08-08T10:08:00.000Z</time></trkpt>
	<trkpt lat='53.90198' lon='9.15976'><time>2020-08-08T12:41:00.000Z</time></trkpt>
	<trkpt lat='53.86829' lon='8.70545'><time>2020-08-09T11:15:00.000Z</time></trkpt>
	<trkpt lat='53.96733' lon='8.52647'><time>2020-08-11T07:01:00.000Z</time></trkpt>
	<trkpt lat='53.97743' lon='8.42302'><time>2020-08-11T07:42:00.000Z</time></trkpt>
	<trkpt lat='53.80366' lon='7.18157'><time>2020-08-11T19:28:00.000Z</time></trkpt>
	<trkpt lat='53.70821' lon='6.9787'><time>2020-08-11T21:09:00.000Z</time></trkpt>
	<trkpt lat='53.55419' lon='5.68627'><time>2020-08-12T11:08:00.000Z</time></trkpt>
	<trkpt lat='53.50458' lon='5.49877'><time>2020-08-12T14:18:00.000Z</time></trkpt>
	<trkpt lat='53.4658' lon='5.3904'><time>2020-08-12T15:40:00.000Z</time></trkpt>
	<trkpt lat='53.24232' lon='4.80487'><time>2020-08-12T23:38:00.000Z</time></trkpt>
	<trkpt lat='53.10969' lon='4.68827'><time>2020-08-13T02:45:00.000Z</time></trkpt>
	<trkpt lat='52.97962' lon='4.5859'><time>2020-08-13T05:30:00.000Z</time></trkpt>
	<trkpt lat='52.45801' lon='4.56444'><time>2020-08-13T18:23:00.000Z</time></trkpt>
	<trkpt lat='52.42335' lon='4.48846'><time>2020-08-15T11:04:00.000Z</time></trkpt>
	<trkpt lat='52.25437' lon='4.36116'><time>2020-08-15T14:15:00.000Z</time></trkpt>
	<trkpt lat='52.09635' lon='4.26584'><time>2020-08-15T17:17:00.000Z</time></trkpt>
	<trkpt lat='52.03858' lon='4.09914'><time>2020-08-16T09:01:00.000Z</time></trkpt>
	<trkpt lat='51.97878' lon='3.92792'><time>2020-08-16T12:09:00.000Z</time></trkpt>
	<trkpt lat='51.84651' lon='3.93678'><time>2020-08-16T15:16:00.000Z</time></trkpt>
	<trkpt lat='51.83062' lon='4.03393'><time>2020-08-16T16:37:00.000Z</time></trkpt>
	<trkpt lat='51.82041' lon='4.053'><time>2020-08-17T09:55:00.000Z</time></trkpt>
	<trkpt lat='51.31093' lon='3.11788'><time>2020-08-20T23:00:00.000Z</time></trkpt>
	<trkpt lat='51.21573' lon='2.85508'><time>2020-08-24T10:15:00.000Z</time></trkpt>
	<trkpt lat='51.16396' lon='2.59272'><time>2020-08-24T13:24:00.000Z</time></trkpt>
	<trkpt lat='51.14173' lon='2.56025'><time>2020-08-24T16:32:00.000Z</time></trkpt>
	<trkpt lat='51.14146' lon='2.73996'><time>2020-08-24T18:31:00.000Z</time></trkpt>
	<trkpt lat='51.14071' lon='2.74099'><time>2020-08-25T14:21:00.000Z</time></trkpt>
	<trkpt lat='51.12926' lon='2.54047'><time>2020-08-27T09:24:00.000Z</time></trkpt>
	<trkpt lat='51.07033' lon='2.3784'><time>2020-08-27T11:19:00.000Z</time></trkpt>
	<trkpt lat='51.04365' lon='2.37227'><time>2020-08-28T17:42:00.000Z</time></trkpt>
	<trkpt lat='51.05367' lon='2.36213'><time>2020-08-29T05:57:00.000Z</time></trkpt>
	<trkpt lat='49.64576' lon='-1.62077'><time>2020-09-04T08:48:00.000Z</time></trkpt>
	<trkpt lat='49.63949' lon='-2.22854'><time>2020-09-05T15:59:00.000Z</time></trkpt>
	<trkpt lat='49.29496' lon='-2.53124'><time>2020-09-05T22:07:00.000Z</time></trkpt>
	<trkpt lat='49.13902' lon='-2.96222'><time>2020-09-06T01:08:00.000Z</time></trkpt>
	<trkpt lat='48.30922' lon='-4.76869'><time>2020-09-10T12:28:00.000Z</time></trkpt>
	<trkpt lat='48.17802' lon='-4.53388'><time>2020-09-10T15:24:00.000Z</time></trkpt>
	<trkpt lat='48.18006' lon='-4.53604'><time>2020-09-10T18:54:00.000Z</time></trkpt>
	<trkpt lat='48.13588' lon='-4.59439'><time>2020-09-11T06:57:00.000Z</time></trkpt>
	<trkpt lat='47.89555' lon='-4.56949'><time>2020-09-11T11:38:00.000Z</time></trkpt>
	<trkpt lat='47.78414' lon='-4.14558'><time>2020-09-11T16:03:00.000Z</time></trkpt>
	<trkpt lat='47.67987' lon='-3.77794'><time>2020-09-13T16:35:00.000Z</time></trkpt>
	<trkpt lat='47.1763' lon='-3.07169'><time>2020-09-14T01:53:00.000Z</time></trkpt>
	<trkpt lat='46.72721' lon='-2.34518'><time>2020-09-16T03:25:00.000Z</time></trkpt>
	<trkpt lat='46.43912' lon='-1.67814'><time>2020-09-17T16:18:00.000Z</time></trkpt>
	<trkpt lat='46.38086' lon='-1.65515'><time>2020-09-18T07:24:00.000Z</time></trkpt>
	<trkpt lat='46.14265' lon='-1.16836'><time>2020-09-18T16:21:00.000Z</time></trkpt>
	<trkpt lat='46.1168' lon='-1.24806'><time>2020-09-21T09:12:00.000Z</time></trkpt>
	<trkpt lat='43.63843' lon='-1.75268'><time>2020-09-23T01:08:00.000Z</time></trkpt>
	<trkpt lat='43.37632' lon='-1.79314'><time>2020-09-23T06:36:00.000Z</time></trkpt>
	<trkpt lat='43.35579' lon='-2.01833'><time>2020-09-30T09:21:00.000Z</time></trkpt>
	<trkpt lat='43.29689' lon='-2.2525'><time>2020-09-30T12:42:00.000Z</time></trkpt>
	<trkpt lat='43.44525' lon='-2.63029'><time>2020-10-07T18:59:00.000Z</time></trkpt>
	<trkpt lat='43.39377' lon='-3.0709'><time>2020-10-08T00:43:00.000Z</time></trkpt>
	<trkpt lat='43.34243' lon='-3.02914'><time>2020-10-08T01:57:00.000Z</time></trkpt>
	<trkpt lat='43.33768' lon='-3.01571'><time>2020-10-08T10:29:00.000Z</time></trkpt>
	<trkpt lat='43.33848' lon='-3.01501'><time>2020-10-09T18:29:00.000Z</time></trkpt>
	<trkpt lat='43.48632' lon='-3.40657'><time>2020-10-16T11:20:00.000Z</time></trkpt>
	<trkpt lat='43.46518' lon='-3.77643'><time>2020-10-16T16:42:00.000Z</time></trkpt>
	<trkpt lat='43.44152' lon='-4.19966'><time>2020-10-17T11:46:00.000Z</time></trkpt>
	<trkpt lat='43.38607' lon='-4.39783'><time>2020-10-17T17:35:00.000Z</time></trkpt>
	<trkpt lat='43.39597' lon='-4.38344'><time>2020-10-18T06:12:00.000Z</time></trkpt>
	<trkpt lat='43.49987' lon='-4.97473'><time>2020-10-18T12:18:00.000Z</time></trkpt>
	<trkpt lat='43.54609' lon='-5.66704'><time>2020-10-18T18:12:00.000Z</time></trkpt>
	<trkpt lat='43.54492' lon='-5.66451'><time>2020-11-09T17:27:00.000Z</time></trkpt>
	<trkpt lat='43.54295' lon='-5.66851'><time>2021-01-13T04:08:00.000Z</time></trkpt>
	<trkpt lat='43.5449' lon='-5.6645'><time>2021-01-13T16:46:00.000Z</time></trkpt>
	<trkpt lat='43.57243' lon='-6.14056'><time>2021-02-13T13:11:00.000Z</time></trkpt>
	<trkpt lat='43.59218' lon='-7.02419'><time>2021-02-14T16:57:00.000Z</time></trkpt>
	<trkpt lat='43.54036' lon='-7.03638'><time>2021-02-14T23:02:00.000Z</time></trkpt>
	<trkpt lat='43.64448' lon='-7.19357'><time>2021-02-22T09:28:00.000Z</time></trkpt>
	<trkpt lat='43.66811' lon='-7.59418'><time>2021-02-22T15:13:00.000Z</time></trkpt>
	<trkpt lat='43.75654' lon='-7.63623'><time>2021-03-02T08:05:00.000Z</time></trkpt>
	<trkpt lat='43.73528' lon='-7.86728'><time>2021-03-02T20:15:00.000Z</time></trkpt>
	<trkpt lat='43.50163' lon='-8.35093'><time>2021-03-03T14:48:00.000Z</time></trkpt>
	<trkpt lat='43.36779' lon='-8.39654'><time>2021-03-04T02:54:00.000Z</time></trkpt>
	<trkpt lat='43.37978' lon='-8.65538'><time>2021-03-15T09:42:00.000Z</time></trkpt>
	<trkpt lat='43.12123' lon='-9.17953'><time>2021-03-15T15:56:00.000Z</time></trkpt>
	<trkpt lat='43.12654' lon='-9.18235'><time>2021-03-16T03:13:00.000Z</time></trkpt>
	<trkpt lat='42.90875' lon='-9.3032'><time>2021-03-17T10:45:00.000Z</time></trkpt>
	<trkpt lat='42.72826' lon='-9.09962'><time>2021-03-17T13:57:00.000Z</time></trkpt>
	<trkpt lat='42.44666' lon='-9.03196'><time>2021-03-21T13:12:00.000Z</time></trkpt>
	<trkpt lat='42.25946' lon='-8.8539'><time>2021-03-21T19:05:00.000Z</time></trkpt>
	<trkpt lat='42.12032' lon='-8.84272'><time>2021-03-24T20:48:00.000Z</time></trkpt>
	<trkpt lat='41.85412' lon='-8.92402'><time>2021-03-28T10:55:00.000Z</time></trkpt>
	<trkpt lat='41.38019' lon='-8.78751'><time>2021-03-28T17:04:00.000Z</time></trkpt>
	<trkpt lat='41.37164' lon='-8.76475'><time>2021-03-28T22:05:00.000Z</time></trkpt>
	<trkpt lat='41.15363' lon='-8.69628'><time>2021-03-29T11:35:00.000Z</time></trkpt>
	<trkpt lat='41.14243' lon='-8.65115'><time>2021-03-29T17:34:00.000Z</time></trkpt>
	<trkpt lat='40.65866' lon='-8.73034'><time>2021-04-02T19:58:00.000Z</time></trkpt>
	<trkpt lat='40.6451' lon='-8.75443'><time>2021-04-03T08:17:00.000Z</time></trkpt>
	<trkpt lat='40.18975' lon='-8.93236'><time>2021-04-03T14:33:00.000Z</time></trkpt>
	<trkpt lat='40.14765' lon='-8.85809'><time>2021-04-04T02:45:00.000Z</time></trkpt>
	<trkpt lat='40.03117' lon='-8.94282'><time>2021-04-05T09:29:00.000Z</time></trkpt>
	<trkpt lat='39.58476' lon='-9.07313'><time>2021-04-05T15:43:00.000Z</time></trkpt>
	<trkpt lat='39.5852' lon='-9.07235'><time>2021-04-05T21:55:00.000Z</time></trkpt>
	<trkpt lat='39.35179' lon='-9.37658'><time>2021-04-06T20:55:00.000Z</time></trkpt>
	<trkpt lat='39.0982' lon='-9.45832'><time>2021-04-07T10:46:00.000Z</time></trkpt>
	<trkpt lat='38.68656' lon='-9.46636'><time>2021-04-07T16:31:00.000Z</time></trkpt>
	<trkpt lat='38.69675' lon='-9.4148'><time>2021-04-07T22:34:00.000Z</time></trkpt>
	<trkpt lat='38.534' lon='-9.32391'><time>2021-04-08T11:14:00.000Z</time></trkpt>
	<trkpt lat='38.44098' lon='-9.10772'><time>2021-04-08T16:40:00.000Z</time></trkpt>
	<trkpt lat='36.709813607841554' lon='-9.11284052883832'></trkpt>
	<trkpt lat='37.1205' lon='-8.52806'><time>2021-04-27T08:53:00.000Z</time></trkpt>
	<trkpt lat='37.10273' lon='-8.53545'><time>2021-05-30T16:52:00.000Z</time></trkpt>
	<trkpt lat='37.1205' lon='-8.52813'><time>2021-05-30T20:48:00.000Z</time></trkpt>
	<trkpt lat='38.93130332726473' lon='-5.056716088797792'></trkpt>
	<trkpt lat='39.85499689161267' lon='-2.140755313521642'></trkpt>
	<trkpt lat='40.348090590664604' lon='1.4417492248668524'></trkpt>
	<trkpt lat='40.55371235929819' lon='3.5847884801471395'></trkpt>
	<trkpt lat='40.71027964214241' lon='6.692969606189096'></trkpt>
	<trkpt lat='40.73072539349393' lon='9.319758014426002'></trkpt>
	<trkpt lat='40.536634510627' lon='11.536606157314118'></trkpt>
	<trkpt lat='40.24581939619969' lon='13.648432536434715'></trkpt>
	<trkpt lat='39.880213136120446' lon='15.741761671220246'></trkpt>
	<trkpt lat='39.58024004918793' lon='17.502712627128133'></trkpt>
	<trkpt lat='39.285845815421865' lon='19.01244039972773'></trkpt>
	<trkpt lat='38.96208083525401' lon='20.763042796883806'></trkpt>
	<trkpt lat='38.94068231073213' lon='20.755498372895822'></trkpt>
	<trkpt lat='38.93475258420011' lon='20.732108527866487'></trkpt>
	<trkpt lat='38.84666984972229' lon='20.7234125533731'></trkpt>
	<trkpt lat='38.84631585384485' lon='20.719463919642013'></trkpt>
	<trkpt lat='38.84473261596662' lon='20.71790495030782'></trkpt>
	<trkpt lat='38.840995127176456' lon='20.716058749741833'></trkpt>
	<trkpt lat='38.836967558674445' lon='20.713217878061492'></trkpt>
	<trkpt lat='38.83293290818115' lon='20.71380977747657'></trkpt>
	<trkpt lat='38.831843544454564' lon='20.714489090311844'></trkpt>
	<trkpt lat='38.80792237908996' lon='20.728126938916464'></trkpt>
	<trkpt lat='38.788821083696405' lon='20.727013190458855'></trkpt>
	<trkpt lat='38.73965904084068' lon='20.738020707529458'></trkpt>
	<trkpt lat='38.71930445913952' lon='20.732308970214255'></trkpt>
	<trkpt lat='38.70616537290433' lon='20.71439313204996'></trkpt>
	<trkpt lat='38.70512166730738' lon='20.718167501927432'></trkpt>
	<trkpt lat='38.68547097301331' lon='20.737205841115426'></trkpt>
	<trkpt lat='38.67940171782983' lon='20.79072251515064'></trkpt>
	<trkpt lat='38.67484552078073' lon='20.79556831541402'></trkpt>
	<trkpt lat='38.672560902230245' lon='20.793407135237082'></trkpt>
	<trkpt lat='38.6708894916909' lon='20.789413283765654'></trkpt>
	<trkpt lat='38.67020212650203' lon='20.788794564649123'></trkpt>
	<trkpt lat='38.67268556198202' lon='20.792790333995228'></trkpt>
	<trkpt lat='38.67494439184409' lon='20.7960669598996'></trkpt>
	<trkpt lat='38.67900095595307' lon='20.789470429815132'></trkpt>
	<trkpt lat='38.68157599564993' lon='20.781070829764836'></trkpt>
	<trkpt lat='38.66988565352942' lon='20.776492445211446'></trkpt>
	<trkpt lat='38.6711612464422' lon='20.77470323516168'></trkpt>
	<trkpt lat='38.67107936871591' lon='20.76950540278431'></trkpt>
	<trkpt lat='38.667761845082666' lon='20.76227688602299'></trkpt>
	<trkpt lat='38.66068344351172' lon='20.762876303093137'></trkpt>
	<trkpt lat='38.660600428144065' lon='20.762648118250752'></trkpt>
	<trkpt lat='38.66837142748622' lon='20.762445059726232'></trkpt>
	<trkpt lat='38.68160263686651' lon='20.78174172698351'></trkpt>
	<trkpt lat='38.67532451272085' lon='20.809720498492645'></trkpt>
	<trkpt lat='38.57383114205362' lon='20.87180941196368'></trkpt>
	<trkpt lat='38.58394892904633' lon='20.88713365852192'></trkpt>
	<trkpt lat='38.59820103539743' lon='20.893290328173013'></trkpt>
	<trkpt lat='38.59989302624956' lon='20.889456158883135'></trkpt>
	<trkpt lat='38.59995209204534' lon='20.88745036465445'></trkpt>
	<trkpt lat='38.61247368860916' lon='20.943305091278678'></trkpt>
	<trkpt lat='38.592441446692284' lon='20.943250701439702'></trkpt>
	<trkpt lat='38.57468650890199' lon='20.923219712673628'></trkpt>
	<trkpt lat='38.574633320732396' lon='20.92308462489936'></trkpt>
	<trkpt lat='38.5836839905313' lon='20.938485413971083'></trkpt>
	<trkpt lat='38.643065034243214' lon='20.971138288504513'></trkpt>
	<trkpt lat='38.65698212100851' lon='20.962663134819834'></trkpt>
	<trkpt lat='38.70524185991919' lon='20.74703702061526'></trkpt>
	<trkpt lat='38.704074490220336' lon='20.721512033675037'></trkpt>
	<trkpt lat='38.705662356572816' lon='20.714576816077702'></trkpt>
	<trkpt lat='38.70649551877074' lon='20.71451008837337'></trkpt>
	<trkpt lat='38.697246462308975' lon='20.727935718437458'></trkpt>
	<trkpt lat='38.622341276317755' lon='20.72944337021643'></trkpt>
	<trkpt lat='38.45878171674615' lon='20.58247059241807'></trkpt>
	<trkpt lat='38.45899979395061' lon='20.58235427233491'></trkpt>
	<trkpt lat='38.60114971169024' lon='20.68557709380315'></trkpt>
	<trkpt lat='38.61475085464668' lon='20.690923898724854'></trkpt>
	<trkpt lat='38.620643860002716' lon='20.689012592467616'></trkpt>
	<trkpt lat='38.62055147380167' lon='20.689385966238774'></trkpt>
	<trkpt lat='38.6137967538858' lon='20.691834547033267'></trkpt>
	<trkpt lat='38.622319595647056' lon='20.727654489468733'></trkpt>
	<trkpt lat='38.697312971750286' lon='20.727081020413237'></trkpt>
	<trkpt lat='38.7062042762923' lon='20.714501314949302'></trkpt>
	<trkpt lat='38.70642562311254' lon='20.715009868409282'></trkpt>
	<trkpt lat='38.697043135429674' lon='20.727625212660676'></trkpt>
	<trkpt lat='38.622050388007125' lon='20.72735638086904'></trkpt>
	<trkpt lat='38.61360402140877' lon='20.691632782905742'></trkpt>
	<trkpt lat='38.620700689542346' lon='20.688820713255566'></trkpt>
	<trkpt lat='38.62392308443279' lon='20.681887993738535'></trkpt>
	<trkpt lat='38.623720354076994' lon='20.682784534478525'></trkpt>
	<trkpt lat='38.620594218868774' lon='20.68902812989773'></trkpt>
	<trkpt lat='38.61382862932154' lon='20.690742149555557'></trkpt>
	<trkpt lat='38.62216708238027' lon='20.727387567704902'></trkpt>
	<trkpt lat='38.65933427179789' lon='20.728459903205035'></trkpt>
	<trkpt lat='38.697990575203406' lon='20.726562823194463'></trkpt>
	<trkpt lat='38.7060082118013' lon='20.7143758147589'></trkpt>
	<trkpt lat='38.70589766723435' lon='20.714369130935832'></trkpt>
	<trkpt lat='38.704143096898434' lon='20.72222020738655'></trkpt>
	<trkpt lat='38.70526844808845' lon='20.744165697207038'></trkpt>
	<trkpt lat='38.67125717167177' lon='20.89381477341606'></trkpt>
	<trkpt lat='38.66323123436482' lon='20.94649750065349'></trkpt>
	<trkpt lat='38.665613428794735' lon='20.952646976395876'></trkpt>
	<trkpt lat='38.6623026515321' lon='20.943779694979398'></trkpt>
	<trkpt lat='38.704826366855144' lon='20.751916731916733'></trkpt>
	<trkpt lat='38.70388248801324' lon='20.722520935329648'></trkpt>
	<trkpt lat='38.70584724172967' lon='20.71409957005152'></trkpt>
	<trkpt lat='38.706372487187096' lon='20.714341701180885'></trkpt>
	<trkpt lat='38.70380306612216' lon='20.721599581531592'></trkpt>
	<trkpt lat='38.704648590492695' lon='20.751372111348978'></trkpt>
	<trkpt lat='38.67510785003943' lon='20.79695528789601'></trkpt>
	<trkpt lat='38.67167121565906' lon='20.793564056221356'></trkpt>
	<trkpt lat='38.67201303163759' lon='20.79329546190415'></trkpt>
	<trkpt lat='38.674901161358264' lon='20.796961310017963'></trkpt>
	<trkpt lat='38.70461460675823' lon='20.751647836040803'></trkpt>
	<trkpt lat='38.703619340722035' lon='20.724207922035234'></trkpt>
	<trkpt lat='38.70568951109993' lon='20.713558343381557'></trkpt>
	<trkpt lat='38.72125508922949' lon='20.72442379064004'></trkpt>
	<trkpt lat='38.74011523200715' lon='20.73872785327002'></trkpt>
	<trkpt lat='38.78954811025402' lon='20.72749126734297'></trkpt>
	<trkpt lat='38.80802590376286' lon='20.72798776814072'></trkpt>
	<trkpt lat='38.83325245109731' lon='20.71383002371234'></trkpt>
	<trkpt lat='38.833242339024224' lon='20.713614022201824'></trkpt>
	<trkpt lat='38.83701983086839' lon='20.713248205172132'></trkpt>
	<trkpt lat='38.84081319545719' lon='20.715971539674733'></trkpt>
	<trkpt lat='38.8448296432053' lon='20.717999303633626'></trkpt>
	<trkpt lat='38.84642694603439' lon='20.719481981348157'></trkpt>
	<trkpt lat='38.84660355488366' lon='20.723667231378876'></trkpt>
	<trkpt lat='38.93408917344112' lon='20.73248814835752'></trkpt>
	<trkpt lat='38.94103970575363' lon='20.754610635362127'></trkpt>
	<trkpt lat='38.96483209325278' lon='20.764107543059026'></trkpt>
	<trkpt lat='38.944186643195295' lon='20.843177355912683'></trkpt>
	<trkpt lat='38.97056096412662' lon='20.86629350345401'></trkpt>
	<trkpt lat='38.969870461757246' lon='20.878677669390086'></trkpt>
	<trkpt lat='38.96591735954821' lon='20.877244718396142'></trkpt>
	<trkpt lat='38.9702579531225' lon='20.867124733646534'></trkpt>
	<trkpt lat='38.94299420150671' lon='20.84279746933464'></trkpt>
	<trkpt lat='38.96218097672049' lon='20.762923779391773'></trkpt>
	<trkpt lat='38.94067726433692' lon='20.75551410708227'></trkpt>
	<trkpt lat='38.934832644578975' lon='20.733166715071675'></trkpt>
	<trkpt lat='39.15009717260713' lon='20.24218328140708'></trkpt>
	<trkpt lat='39.15072754430787' lon='20.241537885161264'></trkpt>
	<trkpt lat='39.368710229495775' lon='20.145419228912743'></trkpt>
	<trkpt lat='39.47052761713098' lon='20.070539942015017'></trkpt>
	<trkpt lat='39.44020559837764' lon='20.014588538611612'></trkpt>
	<trkpt lat='39.614435802600084' lon='19.929403235510975'></trkpt>
	<trkpt lat='39.622601407958015' lon='19.934233806168905'></trkpt>
	<trkpt lat='39.764813749757984' lon='19.952486974841825'></trkpt>
	<trkpt lat='39.76457359048848' lon='19.953314916337455'></trkpt>
	<trkpt lat='39.76651102203027' lon='19.957447874925364'></trkpt>
	<trkpt lat='39.78207958577298' lon='19.960785095991895'></trkpt>
	<trkpt lat='39.79745567656751' lon='19.93645117826531'></trkpt>
	<trkpt lat='39.8205083609001' lon='19.89962012290095'></trkpt>
	<trkpt lat='39.90926139292337' lon='19.753917313045903'></trkpt>
	<trkpt lat='39.917445732509314' lon='19.80414121391274'></trkpt>
	<trkpt lat='39.849873811038364' lon='19.87335431662381'></trkpt>
	<trkpt lat='39.81646402644842' lon='19.935100365532083'></trkpt>
	<trkpt lat='39.79113461034184' lon='19.950421231932786'></trkpt>
	<trkpt lat='39.77967595590874' lon='19.957585276245783'></trkpt>
	<trkpt lat='39.7696217218056' lon='19.95860186477885'></trkpt>
	<trkpt lat='39.753521676038574' lon='19.947660584493875'></trkpt>
	<trkpt lat='39.75000654660705' lon='19.943525902371924'></trkpt>
	<trkpt lat='39.590609839893816' lon='19.970570790374907'></trkpt>
	<trkpt lat='39.48591157297462' lon='20.00105156273674'></trkpt>
	<trkpt lat='39.47339544123038' lon='20.00106434846768'></trkpt>
	<trkpt lat='39.61326514981582' lon='19.931562137318508'></trkpt>
	<trkpt lat='39.48213214205265' lon='20.096617669330442'></trkpt>
	<trkpt lat='39.161343767289424' lon='20.22761808501447'></trkpt>
	<trkpt lat='39.160167408563666' lon='20.22862966843452'></trkpt>
	<trkpt lat='39.15858633987137' lon='20.23296849616125'></trkpt>
	<trkpt lat='39.15483119636015' lon='20.24134140286742'></trkpt>
	<trkpt lat='38.93443229610377' lon='20.729893787538757'></trkpt>
	<trkpt lat='38.94079620286027' lon='20.755609203841495'></trkpt>
	<trkpt lat='38.96207440826318' lon='20.76296742078721'></trkpt>
	<trkpt lat='38.96228845186806' lon='20.762886571844962'></trkpt>
	<trkpt lat='38.94101773036127' lon='20.755334056250526'></trkpt>
	<trkpt lat='38.93488981317651' lon='20.73086436945529'></trkpt>
	<trkpt lat='38.84667457590484' lon='20.723465771180877'></trkpt>
	<trkpt lat='38.84644781211797' lon='20.719493080499387'></trkpt>
	<trkpt lat='38.844734386165804' lon='20.71792127134031'></trkpt>
	<trkpt lat='38.84114614274134' lon='20.716255560534385'></trkpt>
	<trkpt lat='38.83691065869658' lon='20.713222307234016'></trkpt>
	<trkpt lat='38.833256504603455' lon='20.713427659444676'></trkpt>
	<trkpt lat='38.83329515856384' lon='20.713814200402826'></trkpt>
	<trkpt lat='38.8081629265427' lon='20.728075757999058'></trkpt>
	<trkpt lat='38.78809094228832' lon='20.72712984509222'></trkpt>
	<trkpt lat='38.74042648579043' lon='20.738593221484685'></trkpt>
	<trkpt lat='38.71271418574186' lon='20.72695449349735'></trkpt>
	<trkpt lat='38.705867967329745' lon='20.71378997049895'></trkpt>
	<trkpt lat='38.70510233550296' lon='20.71269935535135'></trkpt>
	<trkpt lat='38.70586835592965' lon='20.716412423343492'></trkpt>
	<trkpt lat='38.69920377215345' lon='20.728260603461038'></trkpt>
	<trkpt lat='38.65803062933736' lon='20.728545424262485'></trkpt>
	<trkpt lat='38.62922554692216' lon='20.731291894023883'></trkpt>
	<trkpt lat='38.36390880108513' lon='20.75796657332907'></trkpt>
	<trkpt lat='38.33581138299873' lon='20.74684968251836'></trkpt>
	<trkpt lat='38.335261022487536' lon='20.7471208537892'></trkpt>
	<trkpt lat='38.333177472527424' lon='20.74659915306566'></trkpt>
	<trkpt lat='38.32982161471277' lon='20.745550574728952'></trkpt>
	<trkpt lat='38.32011765910116' lon='20.775298264459767'></trkpt>
	<trkpt lat='38.29604283847942' lon='20.736862563403754'></trkpt>
	<trkpt lat='38.29889188683774' lon='20.689930324615332'></trkpt>
	<trkpt lat='38.45906867887497' lon='20.58140512216861'></trkpt>
	<trkpt lat='38.46127094540724' lon='20.57874691551999'></trkpt>
	<trkpt lat='38.46126524417983' lon='20.578593700180466'></trkpt>
	<trkpt lat='38.45988780235911' lon='20.580012069593813'></trkpt>
	<trkpt lat='38.45961685106228' lon='20.58367017013977'></trkpt>
	<trkpt lat='38.62160257959985' lon='20.729225622858962'></trkpt>
	<trkpt lat='38.671082296666086' lon='20.729838874454813'></trkpt>
	<trkpt lat='38.67762827556529' lon='20.763179877315473'></trkpt>
	<trkpt lat='38.66798754687257' lon='20.77928560361752'></trkpt>
	<trkpt lat='38.66502934967415' lon='20.78306403264685'></trkpt>
	<trkpt lat='38.66491696654414' lon='20.783219104905637'></trkpt>
	<trkpt lat='38.66911418144807' lon='20.777297115756447'></trkpt>
	<trkpt lat='38.675664397481185' lon='20.775582774168484'></trkpt>
	<trkpt lat='38.71153087277604' lon='20.82570269092014'></trkpt>
	<trkpt lat='38.67170695282092' lon='20.793363956378386'></trkpt>
	<trkpt lat='38.671825547472125' lon='20.792560630725735'></trkpt>
	<trkpt lat='38.6771412769805' lon='20.80177654450356'></trkpt>
	<trkpt lat='38.67512387901148' lon='20.812225151192155'></trkpt>
	<trkpt lat='38.57903565772828' lon='20.82703621322569'></trkpt>
	<trkpt lat='38.57245360957985' lon='20.699498522356194'></trkpt>
	<trkpt lat='38.4586219890975' lon='20.582509830567496'></trkpt>
	<trkpt lat='38.46120999334255' lon='20.578497709395524'></trkpt>
	<trkpt lat='38.46126729259642' lon='20.57856781223107'></trkpt>
	<trkpt lat='38.458652414351434' lon='20.582202501015786'></trkpt>
	<trkpt lat='38.61175036306307' lon='20.691880008094984'></trkpt>
	<trkpt lat='38.62092919772297' lon='20.688776196480617'></trkpt>
	<trkpt lat='38.62401795927795' lon='20.682537556849006'></trkpt>
	<trkpt lat='38.624191858161936' lon='20.68195306225361'></trkpt>
	<trkpt lat='38.62417658203085' lon='20.681864167800832'></trkpt>
	<trkpt lat='38.62411213615265' lon='20.682312688862666'></trkpt>
	<trkpt lat='38.62079850148058' lon='20.68887023763909'></trkpt>
	<trkpt lat='38.613613978597385' lon='20.6909173768615'></trkpt>
	<trkpt lat='38.54172367068057' lon='20.683683591675916'></trkpt>
	<trkpt lat='38.47897822125205' lon='20.692498297623253'></trkpt>
	<trkpt lat='38.45963726435616' lon='20.66407976693846'></trkpt>
	<trkpt lat='38.45934744147375' lon='20.66441875981585'></trkpt>
	<trkpt lat='38.45972595438524' lon='20.66424707153312'></trkpt>
	<trkpt lat='38.46499446057483' lon='20.695913907751404'></trkpt>
	<trkpt lat='38.36491925990304' lon='20.759440336907993'></trkpt>
	<trkpt lat='38.338595916166284' lon='20.746888127067802'></trkpt>
	<trkpt lat='38.33516594079807' lon='20.74715120876774'></trkpt>
	<trkpt lat='38.335150862384346' lon='20.7472380537923'></trkpt>
	<trkpt lat='38.338556597878195' lon='20.74711783667081'></trkpt>
	<trkpt lat='38.36765160978879' lon='20.77818114517885'></trkpt>
	<trkpt lat='38.56808072847143' lon='20.815777865174503'></trkpt>
	<trkpt lat='38.74349385502978' lon='20.84285128046919'></trkpt>
	<trkpt lat='38.69437207226778' lon='20.793235133455674'></trkpt>
	<trkpt lat='38.66236269435558' lon='20.759513119561625'></trkpt>
	<trkpt lat='38.66340745189245' lon='20.761318279196914'></trkpt>
	<trkpt lat='38.66678620833177' lon='20.7619417542765'></trkpt>
	<trkpt lat='38.67333494167186' lon='20.76633521826108'></trkpt>
	<trkpt lat='38.693244302807514' lon='20.78715235967386'></trkpt>
	<trkpt lat='38.721497418112676' lon='20.818307753089798'></trkpt>
	<trkpt lat='38.741738325379146' lon='20.77526851532229'></trkpt>
	<trkpt lat='38.78931961926972' lon='20.72673599038636'></trkpt>
	<trkpt lat='38.8076769121476' lon='20.72812339280049'></trkpt>
	<trkpt lat='38.83315517076038' lon='20.713594334890846'></trkpt>
	<trkpt lat='38.83306758699409' lon='20.713636077790298'></trkpt>
	<trkpt lat='38.808093100738965' lon='20.727872361517942'></trkpt>
	<trkpt lat='38.78961164792982' lon='20.72733818325245'></trkpt>
	<trkpt lat='38.7547067955416' lon='20.760982165883274'></trkpt>
	<trkpt lat='38.75120077782941' lon='20.780359567664775'></trkpt>
	<trkpt lat='38.754595842431186' lon='20.801628938611373'></trkpt>
	<trkpt lat='38.71012695921563' lon='20.719980289724575'></trkpt>
	<trkpt lat='38.70520008571585' lon='20.713251199221723'></trkpt>
	<trkpt lat='38.70633071295113' lon='20.71582102638861'></trkpt>
	<trkpt lat='38.695585175930205' lon='20.72912483802196'></trkpt>
	<trkpt lat='38.65706443927186' lon='20.72875411686212'></trkpt>
	<trkpt lat='38.535665400376615' lon='20.72307251897002'></trkpt>
	<trkpt lat='38.47731734770079' lon='20.68928460141909'></trkpt>
	<trkpt lat='38.45975731543561' lon='20.66442190940794'></trkpt>
	<trkpt lat='38.45929459708839' lon='20.66456220253676'></trkpt>
	<trkpt lat='38.45923953754885' lon='20.664547790385555'></trkpt>
	<trkpt lat='38.45977195300709' lon='20.664335949677422'></trkpt>
	<trkpt lat='38.46277920384398' lon='20.688738873158186'></trkpt>
	<trkpt lat='38.46190922826399' lon='20.69284958056886'></trkpt>
	<trkpt lat='38.453031274800885' lon='20.699475790681305'></trkpt>
	<trkpt lat='38.44756222944032' lon='20.702040614572105'></trkpt>
	<trkpt lat='38.442137906411205' lon='20.711716572915165'></trkpt>
	<trkpt lat='38.26584831647847' lon='21.089547746354583'></trkpt>
	<trkpt lat='38.28465561641839' lon='21.26338450006684'></trkpt>
	<trkpt lat='38.31612944965403' lon='21.413662756835137'></trkpt>
	<trkpt lat='38.35516686986141' lon='21.42141896678863'></trkpt>
	<trkpt lat='38.35978474692134' lon='21.41836398627611'></trkpt>
	<trkpt lat='38.36105496119383' lon='21.418050079656958'></trkpt>
	<trkpt lat='38.36116393187985' lon='21.417118908186826'></trkpt>
	<trkpt lat='38.361149287144485' lon='21.41710138776409'></trkpt>
	<trkpt lat='38.36105717168488' lon='21.418048140286967'></trkpt>
	<trkpt lat='38.359577453781704' lon='21.41837074666298'></trkpt>
	<trkpt lat='38.35527998373904' lon='21.421534814177804'></trkpt>
	<trkpt lat='38.32792499269275' lon='21.416210415866995'></trkpt>
	<trkpt lat='38.31589576397819' lon='21.41261210402805'></trkpt>
	<trkpt lat='38.27922794471544' lon='21.26748241640674'></trkpt>
	<trkpt lat='38.26986977825695' lon='21.08686438643913'></trkpt>
	<trkpt lat='38.44726389373885' lon='21.051625421044456'></trkpt>
	<trkpt lat='38.49155689452786' lon='21.04073217383428'></trkpt>
	<trkpt lat='38.509137035955916' lon='21.00999283915509'></trkpt>
	<trkpt lat='38.62795191671924' lon='20.98022260500901'></trkpt>
	<trkpt lat='38.66763296032062' lon='20.951140392032524'></trkpt>
	<trkpt lat='38.66453304497043' lon='20.947954929203284'></trkpt>
	<trkpt lat='38.666355028664114' lon='20.917281384567403'></trkpt>
	<trkpt lat='38.7470752527322' lon='20.765115444141795'></trkpt>
	<trkpt lat='38.78993610688659' lon='20.72675230312084'></trkpt>
	<trkpt lat='38.80802593292327' lon='20.728029406184636'></trkpt>
	<trkpt lat='38.83317986073443' lon='20.71371044712506'></trkpt>
	<trkpt lat='38.83314065814538' lon='20.713343319797268'></trkpt>
	<trkpt lat='38.834336465820705' lon='20.712748258912868'></trkpt>
	<trkpt lat='38.837113073357614' lon='20.71338312349108'></trkpt>
	<trkpt lat='38.84176963311661' lon='20.71647783899656'></trkpt>
	<trkpt lat='38.844677805355275' lon='20.717912155125163'></trkpt>
	<trkpt lat='38.84623130891615' lon='20.71939712123693'></trkpt>
	<trkpt lat='38.84661119020815' lon='20.721307951121876'></trkpt>
	<trkpt lat='38.84744832021225' lon='20.72351233035998'></trkpt>
	<trkpt lat='38.934758544568226' lon='20.73215754831597'></trkpt>
	<trkpt lat='38.9405636467739' lon='20.755171614664327'></trkpt>
	<trkpt lat='38.962407538103065' lon='20.762469735962366'></trkpt>
	<trkpt lat='38.94379943959878' lon='20.84344715833879'></trkpt>
	<trkpt lat='38.96933073185064' lon='20.870383397389432'></trkpt>
	<trkpt lat='38.96678875100382' lon='20.885702014637726'></trkpt>
	<trkpt lat='38.94462878257306' lon='20.901721412090076'></trkpt>
	<trkpt lat='38.96187107359682' lon='20.89648461426389'></trkpt>
	<trkpt lat='38.969074773467796' lon='20.867501216437976'></trkpt>
	<trkpt lat='38.94466231402352' lon='20.835363163064883'></trkpt>
	<trkpt lat='38.94783798889961' lon='20.831979990631012'></trkpt>
	<trkpt lat='38.9690654152279' lon='20.872583830375934'></trkpt>
	<trkpt lat='38.930183360416095' lon='20.904599201711385'></trkpt>
	<trkpt lat='38.92811110338867' lon='20.90451447792132'></trkpt>
	<trkpt lat='38.9626844248048' lon='20.864231722284266'></trkpt>
	<trkpt lat='38.94444121010794' lon='20.841464808963583'></trkpt>
	<trkpt lat='38.96063679514518' lon='20.766106905780028'></trkpt>
	<trkpt lat='38.95796631434446' lon='20.76077080698965'></trkpt>
	<trkpt lat='38.94125822791791' lon='20.754519244521113'></trkpt>
	<trkpt lat='38.93533902285515' lon='20.73277765780402'></trkpt>
	<trkpt lat='38.84705841934762' lon='20.723753787167063'></trkpt>
	<trkpt lat='38.84629034393914' lon='20.720224471406826'></trkpt>
	<trkpt lat='38.84549161078482' lon='20.71882072572734'></trkpt>
	<trkpt lat='38.84510824242438' lon='20.718344721891235'></trkpt>
	<trkpt lat='38.844799052741436' lon='20.71826329193631'></trkpt>
	<trkpt lat='38.840967081049506' lon='20.716257090573478'></trkpt>
	<trkpt lat='38.837225580001046' lon='20.71346298631271'></trkpt>
	<trkpt lat='38.83447261496978' lon='20.71290451908873'></trkpt>
	<trkpt lat='38.80730002088154' lon='20.728104945511728'></trkpt>
	<trkpt lat='38.784450767722134' lon='20.726588882891576'></trkpt>
	<trkpt lat='38.740437636515686' lon='20.739165432572037'></trkpt>
	<trkpt lat='38.721023676380284' lon='20.732659032684822'></trkpt>
	<trkpt lat='38.70960899003467' lon='20.719339715124818'></trkpt>
	<trkpt lat='38.70476215771335' lon='20.712401226437535'></trkpt>
	<trkpt lat='38.70634643548459' lon='20.717145503350483'></trkpt>
	<trkpt lat='38.68535595592798' lon='20.73704216890068'></trkpt>
	<trkpt lat='38.68178256608216' lon='20.779999841213268'></trkpt>
	<trkpt lat='38.67563955321032' lon='20.79472063706736'></trkpt>
	<trkpt lat='38.672213562839794' lon='20.79359201328554'></trkpt>
	<trkpt lat='38.67221149834651' lon='20.79164151612153'></trkpt>
	<trkpt lat='38.67542337696932' lon='20.795629444740428'></trkpt>
	<trkpt lat='38.680905139466226' lon='20.785183466514017'></trkpt>
	<trkpt lat='38.674302598394476' lon='20.744145641863106'></trkpt>
	<trkpt lat='38.666760007823974' lon='20.72963256105523'></trkpt>
	<trkpt lat='38.62646642771922' lon='20.730691826292095'></trkpt>
	<trkpt lat='38.53046502910268' lon='20.729466979778717'></trkpt>
	<trkpt lat='38.39768516916885' lon='20.709438741484476'></trkpt>
	<trkpt lat='38.38116237566395' lon='20.69696450976118'></trkpt>
	<trkpt lat='38.36998755564295' lon='20.711494247031563'></trkpt>
	<trkpt lat='38.38125344622717' lon='20.69790465109886'></trkpt>
	<trkpt lat='38.394027092386594' lon='20.709744927852814'></trkpt>
	<trkpt lat='38.39067291648278' lon='20.733703665032337'></trkpt>
	<trkpt lat='38.379706963762544' lon='20.757315573688523'></trkpt>
	<trkpt lat='37.808428179883464' lon='20.911058499904055'></trkpt>
	<trkpt lat='37.77892951306859' lon='20.906705418977296'></trkpt>
	<trkpt lat='37.78343828433666' lon='20.90071661765017'></trkpt>
	<trkpt lat='37.78364670943732' lon='20.90102587034874'></trkpt>
	<trkpt lat='37.782470688446615' lon='20.90199689890424'></trkpt>
	<trkpt lat='37.77950113633635' lon='20.905871459712408'></trkpt>
	<trkpt lat='37.6298501457255' lon='21.311193944764042'></trkpt>
	<trkpt lat='37.64677488901931' lon='21.331447485146505'></trkpt>
	<trkpt lat='37.6483999723285' lon='21.32674075688833'></trkpt>
	<trkpt lat='37.64742926523806' lon='21.320333424838715'></trkpt>
	<trkpt lat='37.647380076009426' lon='21.32039380497785'></trkpt>
	<trkpt lat='37.64856570592545' lon='21.326363744017208'></trkpt>
	<trkpt lat='37.64707293326064' lon='21.330983336763794'></trkpt>
	<trkpt lat='37.629113107991444' lon='21.311856416589137'></trkpt>
	<trkpt lat='37.71118409215509' lon='21.107115135775786'></trkpt>
	<trkpt lat='37.7783040723573' lon='20.906948231961962'></trkpt>
	<trkpt lat='37.78326535260655' lon='20.901460948334872'></trkpt>
	<trkpt lat='37.78362356921255' lon='20.90124716119459'></trkpt>
	<trkpt lat='37.782517034251256' lon='20.902353824995227'></trkpt>
	<trkpt lat='37.7794704934099' lon='20.905555516516152'></trkpt>
	<trkpt lat='37.790063314400825' lon='20.911580593761144'></trkpt>
	<trkpt lat='37.809198554305155' lon='20.907885042522025'></trkpt>
	<trkpt lat='37.90830024195456' lon='20.71223391395121'></trkpt>
	<trkpt lat='37.93185501289361' lon='20.712739509511977'></trkpt>
	<trkpt lat='37.946218018851695' lon='20.67294340561878'></trkpt>
	<trkpt lat='37.8978235256054' lon='20.616803904287735'></trkpt>
	<trkpt lat='38.14241471441671' lon='20.45777242765368'></trkpt>
	<trkpt lat='38.19341765628094' lon='20.46458517947258'></trkpt>
	<trkpt lat='38.198143457009444' lon='20.476321489522732'></trkpt>
	<trkpt lat='38.181636372847706' lon='20.494007075753267'></trkpt>
	<trkpt lat='38.18143928915223' lon='20.494708962832757'></trkpt>
	<trkpt lat='38.18104653210756' lon='20.494935142688078'></trkpt>
	<trkpt lat='38.181099827818144' lon='20.495301258863122'></trkpt>
	<trkpt lat='38.18106697516871' lon='20.4949334370643'></trkpt>
	<trkpt lat='38.181467163351826' lon='20.494688299542325'></trkpt>
	<trkpt lat='38.18160886299949' lon='20.494054960225824'></trkpt>
	<trkpt lat='38.198199976471656' lon='20.475852325987713'></trkpt>
	<trkpt lat='38.19397937402248' lon='20.46389413468605'></trkpt>
	<trkpt lat='38.161460730689456' lon='20.455473149137003'></trkpt>
	<trkpt lat='38.13756211018029' lon='20.386834172269282'></trkpt>
	<trkpt lat='38.17858679459748' lon='20.325920541689456'></trkpt>
	<trkpt lat='38.27537363314369' lon='20.34433909007546'></trkpt>
	<trkpt lat='38.35981086506242' lon='20.399462061511038'></trkpt>
	<trkpt lat='38.358127992501764' lon='20.40544502421361'></trkpt>
	<trkpt lat='38.34483764136426' lon='20.409966558446925'></trkpt>
	<trkpt lat='38.34412298518583' lon='20.410201433977132'></trkpt>
	<trkpt lat='38.35617009427283' lon='20.413228020332603'></trkpt>
	<trkpt lat='38.47450874684364' lon='20.536860971466197'></trkpt>
	<trkpt lat='38.47687966953083' lon='20.569707065488323'></trkpt>
	<trkpt lat='38.46446259500996' lon='20.584365800092296'></trkpt>
	<trkpt lat='38.45990933521706' lon='20.58371492464'></trkpt>
	<trkpt lat='38.45967508886785' lon='20.580936623502925'></trkpt>
	<trkpt lat='38.460475744361496' lon='20.580304081707894'></trkpt>
	<trkpt lat='38.45931216681099' lon='20.582375880477684'></trkpt>
	<trkpt lat='38.54328549086128' lon='20.640689422219253'></trkpt>
	<trkpt lat='38.61224541610777' lon='20.691723781611188'></trkpt>
	<trkpt lat='38.62092539096505' lon='20.688760850115685'></trkpt>
	<trkpt lat='38.620683118865465' lon='20.689254911740697'></trkpt>
	<trkpt lat='38.61319759154357' lon='20.690772859690203'></trkpt>
	<trkpt lat='38.621896404372684' lon='20.727745059759464'></trkpt>
	<trkpt lat='38.686944521650744' lon='20.73034402103987'></trkpt>
	<trkpt lat='38.70293392978083' lon='20.722973343813003'></trkpt>
	<trkpt lat='38.705619315851024' lon='20.713913923932633'></trkpt>
	<trkpt lat='38.70459191604866' lon='20.712642445645287'></trkpt>
	<trkpt lat='38.7048959667916' lon='20.71234919797668'></trkpt>
	<trkpt lat='38.72085117149095' lon='20.739707055434934'></trkpt>
	<trkpt lat='38.725148075002195' lon='20.80505275000074'></trkpt>
	<trkpt lat='38.67086737996289' lon='20.775356370422863'></trkpt>
	<trkpt lat='38.66694968743201' lon='20.780520277237628'></trkpt>
	<trkpt lat='38.67084570101645' lon='20.776324063858706'></trkpt>
	<trkpt lat='38.68051565158959' lon='20.780706715687778'></trkpt>
	<trkpt lat='38.67969995878696' lon='20.78968582819046'></trkpt>
	<trkpt lat='38.6746044956442' lon='20.79593801884483'></trkpt>
	<trkpt lat='38.67109703403261' lon='20.789529943467286'></trkpt>
	<trkpt lat='38.67044849773429' lon='20.789169288185306'></trkpt>
	<trkpt lat='38.67152020842836' lon='20.791578153907235'></trkpt>
	<trkpt lat='38.67707826913326' lon='20.80215807175602'></trkpt>
	<trkpt lat='38.6741892332397' lon='20.810136159672183'></trkpt>
	<trkpt lat='38.6670481152682' lon='20.802040255844645'></trkpt>
	<trkpt lat='38.66929245830087' lon='20.80596539617184'></trkpt>
	<trkpt lat='38.67042425001888' lon='20.810365477353137'></trkpt>
	<trkpt lat='38.666364580506304' lon='20.814955534877207'></trkpt>
	<trkpt lat='38.57459615167251' lon='20.871363016210083'></trkpt>
	<trkpt lat='38.586857970033876' lon='20.892805131319403'></trkpt>
	<trkpt lat='38.59940337368507' lon='20.89357538602267'></trkpt>
	<trkpt lat='38.59943258861705' lon='20.888192864939914'></trkpt>
	<trkpt lat='38.59964603820555' lon='20.889178251101537'></trkpt>
	<trkpt lat='38.596543843396915' lon='20.894121413783147'></trkpt>
	<trkpt lat='38.47680060677592' lon='20.826754892343658'></trkpt>
	<trkpt lat='38.38305680230219' lon='20.69834148418201'></trkpt>
	<trkpt lat='38.377170810316876' lon='20.7006783364465'></trkpt>
	<trkpt lat='38.377604932565504' lon='20.700465545342343'></trkpt>
	<trkpt lat='38.38331373342379' lon='20.699395611387878'></trkpt>
	<trkpt lat='38.396307903771294' lon='20.70977419043858'></trkpt>
	<trkpt lat='38.3800319934041' lon='20.768835442175686'></trkpt>
	<trkpt lat='38.153915234174086' lon='20.78686810963158'></trkpt>
	<trkpt lat='38.12593939059714' lon='20.823464065106997'></trkpt>
	<trkpt lat='37.796601757746544' lon='20.915258757124708'></trkpt>
	<trkpt lat='37.777341107615335' lon='20.909810867714484'></trkpt>
	<trkpt lat='37.77995343403259' lon='20.905651294146942'></trkpt>
	<trkpt lat='37.77848042954571' lon='20.90711591841813'></trkpt>
	<trkpt lat='37.627846807595766' lon='21.31189371159482'></trkpt>
	<trkpt lat='37.6480637428279' lon='21.33329793442968'></trkpt>
	<trkpt lat='37.64852844303611' lon='21.330394582819928'></trkpt>
	<trkpt lat='37.55453148565445' lon='21.40755248786202'></trkpt>
	<trkpt lat='37.45616756570059' lon='21.493548508358458'></trkpt>
	<trkpt lat='37.25943972579286' lon='21.665540549351334'></trkpt>
	<trkpt lat='37.25837791751706' lon='21.664235775563697'></trkpt>
	<trkpt lat='37.25773818970855' lon='21.665012778430594'></trkpt>
	<trkpt lat='37.25794330347088' lon='21.6643762341361'></trkpt>
	<trkpt lat='37.259434985592904' lon='21.66532272631624'></trkpt>
	<trkpt lat='37.26061811539036' lon='21.664740005096316'></trkpt>
	<trkpt lat='37.25397585145309' lon='21.602471996330586'></trkpt>
	<trkpt lat='37.15010993019599' lon='21.530600611553712'></trkpt>
	<trkpt lat='37.05182965365874' lon='21.52352782564644'></trkpt>
	<trkpt lat='36.89518560340315' lon='21.67376948483568'></trkpt>
	<trkpt lat='36.94284512697415' lon='21.694695795146476'></trkpt>
	<trkpt lat='36.921335320189115' lon='21.70183638148856'><time>2022-07-11T12:00:00.000Z</time></trkpt>
	<trkpt lat='36.95547065942745' lon='21.676647291519174'><time>2022-07-13T12:00:00.000Z</time></trkpt>
	<trkpt lat='36.918369840858354' lon='21.682398593422562'></trkpt>
	<trkpt lat='36.89553747949164' lon='21.67177413995566'></trkpt>
	<trkpt lat='36.8216118558251' lon='21.692801455298977'></trkpt>
	<trkpt lat='36.8099777692919' lon='21.705732891582045'></trkpt>
	<trkpt lat='36.79903203144826' lon='21.719396194764897'></trkpt>
	<trkpt lat='36.78323612844633' lon='21.754137774171127'></trkpt>
	<trkpt lat='36.744238090822336' lon='21.85029402370929'></trkpt>
	<trkpt lat='36.70595893556937' lon='21.87680252099697'></trkpt>
	<trkpt lat='36.78711029794359' lon='22.004717117811744'></trkpt>
	<trkpt lat='36.80182323358491' lon='21.97099288526889'></trkpt>
	<trkpt lat='36.801180605269806' lon='21.96016512765138'></trkpt>
	<trkpt lat='36.91212652319354' lon='22.041764929898306'></trkpt>
	<trkpt lat='37.01992073396089' lon='22.12182012922868'></trkpt>
	<trkpt lat='37.021925588722084' lon='22.114027321837007'></trkpt>
	<trkpt lat='37.024239028858375' lon='22.110855821552907'></trkpt>
	<trkpt lat='37.02418886449764' lon='22.110785762384737'></trkpt>
	<trkpt lat='37.022206138238545' lon='22.113183898997992'></trkpt>
	<trkpt lat='37.02053575434935' lon='22.121535598326524'></trkpt>
	<trkpt lat='36.91233183094611' lon='22.034466443929873'></trkpt>
	<trkpt lat='36.80094334621856' lon='21.960371772708747'></trkpt>
	<trkpt lat='36.80146645618419' lon='21.96607342126525'></trkpt>
	<trkpt lat='36.59570583264932' lon='22.164844114185456'></trkpt>
	<trkpt lat='36.377331658129876' lon='22.492545915883454'></trkpt>
	<trkpt lat='36.418726003350415' lon='22.51428508918991'></trkpt>
	<trkpt lat='36.434261507807946' lon='22.497093277968816'></trkpt>
	<trkpt lat='36.43350297356529' lon='22.499254838615826'></trkpt>
	<trkpt lat='36.43369192775319' lon='22.515333987249335'></trkpt>
	<trkpt lat='36.43585445027821' lon='22.54626847873345'></trkpt>
	<trkpt lat='36.44017949532824' lon='22.60813746170168'></trkpt>
	<trkpt lat='36.4488295854283' lon='22.731875427638144'></trkpt>
	<trkpt lat='36.45317847395732' lon='22.92097318350543'></trkpt>
	<trkpt lat='36.45757516046396' lon='22.977877568242324'></trkpt>
	<trkpt lat='36.45374686263327' lon='22.979796235161462'></trkpt>
	<trkpt lat='36.437668331291164' lon='23.069835374782777'></trkpt>
	<trkpt lat='36.409206896953904' lon='23.160319390054482'></trkpt>
	<trkpt lat='36.42796264618699' lon='23.232879656280886'></trkpt>
	<trkpt lat='36.56417806914288' lon='23.150984683802463'></trkpt>
	<trkpt lat='36.68410574439142' lon='23.062639177083824'></trkpt>
	<trkpt lat='36.75174624362028' lon='23.117194785951654'></trkpt>
	<trkpt lat='36.78575155514227' lon='23.10821980509003'></trkpt>
	<trkpt lat='36.78884345453445' lon='23.09539303034817'></trkpt>
	<trkpt lat='36.7838543932822' lon='23.088806028423367'></trkpt>
	<trkpt lat='36.78467093950807' lon='23.087201153153632'></trkpt>
	<trkpt lat='36.78390097652209' lon='23.08930827529094'></trkpt>
	<trkpt lat='36.78735741195123' lon='23.09202137328792'></trkpt>
	<trkpt lat='36.80022549329328' lon='23.1020572652842'></trkpt>
	<trkpt lat='36.872820044033965' lon='23.082846321741123'></trkpt>
	<trkpt lat='36.97364497326808' lon='23.015434954854598'></trkpt>
	<trkpt lat='36.980454508757305' lon='23.007901582557537'></trkpt>
	<trkpt lat='37.28224834209097' lon='23.08710906035253'></trkpt>
	<trkpt lat='37.30402904749501' lon='23.117978058181578'></trkpt>
	<trkpt lat='37.315949048840835' lon='23.139738485233845'></trkpt>
	<trkpt lat='37.31003953600023' lon='23.132317911712946'></trkpt>
	<trkpt lat='37.29986571718114' lon='23.13049178952155'></trkpt>
	<trkpt lat='37.28427169380343' lon='23.164235699403097'></trkpt>
	<trkpt lat='37.27977974858649' lon='23.194946101479744'></trkpt>
	<trkpt lat='37.29161934015345' lon='23.206010228488967'></trkpt>
	<trkpt lat='37.305252925215356' lon='23.214255610685193'></trkpt>
	<trkpt lat='37.33207133426089' lon='23.22736388130292'></trkpt>
	<trkpt lat='37.3405591128331' lon='23.277266367641893'></trkpt>
	<trkpt lat='37.36384493251019' lon='23.28994132180007'></trkpt>
	<trkpt lat='37.37869023594151' lon='23.28766070332439'></trkpt>
	<trkpt lat='37.40806884201825' lon='23.479788043335525'></trkpt>
	<trkpt lat='37.439362506870886' lon='23.568884292144514'></trkpt>
	<trkpt lat='37.48397852785092' lon='23.491668436579225'></trkpt>
	<trkpt lat='37.48883894262552' lon='23.473345919316557'></trkpt>
	<trkpt lat='37.492408010970045' lon='23.46992721653204'></trkpt>
	<trkpt lat='37.49257853271379' lon='23.462264904759834'></trkpt>
	<trkpt lat='37.495434768248586' lon='23.459773666998466'></trkpt>
	<trkpt lat='37.497190292098665' lon='23.45785719332812'></trkpt>
	<trkpt lat='37.49773979402811' lon='23.455530368008937'></trkpt>
	<trkpt lat='37.49776203593686' lon='23.45309384978418'></trkpt>
	<trkpt lat='37.498379185506074' lon='23.45146183136255'></trkpt>
	<trkpt lat='37.49916186826751' lon='23.45004125580048'></trkpt>
	<trkpt lat='37.50067319332081' lon='23.45074267791603'></trkpt>
	<trkpt lat='37.507250673248755' lon='23.443757109292008'></trkpt>
	<trkpt lat='37.51232160789011' lon='23.4379512150505'></trkpt>
	<trkpt lat='37.512413461270214' lon='23.43293922089247'></trkpt>
	<trkpt lat='37.516432663256175' lon='23.419062876518396'></trkpt>
	<trkpt lat='37.567378689288276' lon='23.43026745621924'></trkpt>
	<trkpt lat='37.67791065313068' lon='23.53186182707354'></trkpt>
	<trkpt lat='37.71086846908739' lon='23.54238359538214'></trkpt>
	<trkpt lat='37.72876275974697' lon='23.54731903849733'></trkpt>
	<trkpt lat='37.742018465023115' lon='23.567793921771404'></trkpt>
	<trkpt lat='37.75396101954534' lon='23.598205069976203'></trkpt>
	<trkpt lat='37.77566109069676' lon='23.652952040526003'></trkpt>
	<trkpt lat='37.805138042582556' lon='23.762687982671128'></trkpt>
	<trkpt lat='37.796053266149556' lon='23.76812321677702'></trkpt>
	<trkpt lat='37.79210911751929' lon='23.791210217477172'></trkpt>
	<trkpt lat='37.796922606395874' lon='23.80759302561549'></trkpt>
	<trkpt lat='37.79782559102544' lon='23.806451905805297'></trkpt>
	<trkpt lat='37.793230522907216' lon='23.7904672934191'></trkpt>
	<trkpt lat='37.793046188461005' lon='23.773436117903653'></trkpt>
	<trkpt lat='37.82885650087908' lon='23.68638005274117'></trkpt>
	<trkpt lat='37.843622288097706' lon='23.61304625700899'></trkpt>
	<trkpt lat='37.86004364492911' lon='23.535327402239915'></trkpt>
	<trkpt lat='37.86825432334481' lon='23.496467974855378'></trkpt>
	<trkpt lat='37.872359662552654' lon='23.47703826116311'></trkpt>
	<trkpt lat='37.87650711895776' lon='23.465572427514363'></trkpt>
	<trkpt lat='37.877477876137924' lon='23.461572537101347'></trkpt>
	<trkpt lat='37.87750985146795' lon='23.45935718720787'></trkpt>
	<trkpt lat='37.87683589527897' lon='23.45664481362351'></trkpt>
	<trkpt lat='37.87670287358726' lon='23.455481578036306'></trkpt>
	<trkpt lat='37.87152355963728' lon='23.452476800946087'></trkpt>
	<trkpt lat='37.87969014321359' lon='23.401803383287046'></trkpt>
	<trkpt lat='37.88587185792838' lon='23.345998219103308'></trkpt>
	<trkpt lat='37.89731423468827' lon='23.236482369593773'></trkpt>
	<trkpt lat='37.90560376638568' lon='23.128598111402965'></trkpt>
	<trkpt lat='37.908163722687014' lon='23.060534509127223'></trkpt>
	<trkpt lat='37.91688999629619' lon='23.021733507549087'></trkpt>
	<trkpt lat='37.91684939929679' lon='23.012731378253992'></trkpt>
	<trkpt lat='37.91510557001685' lon='23.011242740202697'></trkpt>
	<trkpt lat='37.91647056282474' lon='23.009780728032702'></trkpt>
	<trkpt lat='37.92017910511545' lon='23.00408986385294'></trkpt>
	<trkpt lat='37.923009852681744' lon='23.000060882162906'></trkpt>
	<trkpt lat='37.92446009675086' lon='22.998068494077437'></trkpt>
	<trkpt lat='37.925840600248044' lon='22.996031900472875'></trkpt>
	<trkpt lat='37.926559437791155' lon='22.99504221638596'></trkpt>
	<trkpt lat='37.92692533023536' lon='22.994659529638753'></trkpt>
	<trkpt lat='37.92719230253469' lon='22.994457877380878'></trkpt>
	<trkpt lat='37.92736169597918' lon='22.994187499233114'></trkpt>
	<trkpt lat='37.92757037813226' lon='22.993564271866774'></trkpt>
	<trkpt lat='37.92789039935399' lon='22.993005980536914'></trkpt>
	<trkpt lat='37.928340524414935' lon='22.992626376523802'></trkpt>
	<trkpt lat='37.92859804069148' lon='22.99248177231866'></trkpt>
	<trkpt lat='37.92878466982119' lon='22.992232320210285'></trkpt>
	<trkpt lat='37.92902796873764' lon='22.991658524636335'></trkpt>
	<trkpt lat='37.92931323501657' lon='22.991162692219362'></trkpt>
	<trkpt lat='37.929669387730215' lon='22.99066685980239'></trkpt>
	<trkpt lat='37.93038169281573' lon='22.989675194968438'></trkpt>
	<trkpt lat='37.9318840765072' lon='22.987727204000713'></trkpt>
	<trkpt lat='37.93329703280969' lon='22.98574534677982'></trkpt>
	<trkpt lat='37.934747152557755' lon='22.983751709993015'></trkpt>
	<trkpt lat='37.936071365368775' lon='22.981885194746486'></trkpt>
	<trkpt lat='37.93654942104285' lon='22.98113898427256'></trkpt>
	<trkpt lat='37.937174478496686' lon='22.9806590420484'></trkpt>
	<trkpt lat='37.937605583087645' lon='22.979805664900034'></trkpt>
	<trkpt lat='37.942810405306446' lon='22.972434773574374'></trkpt>
	<trkpt lat='37.94804383825785' lon='22.96525268454529'></trkpt>
	<trkpt lat='37.953339627234485' lon='22.95819327728313'></trkpt>
	<trkpt lat='37.95773386517733' lon='22.950081984635933'></trkpt>
	<trkpt lat='38.02094229133242' lon='22.846019884322097'></trkpt>
	<trkpt lat='38.1199092354587' lon='22.675878474295658'></trkpt>
	<trkpt lat='38.38172944105402' lon='22.392658174134482'></trkpt>
	<trkpt lat='38.380527380522864' lon='22.40213331498146'></trkpt>
	<trkpt lat='38.36131288051905' lon='22.41784695069081'></trkpt>
	<trkpt lat='38.33142218579681' lon='22.403673959454395'></trkpt>
	<trkpt lat='38.30981385457903' lon='22.223563510542533'></trkpt>
	<trkpt lat='38.312543864735055' lon='22.18819164412956'></trkpt>
	<trkpt lat='38.33177450715509' lon='22.15106722434902'></trkpt>
	<trkpt lat='38.34830843489046' lon='22.114821931929555'></trkpt>
	<trkpt lat='38.357093989659134' lon='22.093798989563126'></trkpt>
	<trkpt lat='38.36451765616713' lon='22.086494891012087'></trkpt>
	<trkpt lat='38.36777066280359' lon='22.079554444229707'></trkpt>
	<trkpt lat='38.368247064544846' lon='22.082110587953693'></trkpt>
	<trkpt lat='38.37223260337226' lon='22.080835867490297'></trkpt>
	<trkpt lat='38.377946648074854' lon='22.069200682916097'></trkpt>
	<trkpt lat='38.3815134592281' lon='22.05235399130736'></trkpt>
	<trkpt lat='38.382263554235685' lon='22.02028925333969'></trkpt>
	<trkpt lat='38.37631579526503' lon='21.954259691280512'></trkpt>
	<trkpt lat='38.36763922617531' lon='21.899780947543086'></trkpt>
	<trkpt lat='38.363498944936' lon='21.873447090750552'></trkpt>
	<trkpt lat='38.3746591648662' lon='21.842973736468903'></trkpt>
	<trkpt lat='38.35381129478696' lon='21.804469136408088'></trkpt>
	<trkpt lat='38.32360117441398' lon='21.7641734549388'></trkpt>
	<trkpt lat='38.30165967845041' lon='21.589268893364093'></trkpt>
	<trkpt lat='38.283463304859' lon='21.486270727269677'></trkpt>
	<trkpt lat='38.31915812023688' lon='21.414320012374862'></trkpt>
	<trkpt lat='38.3390938759487' lon='21.418760023049977'></trkpt>
	<trkpt lat='38.34944319483266' lon='21.42068073270457'></trkpt>
	<trkpt lat='38.355321943497195' lon='21.42152885165146'></trkpt>
	<trkpt lat='38.35553177072034' lon='21.42132224356071'></trkpt>
	<trkpt lat='38.35174046821463' lon='21.420871484585835'></trkpt>
	<trkpt lat='38.34435967019979' lon='21.41954107326712'></trkpt>
	<trkpt lat='38.32939626717353' lon='21.416708693283695'></trkpt>
	<trkpt lat='38.3202717742123' lon='21.414573208707758'></trkpt>
	<trkpt lat='38.31373681887679' lon='21.397905686913187'></trkpt>
	<trkpt lat='38.2868979546922' lon='21.28653744690188'></trkpt>
	<trkpt lat='38.29179030141492' lon='21.209634651922773'></trkpt>
	<trkpt lat='38.29668264813763' lon='21.132731856943664'></trkpt>
	<trkpt lat='38.325221753079504' lon='21.109156118164197'></trkpt>
	<trkpt lat='38.33347884804858' lon='21.08599634836174'></trkpt>
	<trkpt lat='38.44876404241778' lon='21.051220639112998'></trkpt>
	<trkpt lat='38.49066269041051' lon='21.041024853117413'></trkpt>
	<trkpt lat='38.508967380635596' lon='21.011283314402508'></trkpt>
	<trkpt lat='38.58263384072707' lon='20.988008867499488'></trkpt>
	<trkpt lat='38.63282374242183' lon='20.977152278654167'></trkpt>
	<trkpt lat='38.65327765883791' lon='20.966303400379406'></trkpt>
	<trkpt lat='38.6641967808943' lon='20.94837477698684'></trkpt>
	<trkpt lat='38.65384339492289' lon='20.937569846158762'></trkpt>
	<trkpt lat='38.663928025778176' lon='20.92872864432635'></trkpt>
	<trkpt lat='38.652868373919375' lon='20.918483024069978'></trkpt>
	<trkpt lat='38.667076713017664' lon='20.908252270172774'></trkpt>
	<trkpt lat='38.67351289821053' lon='20.880995037043153'></trkpt>
	<trkpt lat='38.68309777064289' lon='20.833261429759958'></trkpt>
	<trkpt lat='38.70077770288046' lon='20.774783361759326'></trkpt>
	<trkpt lat='38.70493170788686' lon='20.742832432135035'></trkpt>
	<trkpt lat='38.70356964144193' lon='20.72821291513428'></trkpt>
	<trkpt lat='38.70507506938367' lon='20.720985561477953'></trkpt>
	<trkpt lat='38.70633879909566' lon='20.716876422523537'></trkpt>
	<trkpt lat='38.705239288231574' lon='20.713445340474593'></trkpt>
	<trkpt lat='38.70380952103659' lon='20.712477496443164'></trkpt>
	<trkpt lat='38.70378223172789' lon='20.71224694565346'></trkpt>
	<trkpt lat='38.70507496099533' lon='20.713068082432613'></trkpt>
	<trkpt lat='38.70755470346506' lon='20.715703834400983'></trkpt>
	<trkpt lat='38.71078747390875' lon='20.722826820827095'></trkpt>
	<trkpt lat='38.7193673728205' lon='20.732060243520664'></trkpt>
	<trkpt lat='38.73915319313979' lon='20.73767594690185'></trkpt>
	<trkpt lat='38.78325857839015' lon='20.726876824514484'></trkpt>
	<trkpt lat='38.80765756420094' lon='20.727992910160772'></trkpt>
	<trkpt lat='38.81455698057824' lon='20.724103003779316'></trkpt>
	<trkpt lat='38.82447218613149' lon='20.718502715583867'></trkpt>
	<trkpt lat='38.83449821926757' lon='20.71298275792718'></trkpt>
	<trkpt lat='38.83715713757927' lon='20.71342627488765'></trkpt>
	<trkpt lat='38.83966759244285' lon='20.71543270154806'></trkpt>
	<trkpt lat='38.84480727396436' lon='20.718073243912983'></trkpt>
	<trkpt lat='38.84618805689915' lon='20.719509500582813'></trkpt>
	<trkpt lat='38.846410931840325' lon='20.72123820408438'></trkpt>
	<trkpt lat='38.8474156002228' lon='20.723760664886825'></trkpt>
	<trkpt lat='38.89226937959258' lon='20.73252782764282'></trkpt>
	<trkpt lat='38.93501318262472' lon='20.73430345974793'></trkpt>
	<trkpt lat='38.94079750105372' lon='20.754225042306317'></trkpt>
	<trkpt lat='38.95359783646055' lon='20.75934201094801'></trkpt>
	<trkpt lat='38.962785180669584' lon='20.762578630438806'></trkpt>
	<trkpt lat='38.962133861758545' lon='20.762000656976333'></trkpt>
	<trkpt lat='38.95645803266666' lon='20.759394213154977'></trkpt>
	<trkpt lat='38.94042220674317' lon='20.755666882221053'></trkpt>
	<trkpt lat='38.936599232796155' lon='20.72956832818941'></trkpt>
	<trkpt lat='38.99958179011565' lon='20.613096532991378'></trkpt>
	<trkpt lat='39.080011398661625' lon='20.459969311844873'></trkpt>
	<trkpt lat='39.14092761908889' lon='20.341486935162052'></trkpt>
	<trkpt lat='39.17538454052779' lon='20.262771740723174'></trkpt>
	<trkpt lat='39.193585148954334' lon='20.225681468922506'></trkpt>
	<trkpt lat='39.206818869606096' lon='20.19631545730578'></trkpt>
	<trkpt lat='39.20592745637326' lon='20.193129877035574'></trkpt>
	<trkpt lat='39.20404331738798' lon='20.191526871356654'></trkpt>
	<trkpt lat='39.20242193869831' lon='20.18973546393962'></trkpt>
	<trkpt lat='39.20249910115723' lon='20.189639111874747'></trkpt>
	<trkpt lat='39.20297083999657' lon='20.191213960572657'></trkpt>
	<trkpt lat='39.202997553223554' lon='20.19224675876643'></trkpt>
	<trkpt lat='39.20387990692919' lon='20.192371673736304'></trkpt>
	<trkpt lat='39.21137051983703' lon='20.191431090362617'></trkpt>
	<trkpt lat='39.22150447465311' lon='20.189401764509377'></trkpt>
	<trkpt lat='39.24080683556765' lon='20.188730263608324'></trkpt>
	<trkpt lat='39.2804578996762' lon='20.187931657766974'></trkpt>
	<trkpt lat='39.372645340853595' lon='20.184319397407236'></trkpt>
	<trkpt lat='39.453955183753884' lon='20.187052876292448'></trkpt>
	<trkpt lat='39.49441081484994' lon='20.19265225314066'></trkpt>
	<trkpt lat='39.499651509333546' lon='20.214125341885435'></trkpt>
	<trkpt lat='39.50361674143075' lon='20.22486188625691'></trkpt>
	<trkpt lat='39.50354718865225' lon='20.22584696555381'></trkpt>
	<trkpt lat='39.49962100871576' lon='20.214726918555122'></trkpt>
	<trkpt lat='39.49711994573867' lon='20.191878615391534'></trkpt>
	<trkpt lat='39.460057192033574' lon='20.172523953388954'></trkpt>
	<trkpt lat='39.352596622511925' lon='20.133741100161114'></trkpt>
	<trkpt lat='39.27711897918698' lon='19.93112479675309'></trkpt>
	<trkpt lat='39.1537268333203' lon='19.64019461831215'></trkpt>
	<trkpt lat='38.850082133788376' lon='19.036059391241196'></trkpt>
	<trkpt lat='38.24727980795984' lon='17.80315408404249'></trkpt>
	<trkpt lat='37.5871545126146' lon='16.567572733806003'></trkpt>
	<trkpt lat='37.21783649515841' lon='15.78009220426064'></trkpt>
	<trkpt lat='37.08805682449472' lon='15.483664170356356'></trkpt>
	<trkpt lat='37.06080816533742' lon='15.374357917081657'></trkpt>
	<trkpt lat='37.051739727011274' lon='15.31822240022713'></trkpt>
	<trkpt lat='37.049620367591984' lon='15.298136545244468'></trkpt>
	<trkpt lat='37.047974629823' lon='15.296908997605016'></trkpt>
	<trkpt lat='37.04529939800897' lon='15.318726042072825'></trkpt>
	<trkpt lat='37.00838210570423' lon='15.353819403329112'></trkpt>
	<trkpt lat='36.883531617476386' lon='15.269282439085657'></trkpt>
	<trkpt lat='36.69197052579623' lon='15.161240182665097'></trkpt>
	<trkpt lat='36.647658329076805' lon='15.128913691831258'></trkpt>
	<trkpt lat='36.62989616107952' lon='15.096501310623722'></trkpt>
	<trkpt lat='36.63499838249514' lon='15.034295418225724'></trkpt>
	<trkpt lat='36.67001321801469' lon='14.738132102601526'></trkpt>
	<trkpt lat='36.7780167686429' lon='14.549466319411295'></trkpt>
	<trkpt lat='36.778188488680016' lon='14.548608801151204'></trkpt>
	<trkpt lat='36.778281186201895' lon='14.547326618360216'></trkpt>
	<trkpt lat='36.77873083272083' lon='14.546685526965234'></trkpt>
	<trkpt lat='36.77988528248123' lon='14.547457363554827'></trkpt>
	<trkpt lat='36.7801752721676' lon='14.547010267112142'></trkpt>
	<trkpt lat='36.78020659185664' lon='14.546227354462971'></trkpt>
	<trkpt lat='36.780162070496644' lon='14.545577087730571'></trkpt>
	<trkpt lat='36.780434029056124' lon='14.54485121566918'></trkpt>
	<trkpt lat='36.781002780085494' lon='14.544548557998935'></trkpt>
	<trkpt lat='36.781172306140874' lon='14.545048010655329'></trkpt>
	<trkpt lat='36.781217147003105' lon='14.545222969753535'></trkpt>
	<trkpt lat='36.7811117' lon='14.5453717'></trkpt>
	<trkpt lat='36.7808203' lon='14.5446897'></trkpt>
	<trkpt lat='36.7801783' lon='14.5452522'></trkpt>
	<trkpt lat='36.7797647' lon='14.5467953'></trkpt>
	<trkpt lat='36.7788127' lon='14.5465952'></trkpt>
	<trkpt lat='36.7781695' lon='14.5475618'></trkpt>
	<trkpt lat='36.778148' lon='14.5489308'></trkpt>
	<trkpt lat='36.777499' lon='14.5500002'></trkpt>
	<trkpt lat='36.773104' lon='14.551902'></trkpt>
	<trkpt lat='36.7705162' lon='14.551937'></trkpt>
	<trkpt lat='36.7683438' lon='14.5524107'></trkpt>
	<trkpt lat='36.7662692' lon='14.5534203'></trkpt>
	<trkpt lat='36.76453' lon='14.5533292'></trkpt>
	<trkpt lat='36.7610298' lon='14.554297'></trkpt>
	<trkpt lat='36.7558155' lon='14.553808'></trkpt>
	<trkpt lat='36.7530147' lon='14.5539822'></trkpt>
	<trkpt lat='36.7425348' lon='14.5559242'></trkpt>
	<trkpt lat='36.741257' lon='14.5564477'></trkpt>
	<trkpt lat='36.7376038' lon='14.5563487'></trkpt>
	<trkpt lat='36.7380785' lon='14.5582042'></trkpt>
	<trkpt lat='36.7278895' lon='14.5600037'></trkpt>
	<trkpt lat='36.7238433' lon='14.5604332'></trkpt>
	<trkpt lat='36.7069592' lon='14.5593073'></trkpt>
	<trkpt lat='36.7008785' lon='14.5593667'></trkpt>
	<trkpt lat='36.6946352' lon='14.5588435'></trkpt>
	<trkpt lat='36.6809253' lon='14.5583582'></trkpt>
	<trkpt lat='36.675075' lon='14.5570945'></trkpt>
	<trkpt lat='36.6662647' lon='14.5564667'></trkpt>
	<trkpt lat='36.662284' lon='14.5553772'></trkpt>
	<trkpt lat='36.6555113' lon='14.5541947'></trkpt>
	<trkpt lat='36.6512298' lon='14.554752'></trkpt>
	<trkpt lat='36.6455167' lon='14.5549032'></trkpt>
	<trkpt lat='36.644383' lon='14.555449'></trkpt>
	<trkpt lat='36.6449765' lon='14.5569627'></trkpt>
	<trkpt lat='36.6439245' lon='14.5571592'></trkpt>
	<trkpt lat='36.6373137' lon='14.5566597'></trkpt>
	<trkpt lat='36.6219555' lon='14.5570363'></trkpt>
	<trkpt lat='36.6071542' lon='14.5558042'></trkpt>
	<trkpt lat='36.6024467' lon='14.55592'></trkpt>
	<trkpt lat='36.596175' lon='14.5548517'></trkpt>
	<trkpt lat='36.5915' lon='14.5536367'></trkpt>
	<trkpt lat='36.5904883' lon='14.554575'></trkpt>
	<trkpt lat='36.5880983' lon='14.5542783'></trkpt>
	<trkpt lat='36.5804767' lon='14.5523633'></trkpt>
	<trkpt lat='36.570945' lon='14.5493683'></trkpt>
	<trkpt lat='36.5637433' lon='14.54942'></trkpt>
	<trkpt lat='36.5603883' lon='14.5487883'></trkpt>
	<trkpt lat='36.5583783' lon='14.549015'></trkpt>
	<trkpt lat='36.556115' lon='14.54876'></trkpt>
	<trkpt lat='36.5541183' lon='14.5491167'></trkpt>
	<trkpt lat='36.5465067' lon='14.5493917'></trkpt>
	<trkpt lat='36.5429367' lon='14.5491017'></trkpt>
	<trkpt lat='36.5387733' lon='14.549345'></trkpt>
	<trkpt lat='36.5353133' lon='14.5492833'></trkpt>
	<trkpt lat='36.5284817' lon='14.5482783'></trkpt>
	<trkpt lat='36.5203583' lon='14.5481933'></trkpt>
	<trkpt lat='36.519365' lon='14.5486117'></trkpt>
	<trkpt lat='36.5158778' lon='14.5488605'></trkpt>
	<trkpt lat='36.5086668' lon='14.5485462'></trkpt>
	<trkpt lat='36.496518' lon='14.5493282'></trkpt>
	<trkpt lat='36.4813052' lon='14.5489627'></trkpt>
	<trkpt lat='36.4745702' lon='14.5483968'></trkpt>
	<trkpt lat='36.4651785' lon='14.548897'></trkpt>
	<trkpt lat='36.4626703' lon='14.5483995'></trkpt>
	<trkpt lat='36.4584535' lon='14.5482953'></trkpt>
	<trkpt lat='36.455637' lon='14.5485743'></trkpt>
	<trkpt lat='36.4502148' lon='14.5484707'></trkpt>
	<trkpt lat='36.4422117' lon='14.5495933'></trkpt>
	<trkpt lat='36.4325475' lon='14.5503157'></trkpt>
	<trkpt lat='36.429062' lon='14.5495002'></trkpt>
	<trkpt lat='36.4247653' lon='14.5496932'></trkpt>
	<trkpt lat='36.420606' lon='14.5493528'></trkpt>
	<trkpt lat='36.4148977' lon='14.5496738'></trkpt>
	<trkpt lat='36.400466' lon='14.5487283'></trkpt>
	<trkpt lat='36.3802532' lon='14.5483532'></trkpt>
	<trkpt lat='36.359769' lon='14.5491708'></trkpt>
	<trkpt lat='36.3512343' lon='14.5486705'></trkpt>
	<trkpt lat='36.3442593' lon='14.5477833'></trkpt>
	<trkpt lat='36.3270925' lon='14.5449457'></trkpt>
	<trkpt lat='36.3125785' lon='14.5401728'></trkpt>
	<trkpt lat='36.299317' lon='14.5386202'></trkpt>
	<trkpt lat='36.2893983' lon='14.5357633'></trkpt>
	<trkpt lat='36.2848998' lon='14.5349072'></trkpt>
	<trkpt lat='36.2772867' lon='14.5314975'></trkpt>
	<trkpt lat='36.2666697' lon='14.5306518'></trkpt>
	<trkpt lat='36.2635077' lon='14.5299647'></trkpt>
	<trkpt lat='36.2573882' lon='14.5295535'></trkpt>
	<trkpt lat='36.2529175' lon='14.5297992'></trkpt>
	<trkpt lat='36.2487952' lon='14.5290322'></trkpt>
	<trkpt lat='36.2385835' lon='14.5280488'></trkpt>
	<trkpt lat='36.2321122' lon='14.5281'></trkpt>
	<trkpt lat='36.224995' lon='14.5266068'></trkpt>
	<trkpt lat='36.2160792' lon='14.5260217'></trkpt>
	<trkpt lat='36.2131147' lon='14.5253373'></trkpt>
	<trkpt lat='36.2101578' lon='14.5253872'></trkpt>
	<trkpt lat='36.2072183' lon='14.5248895'></trkpt>
	<trkpt lat='36.2057563' lon='14.5250885'></trkpt>
	<trkpt lat='36.194031' lon='14.5235078'></trkpt>
	<trkpt lat='36.1884607' lon='14.5230598'></trkpt>
	<trkpt lat='36.1814805' lon='14.5230977'></trkpt>
	<trkpt lat='36.1756442' lon='14.522423'></trkpt>
	<trkpt lat='36.1683445' lon='14.522126'></trkpt>
	<trkpt lat='36.1565357' lon='14.5204088'></trkpt>
	<trkpt lat='36.1326025' lon='14.5197822'></trkpt>
	<trkpt lat='36.1285678' lon='14.5193327'></trkpt>
	<trkpt lat='36.1074933' lon='14.5197133'></trkpt>
	<trkpt lat='36.1017898' lon='14.5188035'></trkpt>
	<trkpt lat='36.0910117' lon='14.517847'></trkpt>
	<trkpt lat='36.0878715' lon='14.5181578'></trkpt>
	<trkpt lat='36.0634922' lon='14.5186568'></trkpt>
	<trkpt lat='36.0473073' lon='14.519343'></trkpt>
	<trkpt lat='36.0427723' lon='14.519179'></trkpt>
	<trkpt lat='36.03874' lon='14.5197768'></trkpt>
	<trkpt lat='36.0342433' lon='14.519338'></trkpt>
	<trkpt lat='36.0321895' lon='14.5195898'></trkpt>
	<trkpt lat='36.0239028' lon='14.5190323'></trkpt>
	<trkpt lat='36.0212212' lon='14.5193848'></trkpt>
	<trkpt lat='36.0197992' lon='14.5191147'></trkpt>
	<trkpt lat='36.0144247' lon='14.519409'></trkpt>
	<trkpt lat='36.0118818' lon='14.5190928'></trkpt>
	<trkpt lat='36.006656' lon='14.519367'></trkpt>
	<trkpt lat='36.0014415' lon='14.5190087'></trkpt>
	<trkpt lat='35.9920095' lon='14.5174932'></trkpt>
	<trkpt lat='35.9905647' lon='14.5170037'></trkpt>
	<trkpt lat='35.9866317' lon='14.5169155'></trkpt>
	<trkpt lat='35.9749987' lon='14.5142287'></trkpt>
	<trkpt lat='35.9673903' lon='14.5185758'></trkpt>
	<trkpt lat='35.9472983' lon='14.531795'></trkpt>
	<trkpt lat='35.9298685' lon='14.5403362'></trkpt>
	<trkpt lat='35.9215227' lon='14.5460487'></trkpt>
	<trkpt lat='35.9174648' lon='14.5494445'></trkpt>
	<trkpt lat='35.9014893' lon='14.560662'></trkpt>
	<trkpt lat='35.8966668' lon='14.5630087'></trkpt>
	<trkpt lat='35.8880462' lon='14.5665207'></trkpt>
	<trkpt lat='35.8829228' lon='14.5678998'></trkpt>
	<trkpt lat='35.8741528' lon='14.5748175'></trkpt>
	<trkpt lat='35.8676582' lon='14.5785187'></trkpt>
	<trkpt lat='35.8633467' lon='14.5798417'></trkpt>
	<trkpt lat='35.8593247' lon='14.5780635'></trkpt>
	<trkpt lat='35.8555748' lon='14.5738177'></trkpt>
	<trkpt lat='35.8534183' lon='14.5704625'></trkpt>
	<trkpt lat='35.8530755' lon='14.568621'></trkpt>
	<trkpt lat='35.8527467' lon='14.56853'></trkpt>
	<trkpt lat='35.853035' lon='14.5691233'></trkpt>
	<trkpt lat='35.8537208' lon='14.5731583'></trkpt>
	<trkpt lat='35.8546528' lon='14.5751828'></trkpt>
	<trkpt lat='35.8542605' lon='14.5738985'></trkpt>
	<trkpt lat='35.8562618' lon='14.5766112'></trkpt>
	<trkpt lat='35.858984' lon='14.579139'></trkpt>
	<trkpt lat='35.8622468' lon='14.5805608'></trkpt>
	<trkpt lat='35.864593' lon='14.5806285'></trkpt>
	<trkpt lat='35.8680368' lon='14.580152'></trkpt>
	<trkpt lat='35.8714617' lon='14.579205'></trkpt>
	<trkpt lat='35.8761855' lon='14.5754177'></trkpt>
	<trkpt lat='35.8787825' lon='14.5725132'></trkpt>
	<trkpt lat='35.8839638' lon='14.5654007'></trkpt>
	<trkpt lat='35.889332' lon='14.559147'></trkpt>
	<trkpt lat='35.8923717' lon='14.5539255'></trkpt>
	<trkpt lat='35.8968552' lon='14.544743'></trkpt>
	<trkpt lat='35.8992752' lon='14.540585'></trkpt>
	<trkpt lat='35.9002297' lon='14.5399525'></trkpt>
	<trkpt lat='35.9032057' lon='14.5361967'></trkpt>
	<trkpt lat='35.9051467' lon='14.5347397'></trkpt>
	<trkpt lat='35.90998' lon='14.5321562'></trkpt>
	<trkpt lat='35.9148678' lon='14.530529'></trkpt>
	<trkpt lat='35.9153698' lon='14.5305978'></trkpt>
	<trkpt lat='35.9165888' lon='14.5295797'></trkpt>
	<trkpt lat='35.9194723' lon='14.5249085'></trkpt>
	<trkpt lat='35.9214718' lon='14.5225575'></trkpt>
	<trkpt lat='35.9247615' lon='14.5176142'></trkpt>
	<trkpt lat='35.9323138' lon='14.5075463'></trkpt>
	<trkpt lat='35.9364458' lon='14.5026728'></trkpt>
	<trkpt lat='35.96085933333333' lon='14.464965833333334'></trkpt>
	<trkpt lat='35.964997333333336' lon='14.4554795'></trkpt>
	<trkpt lat='35.9680707' lon='14.4500742'></trkpt>
	<trkpt lat='35.968263' lon='14.44868'></trkpt>
	<trkpt lat='35.9673487' lon='14.4421233'></trkpt>
	<trkpt lat='35.9649445' lon='14.4305517'></trkpt>
	<trkpt lat='35.9612577' lon='14.4188332'></trkpt>
	<trkpt lat='35.9533002' lon='14.4007677'></trkpt>
	<trkpt lat='35.950825' lon='14.3933098'></trkpt>
	<trkpt lat='35.9510822' lon='14.3938307'></trkpt>
	<trkpt lat='35.9502275' lon='14.394975'></trkpt>
	<trkpt lat='35.9497804' lon='14.3950627'></trkpt>
	<trkpt lat='35.950305' lon='14.3954217'></trkpt>
	<trkpt lat='35.951385' lon='14.3966933'></trkpt>
	<trkpt lat='35.951505' lon='14.3960933'></trkpt>
	<trkpt lat='35.95195' lon='14.396735'></trkpt>
	<trkpt lat='35.9530033' lon='14.4002033'></trkpt>
	<trkpt lat='35.953815' lon='14.4063'></trkpt>
	<trkpt lat='35.9554833' lon='14.4082533'></trkpt>
	<trkpt lat='35.9568017' lon='14.4109434'></trkpt>
	<trkpt lat='35.97466' lon='14.4031017'></trkpt>
	<trkpt lat='35.9799717' lon='14.3965333'></trkpt>
	<trkpt lat='35.9823883' lon='14.393995'></trkpt>
	<trkpt lat='35.9855517' lon='14.3896483'></trkpt>
	<trkpt lat='35.9872183' lon='14.38847'></trkpt>
	<trkpt lat='35.9931467' lon='14.3816917'></trkpt>
	<trkpt lat='35.9988433' lon='14.374045'></trkpt>
	<trkpt lat='36.003045' lon='14.3644467'></trkpt>
	<trkpt lat='36.006225' lon='14.3596367'></trkpt>
	<trkpt lat='36.0079833' lon='14.3580667'></trkpt>
	<trkpt lat='36.0124667' lon='14.3554317'></trkpt>
	<trkpt lat='36.0167733' lon='14.35159'></trkpt>
	<trkpt lat='36.0192467' lon='14.3486383'></trkpt>
	<trkpt lat='36.0216783' lon='14.3445'></trkpt>
	<trkpt lat='36.026485' lon='14.3301867'></trkpt>
	<trkpt lat='36.0212083' lon='14.330055'></trkpt>
	<trkpt lat='36.02255' lon='14.3262633'></trkpt>
	<trkpt lat='36.0250383' lon='14.312565'></trkpt>
	<trkpt lat='36.0248117' lon='14.3083217'></trkpt>
	<trkpt lat='36.0256467' lon='14.3007083'></trkpt>
	<trkpt lat='36.02536' lon='14.2989117'></trkpt>
	<trkpt lat='36.0245033' lon='14.297965'></trkpt>
	<trkpt lat='36.0253867' lon='14.29905'></trkpt>
	<trkpt lat='36.0255883' lon='14.3018983'></trkpt>
	<trkpt lat='36.0229667' lon='14.308998299999999'></trkpt>
	<trkpt lat='36.0175483' lon='14.31971'></trkpt>
	<trkpt lat='36.0153867' lon='14.3224133'></trkpt>
	<trkpt lat='36.0148367' lon='14.3222517'></trkpt>
	<trkpt lat='36.0142167' lon='14.3225'></trkpt>
	<trkpt lat='36.01417' lon='14.323409999999999'></trkpt>
	<trkpt lat='36.0219867' lon='14.3417617'></trkpt>
	<trkpt lat='36.0214133' lon='14.3466633'></trkpt>
	<trkpt lat='36.011645' lon='14.3636283'></trkpt>
	<trkpt lat='36.0099467' lon='14.366985'></trkpt>
	<trkpt lat='36.0099298' lon='14.3678678'></trkpt>
	<trkpt lat='36.0093208' lon='14.3693318'></trkpt>
	<trkpt lat='35.949292' lon='14.4722532'></trkpt>
	<trkpt lat='35.9438602' lon='14.4803207'></trkpt>
	<trkpt lat='35.9427202' lon='14.4825515'></trkpt>
	<trkpt lat='35.9416017' lon='14.4862275'></trkpt>
	<trkpt lat='35.9318683' lon='14.49734'></trkpt>
	<trkpt lat='35.9122225' lon='14.5147875'></trkpt>
	<trkpt lat='35.9094052' lon='14.5162157'></trkpt>
	<trkpt lat='35.907947' lon='14.5165282'></trkpt>
	<trkpt lat='35.9066' lon='14.5163083'></trkpt>
	<trkpt lat='35.9055267' lon='14.5152717'></trkpt>
	<trkpt lat='35.9012183' lon='14.5064117'></trkpt>
	<trkpt lat='35.9000367' lon='14.5016348'></trkpt>
	<trkpt lat='35.8991837' lon='14.5016138'></trkpt>
	<trkpt lat='35.8998077' lon='14.501253'></trkpt>
	<trkpt lat='35.9002997' lon='14.5015698'></trkpt>
	<trkpt lat='35.8998695' lon='14.5017616'></trkpt>
	<trkpt lat='35.9002355' lon='14.5020922'></trkpt>
	<trkpt lat='35.899245' lon='14.5014767'></trkpt>
	<trkpt lat='35.903925' lon='14.5142517'></trkpt>
	<trkpt lat='35.9052808' lon='14.5174068'></trkpt>
	<trkpt lat='35.90762' lon='14.5209738'></trkpt>
	<trkpt lat='35.9115268' lon='14.5246382'></trkpt>
	<trkpt lat='35.9150983' lon='14.5271583'></trkpt>
	<trkpt lat='35.9409373' lon='14.5480322'></trkpt>
	<trkpt lat='35.9413958' lon='14.5484897'></trkpt>
	<trkpt lat='35.9412465' lon='14.5491377'></trkpt>
	<trkpt lat='35.9308488' lon='14.5535523'></trkpt>
	<trkpt lat='35.930553' lon='14.5543068'></trkpt>
	<trkpt lat='35.9298683' lon='14.5546163'></trkpt>
	<trkpt lat='35.9289168' lon='14.5546192'></trkpt>
	<trkpt lat='35.9272218' lon='14.5553965'></trkpt>
	<trkpt lat='35.90471766666667' lon='14.56774066666667'></trkpt>
	<trkpt lat='35.8989717' lon='14.57135'></trkpt>
	<trkpt lat='35.899505' lon='14.5714497'></trkpt>
	<trkpt lat='35.8854573' lon='14.5744865'></trkpt>
	<trkpt lat='35.8795633' lon='14.576995'></trkpt>
	<trkpt lat='35.8783533' lon='14.5772467'></trkpt>
	<trkpt lat='35.8760028' lon='14.5768207'></trkpt>
	<trkpt lat='35.8735833' lon='14.5770603'></trkpt>
	<trkpt lat='35.861219' lon='14.5806587'></trkpt>
	<trkpt lat='35.8610372' lon='14.5800828'></trkpt>
	<trkpt lat='35.8633027' lon='14.5766537'></trkpt>
	<trkpt lat='35.8652015' lon='14.5727185'></trkpt>
	<trkpt lat='35.8655548' lon='14.570947'></trkpt>
	<trkpt lat='35.8654003' lon='14.5704077'></trkpt>
	<trkpt lat='35.8653073' lon='14.5720145'></trkpt>
	<trkpt lat='35.8657667' lon='14.5793262'></trkpt>
	<trkpt lat='35.8663938' lon='14.5793772'></trkpt>
	<trkpt lat='35.8671508' lon='14.5787208'></trkpt>
	<trkpt lat='35.8740945' lon='14.575924'></trkpt>
	<trkpt lat='35.8755793' lon='14.5749465'></trkpt>
	<trkpt lat='35.8790425' lon='14.5708913'></trkpt>
	<trkpt lat='35.8850697' lon='14.5623723'></trkpt>
	<trkpt lat='35.8960088' lon='14.5459837'></trkpt>
	<trkpt lat='35.8974933' lon='14.5421467'></trkpt>
	<trkpt lat='35.8994287' lon='14.5333105'></trkpt>
	<trkpt lat='35.9002967' lon='14.5242133'></trkpt>
	<trkpt lat='35.8997288' lon='14.5227953'></trkpt>
	<trkpt lat='35.8989107' lon='14.5225397'></trkpt>
	<trkpt lat='35.8966042' lon='14.5236787'></trkpt>
	<trkpt lat='35.8950175' lon='14.5251493'></trkpt>
	<trkpt lat='35.8943757' lon='14.5266318'></trkpt>
	<trkpt lat='35.894507' lon='14.5256833'></trkpt>
	<trkpt lat='35.8949834' lon='14.5257183'></trkpt>
	<trkpt lat='35.8949792' lon='14.5251485'></trkpt>
	<trkpt lat='35.8951267' lon='14.5245883'></trkpt>
	<trkpt lat='35.8970297' lon='14.5241795'></trkpt>
	<trkpt lat='35.897413' lon='14.5236763'></trkpt>
	<trkpt lat='35.8964117' lon='14.52424'></trkpt>
	<trkpt lat='35.8944083' lon='14.5264433'></trkpt>
	<trkpt lat='35.8952417' lon='14.5242758'></trkpt>
	<trkpt lat='35.8984448' lon='14.5220535'></trkpt>
	<trkpt lat='35.8992683' lon='14.5221468'></trkpt>
	<trkpt lat='35.899895' lon='14.5228133'></trkpt>
	<trkpt lat='35.90142' lon='14.5257'></trkpt>
	<trkpt lat='35.902091' lon='14.5265935'></trkpt>
	<trkpt lat='35.9029378' lon='14.5269638'></trkpt>
	<trkpt lat='35.9038778' lon='14.5271468'></trkpt>
	<trkpt lat='35.9046817' lon='14.5262883'></trkpt>
	<trkpt lat='35.9050333' lon='14.5247967'></trkpt>
	<trkpt lat='35.90519' lon='14.5204983'></trkpt>
	<trkpt lat='35.904815' lon='14.5160667'></trkpt>
	<trkpt lat='35.8998383' lon='14.50428'></trkpt>
	<trkpt lat='35.8991682' lon='14.5015512'></trkpt>
	<trkpt lat='35.9018983' lon='14.5098567'></trkpt>
	<trkpt lat='35.9053468' lon='14.5178573'></trkpt>
	<trkpt lat='35.9061603' lon='14.5189945'></trkpt>
	<trkpt lat='35.9107' lon='14.5226433'></trkpt>
	<trkpt lat='35.9121687' lon='14.5276967'></trkpt>
	<trkpt lat='35.9132843' lon='14.5289378'></trkpt>
	<trkpt lat='35.9321815' lon='14.5438597'></trkpt>
	<trkpt lat='36.0908283' lon='14.6717352'></trkpt>
	<trkpt lat='36.103597' lon='14.6819455'></trkpt>
	<trkpt lat='36.1078255' lon='14.6846852'></trkpt>
	<trkpt lat='36.111559' lon='14.6882642'></trkpt>
	<trkpt lat='36.1193367' lon='14.6937133'></trkpt>
	<trkpt lat='36.2501793' lon='14.7998457'></trkpt>
	<trkpt lat='36.2619343' lon='14.8089968'></trkpt>
	<trkpt lat='36.266098' lon='14.8125975'></trkpt>
	<trkpt lat='36.2675708' lon='14.8134995'></trkpt>
	<trkpt lat='36.2754872' lon='14.8203277'></trkpt>
	<trkpt lat='36.282043' lon='14.8253795'></trkpt>
	<trkpt lat='36.3131365' lon='14.8509967'></trkpt>
	<trkpt lat='36.3248355' lon='14.8604023'></trkpt>
	<trkpt lat='36.3275385' lon='14.8621785'></trkpt>
	<trkpt lat='36.328654' lon='14.8634333'></trkpt>
	<trkpt lat='36.3387365' lon='14.8717268'></trkpt>
	<trkpt lat='36.3464282' lon='14.8777578'></trkpt>
	<trkpt lat='36.347847' lon='14.87804'></trkpt>
	<trkpt lat='36.3487398' lon='14.8796023'></trkpt>
	<trkpt lat='36.351139' lon='14.8817763'></trkpt>
	<trkpt lat='36.3563067' lon='14.8856232'></trkpt>
	<trkpt lat='36.3577002' lon='14.8857532'></trkpt>
	<trkpt lat='36.3589867' lon='14.8866778'></trkpt>
	<trkpt lat='36.360017' lon='14.8875908'></trkpt>
	<trkpt lat='36.3620467' lon='14.8931062'></trkpt>
	<trkpt lat='36.364737' lon='14.8953725'></trkpt>
	<trkpt lat='36.4405223' lon='14.9565092'></trkpt>
	<trkpt lat='36.4468522' lon='14.9617742'></trkpt>
	<trkpt lat='36.4489652' lon='14.9641415'></trkpt>
	<trkpt lat='36.455135' lon='14.968515'></trkpt>
	<trkpt lat='36.480945' lon='14.9894183'></trkpt>
	<trkpt lat='36.4859685' lon='14.9941783'></trkpt>
	<trkpt lat='36.4899402' lon='14.9999873'></trkpt>
	<trkpt lat='36.4986353' lon='15.0061263'></trkpt>
	<trkpt lat='36.5490817' lon='15.0465597'></trkpt>
	<trkpt lat='36.5587367' lon='15.0528567'></trkpt>
	<trkpt lat='36.5734403' lon='15.0661325'></trkpt>
	<trkpt lat='36.5765202' lon='15.0682312'></trkpt>
	<trkpt lat='36.5781867' lon='15.06896'></trkpt>
	<trkpt lat='36.59662' lon='15.0844117'></trkpt>
	<trkpt lat='36.6012642' lon='15.0872658'></trkpt>
	<trkpt lat='36.61878' lon='15.1020683'></trkpt>
	<trkpt lat='36.6199217' lon='15.10357'></trkpt>
	<trkpt lat='36.6255902' lon='15.1087157'></trkpt>
	<trkpt lat='36.6294883' lon='15.1128772'></trkpt>
	<trkpt lat='36.6385172' lon='15.1201245'></trkpt>
	<trkpt lat='36.6411672' lon='15.1228112'></trkpt>
	<trkpt lat='36.6581405' lon='15.1380122'></trkpt>
	<trkpt lat='36.6704593' lon='15.1475157'></trkpt>
	<trkpt lat='36.6790133' lon='15.1548333'></trkpt>
	<trkpt lat='36.6842983' lon='15.157301'></trkpt>
	<trkpt lat='36.6878913' lon='15.1582112'></trkpt>
	<trkpt lat='36.689553' lon='15.1582227'></trkpt>
	<trkpt lat='36.6924515' lon='15.1566243'></trkpt>
	<trkpt lat='36.6941992' lon='15.1565145'></trkpt>
	<trkpt lat='36.6976325' lon='15.157376'></trkpt>
	<trkpt lat='36.7013767' lon='15.1621885'></trkpt>
	<trkpt lat='36.7043283' lon='15.1643217'></trkpt>
	<trkpt lat='36.7095985' lon='15.1668845'></trkpt>
	<trkpt lat='36.7356717' lon='15.1856853'></trkpt>
	<trkpt lat='36.7850733' lon='15.214872'></trkpt>
	<trkpt lat='36.8096895' lon='15.2297702'></trkpt>
	<trkpt lat='36.8148192' lon='15.2325708'></trkpt>
	<trkpt lat='36.8341278' lon='15.244247'></trkpt>
	<trkpt lat='36.8359202' lon='15.2460357'></trkpt>
	<trkpt lat='36.9068625' lon='15.28814'></trkpt>
	<trkpt lat='36.9221983' lon='15.297095'></trkpt>
	<trkpt lat='36.9280983' lon='15.29884'></trkpt>
	<trkpt lat='36.9818967' lon='15.3321333'></trkpt>
	<trkpt lat='36.9927792' lon='15.3409255'></trkpt>
	<trkpt lat='37.001055666666666' lon='15.34454'></trkpt>
	<trkpt lat='37.0050385' lon='15.344576'></trkpt>
	<trkpt lat='37.0069545' lon='15.343973'></trkpt>
	<trkpt lat='37.0292237' lon='15.3278083'></trkpt>
	<trkpt lat='37.038721' lon='15.3196067'></trkpt>
	<trkpt lat='37.0548267' lon='15.28629'></trkpt>
	<trkpt lat='37.055275' lon='15.285985'></trkpt>
	<trkpt lat='37.0562857' lon='15.2829558'></trkpt>
	<trkpt lat='37.0576515' lon='15.2812943'></trkpt>
	<trkpt lat='37.059178' lon='15.280505'></trkpt>
	<trkpt lat='37.0597117' lon='15.280585'></trkpt>
	<trkpt lat='37.0594283' lon='15.2812683'></trkpt>
	<trkpt lat='37.0581667' lon='15.282475'></trkpt>
	<trkpt lat='37.05237' lon='15.2918167'></trkpt>
	<trkpt lat='37.050734' lon='15.2946838'></trkpt>
	<trkpt lat='37.0498807' lon='15.2970073'></trkpt>
	<trkpt lat='37.0503515' lon='15.3074278'></trkpt>
	<trkpt lat='37.0476328' lon='15.3869463'></trkpt>
	<trkpt lat='37.0462482' lon='15.405181'></trkpt>
	<trkpt lat='37.0449025' lon='15.4477587'></trkpt>
	<trkpt lat='37.0444933' lon='15.449175'></trkpt>
	<trkpt lat='37.0447693' lon='15.4513545'></trkpt>
	<trkpt lat='37.0435173' lon='15.4550647'></trkpt>
	<trkpt lat='37.0415582' lon='15.5187287'></trkpt>
	<trkpt lat='37.0392063' lon='15.537141'></trkpt>
	<trkpt lat='37.0382878' lon='15.5679112'></trkpt>
	<trkpt lat='37.0381407' lon='15.5699932'></trkpt>
	<trkpt lat='37.0375623' lon='15.5718568'></trkpt>
	<trkpt lat='37.03778' lon='15.578064333333334'></trkpt>
	<trkpt lat='37.03685216666667' lon='15.584284166666665'></trkpt>
	<trkpt lat='37.0360605' lon='15.586201166666665'></trkpt>
	<trkpt lat='37.035861' lon='15.58805133333333'></trkpt>
	<trkpt lat='37.036230333333336' lon='15.589779833333335'></trkpt>
	<trkpt lat='37.03594916666667' lon='15.593892'></trkpt>
	<trkpt lat='37.0363377' lon='15.5977182'></trkpt>
	<trkpt lat='37.0353008' lon='15.6073683'></trkpt>
	<trkpt lat='37.0353483' lon='15.6093467'></trkpt>
	<trkpt lat='37.0347792' lon='15.6127948'></trkpt>
	<trkpt lat='37.035654' lon='15.624778'></trkpt>
	<trkpt lat='37.0349643' lon='15.640733'></trkpt>
	<trkpt lat='37.0352332' lon='15.6425483'></trkpt>
	<trkpt lat='37.035004' lon='15.6445078'></trkpt>
	<trkpt lat='37.0355647' lon='15.6483527'></trkpt>
	<trkpt lat='37.035385' lon='15.6575028'></trkpt>
	<trkpt lat='37.0350108' lon='15.6591197'></trkpt>
	<trkpt lat='37.0355793' lon='15.6630615'></trkpt>
	<trkpt lat='37.0383043' lon='15.6988668'></trkpt>
	<trkpt lat='37.0383503' lon='15.70079'></trkpt>
	<trkpt lat='37.0377457' lon='15.7021773'></trkpt>
	<trkpt lat='37.0384643' lon='15.7078623'></trkpt>
	<trkpt lat='37.03831' lon='15.7154883'></trkpt>
	<trkpt lat='37.0393215' lon='15.7232358'></trkpt>
	<trkpt lat='37.0393597' lon='15.7370647'></trkpt>
	<trkpt lat='37.038893' lon='15.7388427'></trkpt>
	<trkpt lat='37.0388878' lon='15.7408003'></trkpt>
	<trkpt lat='37.0393618' lon='15.7465353'></trkpt>
	<trkpt lat='37.0395832' lon='15.7633222'></trkpt>
	<trkpt lat='37.0410945' lon='15.7785718'></trkpt>
	<trkpt lat='37.0411138' lon='15.782202'></trkpt>
	<trkpt lat='37.0404895' lon='15.7855598'></trkpt>
	<trkpt lat='37.0395945' lon='15.7968752'></trkpt>
	<trkpt lat='37.0327267' lon='15.9357073'></trkpt>
	<trkpt lat='37.0321313' lon='15.9529325'></trkpt>
	<trkpt lat='37.0327108' lon='15.9580855'></trkpt>
	<trkpt lat='37.0327635' lon='15.965871'></trkpt>
	<trkpt lat='37.0320623' lon='15.9759095'></trkpt>
	<trkpt lat='37.031759' lon='15.9861675'></trkpt>
	<trkpt lat='37.0307308' lon='15.9939245'></trkpt>
	<trkpt lat='37.0290882' lon='16.0307615'></trkpt>
	<trkpt lat='37.0280128' lon='16.038954'></trkpt>
	<trkpt lat='37.027605' lon='16.0454832'></trkpt>
	<trkpt lat='37.0278163' lon='16.0562817'></trkpt>
	<trkpt lat='37.0274592' lon='16.0627742'></trkpt>
	<trkpt lat='37.0276113' lon='16.0671443'></trkpt>
	<trkpt lat='37.02725' lon='16.0692857'></trkpt>
	<trkpt lat='37.0273727' lon='16.0825857'></trkpt>
	<trkpt lat='37.0266687' lon='16.0981623'></trkpt>
	<trkpt lat='37.0257902' lon='16.1069077'></trkpt>
	<trkpt lat='37.0258287' lon='16.1265702'></trkpt>
	<trkpt lat='37.0246298' lon='16.1351667'></trkpt>
	<trkpt lat='37.0241528' lon='16.1415567'></trkpt>
	<trkpt lat='37.0236163' lon='16.143408'></trkpt>
	<trkpt lat='37.0224567' lon='16.1565938'></trkpt>
	<trkpt lat='37.0224898' lon='16.1678273'></trkpt>
	<trkpt lat='37.0221608' lon='16.169823'></trkpt>
	<trkpt lat='37.0218292' lon='16.1805525'></trkpt>
	<trkpt lat='37.0200717' lon='16.1977767'></trkpt>
	<trkpt lat='37.0196263' lon='16.1997877'></trkpt>
	<trkpt lat='37.0193927' lon='16.204193'></trkpt>
	<trkpt lat='37.0184458' lon='16.2106145'></trkpt>
	<trkpt lat='37.0175148' lon='16.2240192'></trkpt>
	<trkpt lat='37.0142515' lon='16.2440987'></trkpt>
	<trkpt lat='37.0142227' lon='16.248656'></trkpt>
	<trkpt lat='37.0131833' lon='16.2553985'></trkpt>
	<trkpt lat='37.0135262' lon='16.2620797'></trkpt>
	<trkpt lat='37.0123797' lon='16.2731957'></trkpt>
	<trkpt lat='37.011597' lon='16.2776637'></trkpt>
	<trkpt lat='37.0108728' lon='16.2797022'></trkpt>
	<trkpt lat='37.0097797' lon='16.2886643'></trkpt>
	<trkpt lat='37.0085075' lon='16.2928148'></trkpt>
	<trkpt lat='37.0082932' lon='16.2972927'></trkpt>
	<trkpt lat='37.0077102' lon='16.2993118'></trkpt>
	<trkpt lat='37.008602' lon='16.3030088'></trkpt>
	<trkpt lat='37.0072928' lon='16.309207'></trkpt>
	<trkpt lat='37.0069517' lon='16.3135962'></trkpt>
	<trkpt lat='37.0000183' lon='16.583295'></trkpt>
	<trkpt lat='36.9945663' lon='16.7713828'></trkpt>
	<trkpt lat='36.99242' lon='16.7903813'></trkpt>
	<trkpt lat='36.9901673' lon='16.823953'></trkpt>
	<trkpt lat='36.9878343' lon='16.8487315'></trkpt>
	<trkpt lat='36.9874028' lon='16.861986'></trkpt>
	<trkpt lat='36.9864777' lon='16.8734253'></trkpt>
	<trkpt lat='36.98432' lon='16.8910117'></trkpt>
	<trkpt lat='36.9817042' lon='16.908572'></trkpt>
	<trkpt lat='36.9800262' lon='16.9181083'></trkpt>
	<trkpt lat='36.9786905' lon='16.9281638'></trkpt>
	<trkpt lat='36.9780978' lon='16.9299367'></trkpt>
	<trkpt lat='36.9763552' lon='16.9396173'></trkpt>
	<trkpt lat='36.9749065' lon='16.9527338'></trkpt>
	<trkpt lat='36.9734487' lon='16.962067'></trkpt>
	<trkpt lat='36.9727838' lon='16.9695208'></trkpt>
	<trkpt lat='36.9716467' lon='16.9768483'></trkpt>
	<trkpt lat='36.97021016666667' lon='16.991466833333334'></trkpt>
	<trkpt lat='36.968531' lon='17.0128593'></trkpt>
	<trkpt lat='36.9682268' lon='17.022227'></trkpt>
	<trkpt lat='36.9673567' lon='17.03133'></trkpt>
	<trkpt lat='36.9658432' lon='17.0550247'></trkpt>
	<trkpt lat='36.9642303' lon='17.0659407'></trkpt>
	<trkpt lat='36.9627953' lon='17.0807'></trkpt>
	<trkpt lat='36.9617613' lon='17.0863237'></trkpt>
	<trkpt lat='36.9605795' lon='17.10321'></trkpt>
	<trkpt lat='36.9596383' lon='17.110491'></trkpt>
	<trkpt lat='36.9593408' lon='17.1214883'></trkpt>
	<trkpt lat='36.959549' lon='17.1454952'></trkpt>
	<trkpt lat='36.95844' lon='17.1610862'></trkpt>
	<trkpt lat='36.9582287' lon='17.1685962'></trkpt>
	<trkpt lat='36.954427' lon='17.2055067'></trkpt>
	<trkpt lat='36.9537232' lon='17.2159135'></trkpt>
	<trkpt lat='36.953511' lon='17.2177573'></trkpt>
	<trkpt lat='36.9530082' lon='17.2182063'></trkpt>
	<trkpt lat='36.9527745' lon='17.2197613'></trkpt>
	<trkpt lat='36.9534072' lon='17.2332512'></trkpt>
	<trkpt lat='36.952443' lon='17.2463653'></trkpt>
	<trkpt lat='36.9517898' lon='17.2681197'></trkpt>
	<trkpt lat='36.952803' lon='17.3282893'></trkpt>
	<trkpt lat='36.9526807' lon='17.3449085'></trkpt>
	<trkpt lat='36.95327' lon='17.35151'></trkpt>
	<trkpt lat='36.9532483' lon='17.3722867'></trkpt>
	<trkpt lat='36.95412' lon='17.4082017'></trkpt>
	<trkpt lat='36.954008' lon='17.41332'></trkpt>
	<trkpt lat='36.9550533' lon='17.4399383'></trkpt>
	<trkpt lat='36.9551645' lon='17.4534108'></trkpt>
	<trkpt lat='36.9560783' lon='17.467955'></trkpt>
	<trkpt lat='36.9580162' lon='17.5192233'></trkpt>
	<trkpt lat='36.9590823' lon='17.5390362'></trkpt>
	<trkpt lat='36.9588338' lon='17.5646283'></trkpt>
	<trkpt lat='36.9591182' lon='17.5826137'></trkpt>
	<trkpt lat='36.9587395' lon='17.5894013'></trkpt>
	<trkpt lat='36.961411' lon='17.624383'></trkpt>
	<trkpt lat='36.9618892' lon='17.638365'></trkpt>
	<trkpt lat='36.9617718' lon='17.645228'></trkpt>
	<trkpt lat='36.9606887' lon='17.6574795'></trkpt>
	<trkpt lat='36.960807' lon='17.6590823'></trkpt>
	<trkpt lat='36.9600212' lon='17.6625163'></trkpt>
	<trkpt lat='36.9600307' lon='17.6675682'></trkpt>
	<trkpt lat='36.9594292' lon='17.6708265'></trkpt>
	<trkpt lat='36.9595888' lon='17.6743862'></trkpt>
	<trkpt lat='36.9586545' lon='17.6828305'></trkpt>
	<trkpt lat='36.9580583' lon='17.6978317'></trkpt>
	<trkpt lat='36.9573603' lon='17.703569'></trkpt>
	<trkpt lat='36.9573077' lon='17.707553'></trkpt>
	<trkpt lat='36.9556148' lon='17.717003'></trkpt>
	<trkpt lat='36.9550268' lon='17.7351885'></trkpt>
	<trkpt lat='36.9544388' lon='17.737147'></trkpt>
	<trkpt lat='36.953152' lon='17.7510155'></trkpt>
	<trkpt lat='36.9518915' lon='17.7564102'></trkpt>
	<trkpt lat='36.950799333333336' lon='17.769574166666665'></trkpt>
	<trkpt lat='36.9499425' lon='17.775299166666667'></trkpt>
	<trkpt lat='36.9495465' lon='17.7832508'></trkpt>
	<trkpt lat='36.9497017' lon='17.7873067'></trkpt>
	<trkpt lat='36.9489568' lon='17.795238'></trkpt>
	<trkpt lat='36.9487513' lon='17.8111957'></trkpt>
	<trkpt lat='36.9466435' lon='17.8441168'></trkpt>
	<trkpt lat='36.9469045' lon='17.8522762'></trkpt>
	<trkpt lat='36.9459602' lon='17.8679695'></trkpt>
	<trkpt lat='36.946144' lon='17.9593533'></trkpt>
	<trkpt lat='36.9454155' lon='17.9738822'></trkpt>
	<trkpt lat='36.945482' lon='17.9822382'></trkpt>
	<trkpt lat='36.9448482' lon='17.9906285'></trkpt>
	<trkpt lat='36.9437455' lon='18.0201185'></trkpt>
	<trkpt lat='36.9416282' lon='18.0262185'></trkpt>
	<trkpt lat='36.9402172' lon='18.0367158'></trkpt>
	<trkpt lat='36.9383983' lon='18.0429167'></trkpt>
	<trkpt lat='36.9373437' lon='18.0496655'></trkpt>
	<trkpt lat='36.936386' lon='18.0606208'></trkpt>
	<trkpt lat='36.9360807' lon='18.0709895'></trkpt>
	<trkpt lat='36.9340912' lon='18.0944783'></trkpt>
	<trkpt lat='36.9281065' lon='18.1557415'></trkpt>
	<trkpt lat='36.9198737' lon='18.2313175'></trkpt>
	<trkpt lat='36.9135555' lon='18.27865'></trkpt>
	<trkpt lat='36.9044278' lon='18.3562798'></trkpt>
	<trkpt lat='36.8920303' lon='18.4545265'></trkpt>
	<trkpt lat='36.8863055' lon='18.5024692'></trkpt>
	<trkpt lat='36.8813755' lon='18.5485262'></trkpt>
	<trkpt lat='36.8751985' lon='18.5945077'></trkpt>
	<trkpt lat='36.8737417' lon='18.6384573'></trkpt>
	<trkpt lat='36.8727875' lon='18.657475333333334'></trkpt>
	<trkpt lat='36.87291' lon='18.66324'></trkpt>
	<trkpt lat='36.8703015' lon='18.6843163'></trkpt>
	<trkpt lat='36.8667133' lon='18.72001'></trkpt>
	<trkpt lat='36.8646328' lon='18.7364943'></trkpt>
	<trkpt lat='36.862475' lon='18.76017'></trkpt>
	<trkpt lat='36.8581033' lon='18.7987137'></trkpt>
	<trkpt lat='36.8558387' lon='18.8143008'></trkpt>
	<trkpt lat='36.8543108' lon='18.8297152'></trkpt>
	<trkpt lat='36.8514655' lon='18.8513972'></trkpt>
	<trkpt lat='36.8495678' lon='18.8693033'></trkpt>
	<trkpt lat='36.845628' lon='18.8991525'></trkpt>
	<trkpt lat='36.8393893' lon='18.9512495'></trkpt>
	<trkpt lat='36.8280567' lon='19.0194933'></trkpt>
	<trkpt lat='36.8175338' lon='19.0729493'></trkpt>
	<trkpt lat='36.8180425' lon='19.0864403'></trkpt>
	<trkpt lat='36.8192007' lon='19.0991177'></trkpt>
	<trkpt lat='36.824398' lon='19.1476737'></trkpt>
	<trkpt lat='36.8276355' lon='19.1634295'></trkpt>
	<trkpt lat='36.8380833' lon='19.1923567'></trkpt>
	<trkpt lat='36.8385065' lon='19.195791'></trkpt>
	<trkpt lat='36.8405795' lon='19.2055892'></trkpt>
	<trkpt lat='36.84346' lon='19.4518602'></trkpt>
	<trkpt lat='36.8450443' lon='19.6325993'></trkpt>
	<trkpt lat='36.8450732' lon='19.6339095'></trkpt>
	<trkpt lat='36.8461033' lon='19.635227'></trkpt>
	<trkpt lat='36.8451663' lon='19.6365522'></trkpt>
	<trkpt lat='36.8450998' lon='19.644613'></trkpt>
	<trkpt lat='36.8471305' lon='19.8875078'></trkpt>
	<trkpt lat='36.8488483' lon='20.2186105'></trkpt>
	<trkpt lat='36.8488825' lon='20.223121'></trkpt>
	<trkpt lat='36.8491563' lon='20.2242688'></trkpt>
	<trkpt lat='36.8488888' lon='20.23132'></trkpt>
	<trkpt lat='36.8494708' lon='20.381546'></trkpt>
	<trkpt lat='36.8457203' lon='20.5414908'></trkpt>
	<trkpt lat='36.84561799715947' lon='20.543421384616586'></trkpt>
	<trkpt lat='36.845632' lon='20.5455002'></trkpt>
	<trkpt lat='36.8439582' lon='20.614991'></trkpt>
	<trkpt lat='36.8435095' lon='20.619278'></trkpt>
	<trkpt lat='36.842013' lon='20.6237197'></trkpt>
	<trkpt lat='36.8436795' lon='20.6286577'></trkpt>
	<trkpt lat='36.8353878' lon='20.9470827'></trkpt>
	<trkpt lat='36.8258597' lon='21.2781627'></trkpt>
	<trkpt lat='36.8256083' lon='21.2849633'></trkpt>
	<trkpt lat='36.8242803' lon='21.293229'></trkpt>
	<trkpt lat='36.8168288' lon='21.4604708'></trkpt>
	<trkpt lat='36.8051595' lon='21.7050515'></trkpt>
	<trkpt lat='36.8048062' lon='21.7066263'></trkpt>
	<trkpt lat='36.8035025' lon='21.7092095'></trkpt>
	<trkpt lat='36.7805323' lon='21.7523925'></trkpt>
	<trkpt lat='36.779917166666664' lon='21.754691666666666'></trkpt>
	<trkpt lat='36.7770965' lon='21.759270666666666'></trkpt>
	<trkpt lat='36.7144505' lon='21.8778812'></trkpt>
	<trkpt lat='36.7387965' lon='21.9292945'></trkpt>
	<trkpt lat='36.782262' lon='21.9629618'></trkpt>
	<trkpt lat='36.7930083' lon='21.9688807'></trkpt>
	<trkpt lat='36.7944818' lon='21.9691095'></trkpt>
	<trkpt lat='36.7958617' lon='21.9682958'></trkpt>
	<trkpt lat='36.799765' lon='21.9632987'></trkpt>
	<trkpt lat='36.8005105' lon='21.9603395'></trkpt>
	<trkpt lat='36.7998883' lon='21.9590295'></trkpt>
	<trkpt lat='36.7984077' lon='21.959019'></trkpt>
	<trkpt lat='36.7985007' lon='21.9583767'></trkpt>
	<trkpt lat='36.7980695' lon='21.9585922'></trkpt>
	<trkpt lat='36.798525' lon='21.9583733'></trkpt>
	<trkpt lat='36.8007117' lon='21.9602117'></trkpt>
	<trkpt lat='36.8012617' lon='21.9612567'></trkpt>
	<trkpt lat='36.8010033' lon='21.96228'></trkpt>
	<trkpt lat='36.8001733' lon='21.9643283'></trkpt>
	<trkpt lat='36.748205' lon='22.1474238'></trkpt>
	<trkpt lat='36.743009' lon='22.1667667'></trkpt>
	<trkpt lat='36.7387315' lon='22.1806523'></trkpt>
	<trkpt lat='36.6874112' lon='22.3604803'></trkpt>
	<trkpt lat='36.6890648' lon='22.367239'></trkpt>
	<trkpt lat='36.693767' lon='22.3785642'></trkpt>
	<trkpt lat='36.6955858' lon='22.3810782'></trkpt>
	<trkpt lat='36.6960878' lon='22.381396'></trkpt>
	<trkpt lat='36.6965473' lon='22.3810955'></trkpt>
	<trkpt lat='36.6961067' lon='22.38091'></trkpt>
	<trkpt lat='36.674428' lon='22.3584187'></trkpt>
	<trkpt lat='36.652447' lon='22.3495125'></trkpt>
	<trkpt lat='36.6488943' lon='22.3486548'></trkpt>
	<trkpt lat='36.52234233333333' lon='22.330545999999995'></trkpt>
	<trkpt lat='36.5179757' lon='22.3324338'></trkpt>
	<trkpt lat='36.4871607' lon='22.3488122'></trkpt>
	<trkpt lat='36.3833513' lon='22.4815332'></trkpt>
	<trkpt lat='36.3833688' lon='22.484909'></trkpt>
	<trkpt lat='36.3839692' lon='22.4862537'></trkpt>
	<trkpt lat='36.3933603' lon='22.4949262'></trkpt>
	<trkpt lat='36.4000613' lon='22.502429'></trkpt>
	<trkpt lat='36.4139202' lon='22.5008668'></trkpt>
	<trkpt lat='36.4206413' lon='22.5005772'></trkpt>
	<trkpt lat='36.4237938' lon='22.4999657'></trkpt>
	<trkpt lat='36.4259583' lon='22.49997'></trkpt>
	<trkpt lat='36.4270915' lon='22.4995048'></trkpt>
	<trkpt lat='36.4298415' lon='22.4974215'></trkpt>
	<trkpt lat='36.4313295' lon='22.495687'></trkpt>
	<trkpt lat='36.4323307' lon='22.4939195'></trkpt>
	<trkpt lat='36.4328427' lon='22.490666'></trkpt>
	<trkpt lat='36.4326825' lon='22.4895547'></trkpt>
	<trkpt lat='36.4293178' lon='22.4859595'></trkpt>
	<trkpt lat='36.4301845' lon='22.4863415'></trkpt>
	<trkpt lat='36.430992' lon='22.4862133'></trkpt>
	<trkpt lat='36.4315242' lon='22.4848042'></trkpt>
	<trkpt lat='36.4328117' lon='22.48853'></trkpt>
	<trkpt lat='36.43249' lon='22.492075'></trkpt>
	<trkpt lat='36.4300033' lon='22.5003967'></trkpt>
	<trkpt lat='36.4292283' lon='22.5044783'></trkpt>
	<trkpt lat='36.425835' lon='22.528534999999998'></trkpt>
	<trkpt lat='36.4237383' lon='22.5460567'></trkpt>
	<trkpt lat='36.4220283' lon='22.5567033'></trkpt>
	<trkpt lat='36.4217483' lon='22.5574167'></trkpt>
	<trkpt lat='36.4205233' lon='22.5586167'></trkpt>
	<trkpt lat='36.4180617' lon='22.56778'></trkpt>
	<trkpt lat='36.4146883' lon='22.57803'></trkpt>
	<trkpt lat='36.4118633' lon='22.589125'></trkpt>
	<trkpt lat='36.4110552' lon='22.5958215'></trkpt>
	<trkpt lat='36.4109585' lon='22.6031333'></trkpt>
	<trkpt lat='36.4113373' lon='22.6096028'></trkpt>
	<trkpt lat='36.4125607' lon='22.6192678'></trkpt>
	<trkpt lat='36.4153447' lon='22.634024'></trkpt>
	<trkpt lat='36.415463' lon='22.6394703'></trkpt>
	<trkpt lat='36.412867' lon='22.6646158'></trkpt>
	<trkpt lat='36.4098195' lon='22.6708183'></trkpt>
	<trkpt lat='36.4070435' lon='22.674797'></trkpt>
	<trkpt lat='36.410759' lon='22.6837795'></trkpt>
	<trkpt lat='36.413756' lon='22.7055515'></trkpt>
	<trkpt lat='36.413949739163655' lon='22.706921364311274'></trkpt>
	<trkpt lat='36.4141137' lon='22.7080812'></trkpt>
	<trkpt lat='36.415869' lon='22.7201658'></trkpt>
	<trkpt lat='36.4218217' lon='22.7279067'></trkpt>
	<trkpt lat='36.4317517' lon='22.7423817'></trkpt>
	<trkpt lat='36.4372338' lon='22.7512947'></trkpt>
	<trkpt lat='36.44635' lon='22.7641633'></trkpt>
	<trkpt lat='36.4509163' lon='22.7722422'></trkpt>
	<trkpt lat='36.4537713' lon='22.7787837'></trkpt>
	<trkpt lat='36.4584283' lon='22.7913392'></trkpt>
	<trkpt lat='36.4677637' lon='22.8127388'></trkpt>
	<trkpt lat='36.4742992' lon='22.8314757'></trkpt>
	<trkpt lat='36.4774683' lon='22.8444333'></trkpt>
	<trkpt lat='36.4808598' lon='22.864761'></trkpt>
	<trkpt lat='36.482075' lon='22.869596'></trkpt>
	<trkpt lat='36.4830402' lon='22.8820222'></trkpt>
	<trkpt lat='36.4825795' lon='22.889698'></trkpt>
	<trkpt lat='36.4825027' lon='22.9076445'></trkpt>
	<trkpt lat='36.4822473' lon='22.9082828'></trkpt>
	<trkpt lat='36.4749318' lon='22.9036777'></trkpt>
	<trkpt lat='36.4727752' lon='22.9018165'></trkpt>
	<trkpt lat='36.4625118' lon='22.8960768'></trkpt>
	<trkpt lat='36.458149' lon='22.8942932'></trkpt>
	<trkpt lat='36.4506827' lon='22.8925143'></trkpt>
	<trkpt lat='36.4523897' lon='22.9005412'></trkpt>
	<trkpt lat='36.4536748' lon='22.9100962'></trkpt>
	<trkpt lat='36.4560985' lon='22.9344405'></trkpt>
	<trkpt lat='36.4567363' lon='22.9446077'></trkpt>
	<trkpt lat='36.456586' lon='22.9538555'></trkpt>
	<trkpt lat='36.4554775' lon='22.9747898'></trkpt>
	<trkpt lat='36.4535673' lon='22.9887812'></trkpt>
	<trkpt lat='36.4536702' lon='22.9903342'></trkpt>
	<trkpt lat='36.4552818' lon='22.9918407'></trkpt>
	<trkpt lat='36.4631967' lon='22.9956408'></trkpt>
	<trkpt lat='36.4640402' lon='22.9964637'></trkpt>
	<trkpt lat='36.499675333333336' lon='23.045461666666668'></trkpt>
	<trkpt lat='36.5042683' lon='23.0465207'></trkpt>
	<trkpt lat='36.5012657' lon='23.0474615'></trkpt>
	<trkpt lat='36.506528' lon='23.0536205'></trkpt>
	<trkpt lat='36.5083365' lon='23.057706'></trkpt>
	<trkpt lat='36.508805' lon='23.0581033'></trkpt>
	<trkpt lat='36.5084833' lon='23.05855'></trkpt>
	<trkpt lat='36.5071467' lon='23.0573283'></trkpt>
	<trkpt lat='36.5052167' lon='23.0569833'></trkpt>
	<trkpt lat='36.4892072' lon='23.05563'></trkpt>
	<trkpt lat='36.4798913' lon='23.0555822'></trkpt>
	<trkpt lat='36.4706215' lon='23.0564947'></trkpt>
	<trkpt lat='36.4693573' lon='23.0568808'></trkpt>
	<trkpt lat='36.4562692' lon='23.0639343'></trkpt>
	<trkpt lat='36.4503565' lon='23.0678653'></trkpt>
	<trkpt lat='36.4407232' lon='23.075274'></trkpt>
	<trkpt lat='36.4398262' lon='23.0763715'></trkpt>
	<trkpt lat='36.4350617' lon='23.0890548'></trkpt>
	<trkpt lat='36.4314955' lon='23.0998165'></trkpt>
	<trkpt lat='36.4264262' lon='23.1248685'></trkpt>
	<trkpt lat='36.4247987' lon='23.1314273'></trkpt>
	<trkpt lat='36.4244958' lon='23.1339325'></trkpt>
	<trkpt lat='36.4252915' lon='23.1550083'></trkpt>
	<trkpt lat='36.4279975' lon='23.1820692'></trkpt>
	<trkpt lat='36.428239' lon='23.1951497'></trkpt>
	<trkpt lat='36.4312557' lon='23.2046143'></trkpt>
	<trkpt lat='36.4346693' lon='23.2181492'></trkpt>
	<trkpt lat='36.4353308' lon='23.2184627'></trkpt>
	<trkpt lat='36.456248' lon='23.2088538'></trkpt>
	<trkpt lat='36.4673772' lon='23.2032733'></trkpt>
	<trkpt lat='36.4873328' lon='23.1944605'></trkpt>
	<trkpt lat='36.5138018' lon='23.1798425'></trkpt>
	<trkpt lat='36.5281608' lon='23.1723205'></trkpt>
	<trkpt lat='36.5345293' lon='23.1694658'></trkpt>
	<trkpt lat='36.5397032' lon='23.166478'></trkpt>
	<trkpt lat='36.5437598' lon='23.164866'></trkpt>
	<trkpt lat='36.548195' lon='23.163757'></trkpt>
	<trkpt lat='36.5496798' lon='23.162994'></trkpt>
	<trkpt lat='36.5547485' lon='23.1615858'></trkpt>
	<trkpt lat='36.5570155' lon='23.1604487'></trkpt>
	<trkpt lat='36.5586405' lon='23.1601565'></trkpt>
	<trkpt lat='36.5601443' lon='23.1589123'></trkpt>
	<trkpt lat='36.5661843' lon='23.15623'></trkpt>
	<trkpt lat='36.569995' lon='23.155147'></trkpt>
	<trkpt lat='36.5757702' lon='23.1528123'></trkpt>
	<trkpt lat='36.5829562' lon='23.148581'></trkpt>
	<trkpt lat='36.588095' lon='23.1470502'></trkpt>
	<trkpt lat='36.5902487' lon='23.1469778'></trkpt>
	<trkpt lat='36.5932333' lon='23.1459698'></trkpt>
	<trkpt lat='36.617886' lon='23.1425607'></trkpt>
	<trkpt lat='36.6331597' lon='23.1400827'></trkpt>
	<trkpt lat='36.6631027' lon='23.1332382'></trkpt>
	<trkpt lat='36.67881' lon='23.1303077'></trkpt>
	<trkpt lat='36.7000338' lon='23.1269712'></trkpt>
	<trkpt lat='36.709921' lon='23.123635'></trkpt>
	<trkpt lat='36.7065883' lon='23.1370042'></trkpt>
	<trkpt lat='36.7061602' lon='23.1415833'></trkpt>
	<trkpt lat='36.707485' lon='23.1415453'></trkpt>
	<trkpt lat='36.7129835' lon='23.1394635'></trkpt>
	<trkpt lat='36.7205883' lon='23.1353667'></trkpt>
	<trkpt lat='36.7248595' lon='23.1334325'></trkpt>
	<trkpt lat='36.7350932' lon='23.125987'></trkpt>
	<trkpt lat='36.7422005' lon='23.119282333333334'></trkpt>
	<trkpt lat='36.742657' lon='23.121117'></trkpt>
	<trkpt lat='36.7436018' lon='23.1312317'></trkpt>
	<trkpt lat='36.7456752' lon='23.146615'></trkpt>
	<trkpt lat='36.7478643' lon='23.1565375'></trkpt>
	<trkpt lat='36.7488692' lon='23.1596155'></trkpt>
	<trkpt lat='36.7538767' lon='23.153003'></trkpt>
	<trkpt lat='36.7597862' lon='23.144047'></trkpt>
	<trkpt lat='36.7660922' lon='23.1334568'></trkpt>
	<trkpt lat='36.7700483' lon='23.1252638'></trkpt>
	<trkpt lat='36.7776308' lon='23.1110758'></trkpt>
	<trkpt lat='36.7818718' lon='23.1041992'></trkpt>
	<trkpt lat='36.787956' lon='23.1168633'></trkpt>
	<trkpt lat='36.7888895' lon='23.1129178'></trkpt>
	<trkpt lat='36.7896527' lon='23.0959248'></trkpt>
	<trkpt lat='36.78714' lon='23.091873'></trkpt>
	<trkpt lat='36.7858982' lon='23.0912512'></trkpt>
	<trkpt lat='36.7848733' lon='23.0902668'></trkpt>
	<trkpt lat='36.784407' lon='23.0887837'></trkpt>
	<trkpt lat='36.7845468' lon='23.087223'></trkpt>
	<trkpt lat='36.7858327' lon='23.085558'></trkpt>
	<trkpt lat='36.7853267' lon='23.085736699999998'></trkpt>
	<trkpt lat='36.7842917' lon='23.0881667'></trkpt>
	<trkpt lat='36.7843483' lon='23.08935'></trkpt>
	<trkpt lat='36.7850317' lon='23.0904417'></trkpt>
	<trkpt lat='36.7912062' lon='23.0938178'></trkpt>
	<trkpt lat='36.7967647' lon='23.0953472'></trkpt>
	<trkpt lat='36.8084015' lon='23.0964112'></trkpt>
	<trkpt lat='36.8141703' lon='23.0972547'></trkpt>
	<trkpt lat='36.8199617' lon='23.0970903'></trkpt>
	<trkpt lat='36.8405017' lon='23.0879678'></trkpt>
	<trkpt lat='36.8948652' lon='23.0591108'></trkpt>
	<trkpt lat='36.9220328' lon='23.0454887'></trkpt>
	<trkpt lat='36.9420628' lon='23.0349172'></trkpt>
	<trkpt lat='36.957369' lon='23.0311392'></trkpt>
	<trkpt lat='36.960572' lon='23.0300462'></trkpt>
	<trkpt lat='36.9696878' lon='23.019518'></trkpt>
	<trkpt lat='36.972599' lon='23.0156613'></trkpt>
	<trkpt lat='36.9733483' lon='23.0141477'></trkpt>
	<trkpt lat='36.9743147' lon='23.0090268'></trkpt>
	<trkpt lat='36.9746843' lon='22.9984648'></trkpt>
	<trkpt lat='36.973635' lon='22.9945647'></trkpt>
	<trkpt lat='36.9733368' lon='22.9939058'></trkpt>
	<trkpt lat='36.972811666666665' lon='22.993699166666666'></trkpt>
	<trkpt lat='36.9733567' lon='22.9946233'></trkpt>
	<trkpt lat='36.9800238' lon='23.007257'></trkpt>
	<trkpt lat='36.9829553' lon='23.0108223'></trkpt>
	<trkpt lat='36.9841282' lon='23.0116933'></trkpt>
	<trkpt lat='36.9869708' lon='23.0130022'></trkpt>
	<trkpt lat='37.0325128' lon='23.0263082'></trkpt>
	<trkpt lat='37.0569985' lon='23.0324647'></trkpt>
	<trkpt lat='37.074984' lon='23.037349'></trkpt>
	<trkpt lat='37.0754462' lon='23.038779'></trkpt>
	<trkpt lat='37.0771567' lon='23.037875'></trkpt>
	<trkpt lat='37.0791283' lon='23.0383467'></trkpt>
	<trkpt lat='37.2718817' lon='23.0853067'></trkpt>
	<trkpt lat='37.279475' lon='23.0882683'></trkpt>
	<trkpt lat='37.281645' lon='23.0909917'></trkpt>
	<trkpt lat='37.2841567' lon='23.0922933'></trkpt>
	<trkpt lat='37.2863783' lon='23.0949217'></trkpt>
	<trkpt lat='37.2993933' lon='23.1150133'></trkpt>
	<trkpt lat='37.3087417' lon='23.1287183'></trkpt>
	<trkpt lat='37.3139417' lon='23.1376517'></trkpt>
	<trkpt lat='37.3151133' lon='23.1388217'></trkpt>
	<trkpt lat='37.3165467' lon='23.1414817'></trkpt>
	<trkpt lat='37.31862' lon='23.1456683'></trkpt>
	<trkpt lat='37.3209533' lon='23.15259'></trkpt>
	<trkpt lat='37.3214883' lon='23.15345'></trkpt>
	<trkpt lat='37.32196' lon='23.1536883'></trkpt>
	<trkpt lat='37.322415' lon='23.153565'></trkpt>
	<trkpt lat='37.3211567' lon='23.151445'></trkpt>
	<trkpt lat='37.31758' lon='23.1433783'></trkpt>
	<trkpt lat='37.31448' lon='23.138945'></trkpt>
	<trkpt lat='37.3112433' lon='23.1351983'></trkpt>
	<trkpt lat='37.3091317' lon='23.1338517'></trkpt>
	<trkpt lat='37.3063517' lon='23.133535'></trkpt>
	<trkpt lat='37.3019417' lon='23.1334533'></trkpt>
	<trkpt lat='37.29908' lon='23.134365'></trkpt>
	<trkpt lat='37.2971267' lon='23.136785'></trkpt>
	<trkpt lat='37.2934883' lon='23.145075'></trkpt>
	<trkpt lat='37.28855' lon='23.1577183'></trkpt>
	<trkpt lat='37.2809167' lon='23.1721467'></trkpt>
	<trkpt lat='37.2797933' lon='23.1781033'></trkpt>
	<trkpt lat='37.279765' lon='23.1792033'></trkpt>
	<trkpt lat='37.2802033' lon='23.1799317'></trkpt>
	<trkpt lat='37.279155' lon='23.18232'></trkpt>
	<trkpt lat='37.282798299999996' lon='23.1946983'></trkpt>
	<trkpt lat='37.28435' lon='23.1972633'></trkpt>
	<trkpt lat='37.2852333' lon='23.2016033'></trkpt>
	<trkpt lat='37.28597' lon='23.2036767'></trkpt>
	<trkpt lat='37.2896017' lon='23.2085617'></trkpt>
	<trkpt lat='37.2952483' lon='23.2146267'></trkpt>
	<trkpt lat='37.29799' lon='23.2183217'></trkpt>
	<trkpt lat='37.2977483' lon='23.2210883'></trkpt>
	<trkpt lat='37.2993733' lon='23.2296983'></trkpt>
	<trkpt lat='37.30077' lon='23.2358433'></trkpt>
	<trkpt lat='37.3023067' lon='23.24023'></trkpt>
	<trkpt lat='37.3023433' lon='23.2466217'></trkpt>
	<trkpt lat='37.3038883' lon='23.260575'></trkpt>
	<trkpt lat='37.3050033' lon='23.2644983'></trkpt>
	<trkpt lat='37.30694' lon='23.2686467'></trkpt>
	<trkpt lat='37.3088933' lon='23.2760833'></trkpt>
	<trkpt lat='37.3093367' lon='23.28224'></trkpt>
	<trkpt lat='37.30918' lon='23.28482'></trkpt>
	<trkpt lat='37.3105833' lon='23.299195'></trkpt>
	<trkpt lat='37.3114617' lon='23.3043233'></trkpt>
	<trkpt lat='37.313855' lon='23.3123383'></trkpt>
	<trkpt lat='37.3147967' lon='23.3203183'></trkpt>
	<trkpt lat='37.32727' lon='23.3658817'></trkpt>
	<trkpt lat='37.339355' lon='23.3984483'></trkpt>
	<trkpt lat='37.3442417' lon='23.41952'></trkpt>
	<trkpt lat='37.34536' lon='23.4215183'></trkpt>
	<trkpt lat='37.34795' lon='23.428935'></trkpt>
	<trkpt lat='37.34865' lon='23.4335117'></trkpt>
	<trkpt lat='37.3527783' lon='23.4532'></trkpt>
	<trkpt lat='37.3555' lon='23.461615'></trkpt>
	<trkpt lat='37.3569017' lon='23.469045'></trkpt>
	<trkpt lat='37.357175' lon='23.475115'></trkpt>
	<trkpt lat='37.35639' lon='23.4795983'></trkpt>
	<trkpt lat='37.3546317' lon='23.4830683'></trkpt>
	<trkpt lat='37.3554083' lon='23.4829817'></trkpt>
	<trkpt lat='37.3565417' lon='23.4819467'></trkpt>
	<trkpt lat='37.3578067' lon='23.48196'></trkpt>
	<trkpt lat='37.36105' lon='23.484595'></trkpt>
	<trkpt lat='37.3625567' lon='23.485195'></trkpt>
	<trkpt lat='37.3684717' lon='23.484495'></trkpt>
	<trkpt lat='37.3731683' lon='23.4846167'></trkpt>
	<trkpt lat='37.37629' lon='23.4859883'></trkpt>
	<trkpt lat='37.3805083' lon='23.488575'></trkpt>
	<trkpt lat='37.3853083' lon='23.49222'></trkpt>
	<trkpt lat='37.38985' lon='23.496295'></trkpt>
	<trkpt lat='37.3915967' lon='23.4984167'></trkpt>
	<trkpt lat='37.4320867' lon='23.5345483'></trkpt>
	<trkpt lat='37.4345367' lon='23.5360817'></trkpt>
	<trkpt lat='37.43568' lon='23.5355217'></trkpt>
	<trkpt lat='37.43769' lon='23.53381'></trkpt>
	<trkpt lat='37.4566833' lon='23.5240433'></trkpt>
	<trkpt lat='37.457655' lon='23.5230167'></trkpt>
	<trkpt lat='37.4906433' lon='23.4806'></trkpt>
	<trkpt lat='37.4922183' lon='23.47599'></trkpt>
	<trkpt lat='37.4931767' lon='23.4625517'></trkpt>
	<trkpt lat='37.4938183' lon='23.4611917'></trkpt>
	<trkpt lat='37.4958767' lon='23.4596383'></trkpt>
	<trkpt lat='37.4974133' lon='23.4574417'></trkpt>
	<trkpt lat='37.4982683' lon='23.4515683'></trkpt>
	<trkpt lat='37.4991233' lon='23.4501867'></trkpt>
	<trkpt lat='37.5031567' lon='23.4466567'></trkpt>
	<trkpt lat='37.5042983' lon='23.447195'></trkpt>
	<trkpt lat='37.5043717' lon='23.4501567'></trkpt>
	<trkpt lat='37.5050133' lon='23.4505917'></trkpt>
	<trkpt lat='37.50551' lon='23.4501667'></trkpt>
	<trkpt lat='37.5058217' lon='23.4495733'></trkpt>
	<trkpt lat='37.5062933' lon='23.4455583'></trkpt>
	<trkpt lat='37.5071733' lon='23.443465'></trkpt>
	<trkpt lat='37.5065383' lon='23.4440433'></trkpt>
	<trkpt lat='37.5071467' lon='23.4524683'></trkpt>
	<trkpt lat='37.50722' lon='23.4517317'></trkpt>
	<trkpt lat='37.5067083' lon='23.4521467'></trkpt>
	<trkpt lat='37.5007717' lon='23.451325'></trkpt>
	<trkpt lat='37.5002667' lon='23.45162'></trkpt>
	<trkpt lat='37.5011333' lon='23.4507917'></trkpt>
	<trkpt lat='37.5033567' lon='23.45094'></trkpt>
	<trkpt lat='37.5061133' lon='23.4520867'></trkpt>
	<trkpt lat='37.5069983' lon='23.451505'></trkpt>
	<trkpt lat='37.5072917' lon='23.4520933'></trkpt>
	<trkpt lat='37.5070317' lon='23.4513967'></trkpt>
	<trkpt lat='37.5066217' lon='23.45111'></trkpt>
	<trkpt lat='37.5071017' lon='23.449505'></trkpt>
	<trkpt lat='37.5069733' lon='23.4458817'></trkpt>
	<trkpt lat='37.5074633' lon='23.443085'></trkpt>
	<trkpt lat='37.50802' lon='23.4426033'></trkpt>
	<trkpt lat='37.5092533' lon='23.4428783'></trkpt>
	<trkpt lat='37.5122433' lon='23.4369267'></trkpt>
	<trkpt lat='37.5143817' lon='23.4339917'></trkpt>
	<trkpt lat='37.5168667' lon='23.432735'></trkpt>
	<trkpt lat='37.5191083' lon='23.4323733'></trkpt>
	<trkpt lat='37.5180267' lon='23.4322967'></trkpt>
	<trkpt lat='37.5153267' lon='23.432515'></trkpt>
	<trkpt lat='37.5148167' lon='23.43234'></trkpt>
	<trkpt lat='37.5143733' lon='23.4310517'></trkpt>
	<trkpt lat='37.5153483' lon='23.4206733'></trkpt>
	<trkpt lat='37.5174633' lon='23.4200383'></trkpt>
	<trkpt lat='37.5230233' lon='23.4216967'></trkpt>
	<trkpt lat='37.5342617' lon='23.4228267'></trkpt>
	<trkpt lat='37.5386233' lon='23.4225083'></trkpt>
	<trkpt lat='37.542745' lon='23.42153'></trkpt>
	<trkpt lat='37.5575067' lon='23.4216567'></trkpt>
	<trkpt lat='37.56101' lon='23.421245'></trkpt>
	<trkpt lat='37.5690833' lon='23.4227983'></trkpt>
	<trkpt lat='37.5796383' lon='23.425905'></trkpt>
	<trkpt lat='37.592675' lon='23.4273417'></trkpt>
	<trkpt lat='37.6038' lon='23.4289583'></trkpt>
	<trkpt lat='37.62529' lon='23.43308'></trkpt>
	<trkpt lat='37.6507283' lon='23.4370383'></trkpt>
	<trkpt lat='37.6676067' lon='23.4400183'></trkpt>
	<trkpt lat='37.6840167' lon='23.444335'></trkpt>
	<trkpt lat='37.6949817' lon='23.445745'></trkpt>
	<trkpt lat='37.69601' lon='23.4468833'></trkpt>
	<trkpt lat='37.6970617' lon='23.44831'></trkpt>
	<trkpt lat='37.69779' lon='23.450035'></trkpt>
	<trkpt lat='37.69906' lon='23.45383'></trkpt>
	<trkpt lat='37.6995883' lon='23.4570067'></trkpt>
	<trkpt lat='37.6994383' lon='23.46181'></trkpt>
	<trkpt lat='37.698545' lon='23.46509'></trkpt>
	<trkpt lat='37.69824' lon='23.45892'></trkpt>
	<trkpt lat='37.6974883' lon='23.4527767'></trkpt>
	<trkpt lat='37.6965467' lon='23.4499167'></trkpt>
	<trkpt lat='37.69506' lon='23.447505'></trkpt>
	<trkpt lat='37.6926583' lon='23.4455667'></trkpt>
	<trkpt lat='37.690065' lon='23.4442933'></trkpt>
	<trkpt lat='37.6843433' lon='23.4425383'></trkpt>
	<trkpt lat='37.676085' lon='23.4422333'></trkpt>
	<trkpt lat='37.6635083' lon='23.444185'></trkpt>
	<trkpt lat='37.65084' lon='23.4470917'></trkpt>
	<trkpt lat='37.6537967' lon='23.4526817'></trkpt>
	<trkpt lat='37.6610633' lon='23.4680467'></trkpt>
	<trkpt lat='37.6646233' lon='23.4737617'></trkpt>
	<trkpt lat='37.6628517' lon='23.47472'></trkpt>
	<trkpt lat='37.65882' lon='23.4755167'></trkpt>
	<trkpt lat='37.6471183' lon='23.4750283'></trkpt>
	<trkpt lat='37.6536233' lon='23.4941467'></trkpt>
	<trkpt lat='37.6558267' lon='23.5029533'></trkpt>
	<trkpt lat='37.6659433' lon='23.5310517'></trkpt>
	<trkpt lat='37.67281' lon='23.54628'></trkpt>
	<trkpt lat='37.6845517' lon='23.5754967'></trkpt>
	<trkpt lat='37.689845' lon='23.5911967'></trkpt>
	<trkpt lat='37.6975167' lon='23.6124'></trkpt>
	<trkpt lat='37.7048583' lon='23.6408617'></trkpt>
	<trkpt lat='37.706115' lon='23.6444367'></trkpt>
	<trkpt lat='37.7555817' lon='23.7771633'></trkpt>
	<trkpt lat='37.75639' lon='23.7786117'></trkpt>
	<trkpt lat='37.76124' lon='23.7810283'></trkpt>
	<trkpt lat='37.7807983' lon='23.7922067'></trkpt>
	<trkpt lat='37.7915667' lon='23.799554999999998'></trkpt>
	<trkpt lat='37.7962517' lon='23.8021133'></trkpt>
	<trkpt lat='37.80493' lon='23.804685'></trkpt>
	<trkpt lat='37.81335' lon='23.8060083'></trkpt>
	<trkpt lat='37.8129467' lon='23.806305'></trkpt>
	<trkpt lat='37.8166583' lon='23.8061067'></trkpt>
	<trkpt lat='37.8164533' lon='23.8072317'></trkpt>
	<trkpt lat='37.8166717' lon='23.8080383'></trkpt>
	<trkpt lat='37.8171367' lon='23.8081467'></trkpt>
	<trkpt lat='37.8166367' lon='23.8082733'></trkpt>
	<trkpt lat='37.8156517' lon='23.8085767'></trkpt>
	<trkpt lat='37.8146383' lon='23.8084383'></trkpt>
	<trkpt lat='37.8077483' lon='23.8060583'></trkpt>
	<trkpt lat='37.8049833' lon='23.804125'></trkpt>
	<trkpt lat='37.8045217' lon='23.8043717'></trkpt>
	<trkpt lat='37.80205' lon='23.8013533'></trkpt>
	<trkpt lat='37.8015617' lon='23.8024567'></trkpt>
	<trkpt lat='37.8008267' lon='23.8021667'></trkpt>
	<trkpt lat='37.7970717' lon='23.795795'></trkpt>
	<trkpt lat='37.794375' lon='23.7893033'></trkpt>
	<trkpt lat='37.792195' lon='23.7890633'></trkpt>
	<trkpt lat='37.78719' lon='23.7877183'></trkpt>
	<trkpt lat='37.7790967' lon='23.7851433'></trkpt>
	<trkpt lat='37.7742233' lon='23.78267'></trkpt>
	<trkpt lat='37.775865' lon='23.7806033'></trkpt>
	<trkpt lat='37.7826717' lon='23.7738267'></trkpt>
	<trkpt lat='37.7872717' lon='23.767645'></trkpt>
	<trkpt lat='37.79069' lon='23.7644083'></trkpt>
	<trkpt lat='37.8007717' lon='23.7560833'></trkpt>
	<trkpt lat='37.8081233' lon='23.7488367'></trkpt>
	<trkpt lat='37.8161617' lon='23.7413983'></trkpt>
	<trkpt lat='37.8173233' lon='23.7406517'></trkpt>
	<trkpt lat='37.82358' lon='23.734545'></trkpt>
	<trkpt lat='37.8287167' lon='23.730425'></trkpt>
	<trkpt lat='37.8361233' lon='23.726175'></trkpt>
	<trkpt lat='37.836765' lon='23.7253283'></trkpt>
	<trkpt lat='37.8429617' lon='23.7090533'></trkpt>
	<trkpt lat='37.84606' lon='23.69834'></trkpt>
	<trkpt lat='37.8523783' lon='23.66075'></trkpt>
	<trkpt lat='37.855115' lon='23.6496267'></trkpt>
	<trkpt lat='37.85917' lon='23.63936'></trkpt>
	<trkpt lat='37.8728317' lon='23.6148533'></trkpt>
	<trkpt lat='37.8718467' lon='23.6134333'></trkpt>
	<trkpt lat='37.8604167' lon='23.58814'></trkpt>
	<trkpt lat='37.8456433' lon='23.5527917'></trkpt>
	<trkpt lat='37.84089' lon='23.5372183'></trkpt>
	<trkpt lat='37.840155' lon='23.5274'></trkpt>
	<trkpt lat='37.840095' lon='23.5144083'></trkpt>
	<trkpt lat='37.8413633' lon='23.509945'></trkpt>
	<trkpt lat='37.8420283' lon='23.5086117'></trkpt>
	<trkpt lat='37.85439' lon='23.4901283'></trkpt>
	<trkpt lat='37.8744183' lon='23.4655633'></trkpt>
	<trkpt lat='37.876995' lon='23.4616217'></trkpt>
	<trkpt lat='37.8772767' lon='23.460215'></trkpt>
	<trkpt lat='37.8768917' lon='23.4584567'></trkpt>
	<trkpt lat='37.8764783' lon='23.4577933'></trkpt>
	<trkpt lat='37.8762267' lon='23.4578833'></trkpt>
	<trkpt lat='37.876965' lon='23.456905'></trkpt>
	<trkpt lat='37.8763033' lon='23.45574'></trkpt>
	<trkpt lat='37.87358' lon='23.454768299999998'></trkpt>
	<trkpt lat='37.872035' lon='23.4537617'></trkpt>
	<trkpt lat='37.868435' lon='23.4535717'></trkpt>
	<trkpt lat='37.865535' lon='23.4527733'></trkpt>
	<trkpt lat='37.8517917' lon='23.4460983'></trkpt>
	<trkpt lat='37.8453783' lon='23.4418133'></trkpt>
	<trkpt lat='37.8264033' lon='23.427665'></trkpt>
	<trkpt lat='37.8179683' lon='23.4204117'></trkpt>
	<trkpt lat='37.7994383' lon='23.4010267'></trkpt>
	<trkpt lat='37.7907167' lon='23.39005'></trkpt>
	<trkpt lat='37.7840683' lon='23.3802117'></trkpt>
	<trkpt lat='37.7764683' lon='23.37108'></trkpt>
	<trkpt lat='37.77364' lon='23.3671267'></trkpt>
	<trkpt lat='37.7622317' lon='23.3482817'></trkpt>
	<trkpt lat='37.7557833' lon='23.3359817'></trkpt>
	<trkpt lat='37.7493133' lon='23.32199'></trkpt>
	<trkpt lat='37.7456733' lon='23.3132'></trkpt>
	<trkpt lat='37.7432267' lon='23.30597'></trkpt>
	<trkpt lat='37.7381667' lon='23.2949083'></trkpt>
	<trkpt lat='37.7347183' lon='23.2881733'></trkpt>
	<trkpt lat='37.732795' lon='23.28678'></trkpt>
	<trkpt lat='37.7302833' lon='23.2816433'></trkpt>
	<trkpt lat='37.7282967' lon='23.2791267'></trkpt>
	<trkpt lat='37.75261' lon='23.138105'></trkpt>
	<trkpt lat='37.7573567' lon='23.1273183'></trkpt>
	<trkpt lat='37.7584117' lon='23.12668'></trkpt>
	<trkpt lat='37.761765' lon='23.1266017'></trkpt>
	<trkpt lat='37.76227' lon='23.1263817'></trkpt>
	<trkpt lat='37.762115' lon='23.1253217'></trkpt>
	<trkpt lat='37.7620883' lon='23.1259833'></trkpt>
	<trkpt lat='37.7584217' lon='23.1269483'></trkpt>
	<trkpt lat='37.7499933' lon='23.1263'></trkpt>
	<trkpt lat='37.7517217' lon='23.128995'></trkpt>
	<trkpt lat='37.753535' lon='23.133175'></trkpt>
	<trkpt lat='37.7573917' lon='23.14553'></trkpt>
	<trkpt lat='37.7540783' lon='23.142435'></trkpt>
	<trkpt lat='37.75233' lon='23.1419'></trkpt>
	<trkpt lat='37.7509167' lon='23.1419'></trkpt>
	<trkpt lat='37.7456283' lon='23.1435217'></trkpt>
	<trkpt lat='37.74278' lon='23.1440633'></trkpt>
	<trkpt lat='37.7362167' lon='23.1433933'></trkpt>
	<trkpt lat='37.7373217' lon='23.145455'></trkpt>
	<trkpt lat='37.74163' lon='23.1495567'></trkpt>
	<trkpt lat='37.745145' lon='23.1523867'></trkpt>
	<trkpt lat='37.75555' lon='23.17415'></trkpt>
	<trkpt lat='37.7601367' lon='23.1845967'></trkpt>
	<trkpt lat='37.7559917' lon='23.185455'></trkpt>
	<trkpt lat='37.7516517' lon='23.1874167'></trkpt>
	<trkpt lat='37.7493217' lon='23.18756'></trkpt>
	<trkpt lat='37.74691' lon='23.1871617'></trkpt>
	<trkpt lat='37.7405433' lon='23.185765'></trkpt>
	<trkpt lat='37.7366533' lon='23.1819733'></trkpt>
	<trkpt lat='37.7352217' lon='23.1800667'></trkpt>
	<trkpt lat='37.73525' lon='23.1872283'></trkpt>
	<trkpt lat='37.7362067' lon='23.190445'></trkpt>
	<trkpt lat='37.7366083' lon='23.2078267'></trkpt>
	<trkpt lat='37.73592' lon='23.2054583'></trkpt>
	<trkpt lat='37.63337' lon='23.1727733'></trkpt>
	<trkpt lat='37.6310317' lon='23.1690133'></trkpt>
	<trkpt lat='37.6296483' lon='23.1647033'></trkpt>
	<trkpt lat='37.6243467' lon='23.16078'></trkpt>
	<trkpt lat='37.6211567' lon='23.1590167'></trkpt>
	<trkpt lat='37.6210517' lon='23.1584267'></trkpt>
	<trkpt lat='37.6218583' lon='23.1576367'></trkpt>
	<trkpt lat='37.6233517' lon='23.15768'></trkpt>
	<trkpt lat='37.6245833' lon='23.15868'></trkpt>
	<trkpt lat='37.6263117' lon='23.1611567'></trkpt>
	<trkpt lat='37.627415' lon='23.1615333'></trkpt>
	<trkpt lat='37.627435' lon='23.1606533'></trkpt>
	<trkpt lat='37.6271583' lon='23.1623967'></trkpt>
	<trkpt lat='37.628025' lon='23.16677'></trkpt>
	<trkpt lat='37.6287733' lon='23.1735067'></trkpt>
	<trkpt lat='37.6304717' lon='23.17983'></trkpt>
	<trkpt lat='37.63272' lon='23.1863717'></trkpt>
	<trkpt lat='37.6372067' lon='23.1971317'></trkpt>
	<trkpt lat='37.641495' lon='23.2021333'></trkpt>
	<trkpt lat='37.6428583' lon='23.2043467'></trkpt>
	<trkpt lat='37.6491783' lon='23.2176367'></trkpt>
	<trkpt lat='37.6513967' lon='23.223815'></trkpt>
	<trkpt lat='37.652935' lon='23.2354583'></trkpt>
	<trkpt lat='37.65483' lon='23.2447117'></trkpt>
	<trkpt lat='37.655095' lon='23.24835'></trkpt>
	<trkpt lat='37.6537867' lon='23.28756'></trkpt>
	<trkpt lat='37.6609317' lon='23.2929183'></trkpt>
	<trkpt lat='37.6636333' lon='23.2940383'></trkpt>
	<trkpt lat='37.6685983' lon='23.29725'></trkpt>
	<trkpt lat='37.6728767' lon='23.3004883'></trkpt>
	<trkpt lat='37.66586' lon='23.30472'></trkpt>
	<trkpt lat='37.6735783' lon='23.3132467'></trkpt>
	<trkpt lat='37.6780233' lon='23.320935'></trkpt>
	<trkpt lat='37.6792733' lon='23.3245317'></trkpt>
	<trkpt lat='37.6787167' lon='23.3242433'></trkpt>
	<trkpt lat='37.6795217' lon='23.325375'></trkpt>
	<trkpt lat='37.6785783' lon='23.32417'></trkpt>
	<trkpt lat='37.6762583' lon='23.3209617'></trkpt>
	<trkpt lat='37.6686233' lon='23.3376317'></trkpt>
	<trkpt lat='37.651475' lon='23.379565'></trkpt>
	<trkpt lat='37.647635' lon='23.385865'></trkpt>
	<trkpt lat='37.6373583' lon='23.4056533'></trkpt>
	<trkpt lat='37.6361817' lon='23.4069133'></trkpt>
	<trkpt lat='37.62357' lon='23.4170317'></trkpt>
	<trkpt lat='37.619495' lon='23.419205'></trkpt>
	<trkpt lat='37.6151517' lon='23.4204233'></trkpt>
	<trkpt lat='37.533585' lon='23.420445'></trkpt>
	<trkpt lat='37.52327' lon='23.4199933'></trkpt>
	<trkpt lat='37.5174983' lon='23.42042'></trkpt>
	<trkpt lat='37.5159767' lon='23.4232767'></trkpt>
	<trkpt lat='37.50758' lon='23.443141699999998'></trkpt>
	<trkpt lat='37.5068383' lon='23.44642'></trkpt>
	<trkpt lat='37.5052933' lon='23.4485633'></trkpt>
	<trkpt lat='37.505235' lon='23.4491333'></trkpt>
	<trkpt lat='37.5072167' lon='23.4517983'></trkpt>
	<trkpt lat='37.50681' lon='23.4524367'></trkpt>
	<trkpt lat='37.50676' lon='23.4510033'></trkpt>
	<trkpt lat='37.5065933' lon='23.4479917'></trkpt>
	<trkpt lat='37.5069733' lon='23.4449617'></trkpt>
	<trkpt lat='37.51045' lon='23.4388017'></trkpt>
	<trkpt lat='37.5128667' lon='23.4357567'></trkpt>
	<trkpt lat='37.5146733' lon='23.434105'></trkpt>
	<trkpt lat='37.5155617' lon='23.4335317'></trkpt>
	<trkpt lat='37.5184067' lon='23.432685'></trkpt>
	<trkpt lat='37.518865' lon='23.4322567'></trkpt>
	<trkpt lat='37.5182817' lon='23.4324017'></trkpt>
	<trkpt lat='37.5190267' lon='23.43242'></trkpt>
	<trkpt lat='37.5181933' lon='23.4322167'></trkpt>
	<trkpt lat='37.5169583' lon='23.4325217'></trkpt>
	<trkpt lat='37.5144783' lon='23.4341467'></trkpt>
	<trkpt lat='37.510305' lon='23.440745'></trkpt>
	<trkpt lat='37.5072767' lon='23.443945'></trkpt>
	<trkpt lat='37.506795' lon='23.4468967'></trkpt>
	<trkpt lat='37.506765' lon='23.4522417'></trkpt>
	<trkpt lat='37.5064883' lon='23.45149'></trkpt>
	<trkpt lat='37.5073683' lon='23.443535'></trkpt>
	<trkpt lat='37.510405' lon='23.4382583'></trkpt>
	<trkpt lat='37.513255' lon='23.4350217'></trkpt>
	<trkpt lat='37.5143733' lon='23.4342133'></trkpt>
	<trkpt lat='37.5172417' lon='23.4333083'></trkpt>
	<trkpt lat='37.5189233' lon='23.432405'></trkpt>
	<trkpt lat='37.5183633' lon='23.432395'></trkpt>
	<trkpt lat='37.5191967' lon='23.4324367'></trkpt>
	<trkpt lat='37.5181733' lon='23.432715'></trkpt>
	<trkpt lat='37.5159033' lon='23.4323267'></trkpt>
	<trkpt lat='37.5150083' lon='23.4318867'></trkpt>
	<trkpt lat='37.5144917' lon='23.4309467'></trkpt>
	<trkpt lat='37.5155067' lon='23.4245867'></trkpt>
	<trkpt lat='37.5164617' lon='23.4218017'></trkpt>
	<trkpt lat='37.51729' lon='23.420675'></trkpt>
	<trkpt lat='37.51867' lon='23.420234999999998'></trkpt>
	<trkpt lat='37.520285' lon='23.4202067'></trkpt>
	<trkpt lat='37.53592' lon='23.4214983'></trkpt>
	<trkpt lat='37.5425' lon='23.4208183'></trkpt>
	<trkpt lat='37.5489667' lon='23.4215133'></trkpt>
	<trkpt lat='37.5547717' lon='23.4210433'></trkpt>
	<trkpt lat='37.566855' lon='23.421965'></trkpt>
	<trkpt lat='37.5746983' lon='23.4216517'></trkpt>
	<trkpt lat='37.5802517' lon='23.4219933'></trkpt>
	<trkpt lat='37.5837617' lon='23.42147'></trkpt>
	<trkpt lat='37.585165' lon='23.4208783'></trkpt>
	<trkpt lat='37.58998' lon='23.4199617'></trkpt>
	<trkpt lat='37.603445' lon='23.4186017'></trkpt>
	<trkpt lat='37.6130433' lon='23.4183367'></trkpt>
	<trkpt lat='37.6171167' lon='23.4179'></trkpt>
	<trkpt lat='37.62251' lon='23.4162317'></trkpt>
	<trkpt lat='37.6301733' lon='23.4116183'></trkpt>
	<trkpt lat='37.6346517' lon='23.4075683'></trkpt>
	<trkpt lat='37.6376383' lon='23.4041967'></trkpt>
	<trkpt lat='37.6413167' lon='23.3966333'></trkpt>
	<trkpt lat='37.6458733' lon='23.390775'></trkpt>
	<trkpt lat='37.652775' lon='23.3854417'></trkpt>
	<trkpt lat='37.6640183' lon='23.3755483'></trkpt>
	<trkpt lat='37.6648317' lon='23.3697983'></trkpt>
	<trkpt lat='37.6652617' lon='23.356625'></trkpt>
	<trkpt lat='37.666755' lon='23.3498283'></trkpt>
	<trkpt lat='37.6680767' lon='23.33728'></trkpt>
	<trkpt lat='37.6708733' lon='23.33027'></trkpt>
	<trkpt lat='37.6740283' lon='23.324165'></trkpt>
	<trkpt lat='37.6749533' lon='23.3231317'></trkpt>
	<trkpt lat='37.6767317' lon='23.32207'></trkpt>
	<trkpt lat='37.6774717' lon='23.322505'></trkpt>
	<trkpt lat='37.67918' lon='23.3247'></trkpt>
	<trkpt lat='37.678505' lon='23.3241933'></trkpt>
	<trkpt lat='37.6782917' lon='23.3235817'></trkpt>
	<trkpt lat='37.678795' lon='23.3236417'></trkpt>
	<trkpt lat='37.6785233' lon='23.3247667'></trkpt>
	<trkpt lat='37.6793933' lon='23.3253883'></trkpt>
	<trkpt lat='37.6794917' lon='23.3254433'></trkpt>
	<trkpt lat='37.67743' lon='23.3214667'></trkpt>
	<trkpt lat='37.6751183' lon='23.3142033'></trkpt>
	<trkpt lat='37.675085' lon='23.31236'></trkpt>
	<trkpt lat='37.6767933' lon='23.3068933'></trkpt>
	<trkpt lat='37.6775433' lon='23.3051833'></trkpt>
	<trkpt lat='37.681145' lon='23.301225'></trkpt>
	<trkpt lat='37.6843233' lon='23.2979967'></trkpt>
	<trkpt lat='37.6885117' lon='23.2945767'></trkpt>
	<trkpt lat='37.693075' lon='23.290285'></trkpt>
	<trkpt lat='37.6959833' lon='23.2874533'></trkpt>
	<trkpt lat='37.6963967' lon='23.2865417'></trkpt>
	<trkpt lat='37.69616' lon='23.2810433'></trkpt>
	<trkpt lat='37.6946483' lon='23.2778767'></trkpt>
	<trkpt lat='37.6928217' lon='23.27285'></trkpt>
	<trkpt lat='37.6906433' lon='23.2624433'></trkpt>
	<trkpt lat='37.6905367' lon='23.2607517'></trkpt>
	<trkpt lat='37.6909633' lon='23.2570867'></trkpt>
	<trkpt lat='37.6932367' lon='23.2491867'></trkpt>
	<trkpt lat='37.6949933' lon='23.2457217'></trkpt>
	<trkpt lat='37.69929' lon='23.2352'></trkpt>
	<trkpt lat='37.7036083' lon='23.2269067'></trkpt>
	<trkpt lat='37.70471' lon='23.226005'></trkpt>
	<trkpt lat='37.74489' lon='23.1466717'></trkpt>
	<trkpt lat='37.7555817' lon='23.1291933'></trkpt>
	<trkpt lat='37.7576633' lon='23.1272683'></trkpt>
	<trkpt lat='37.7615283' lon='23.12567'></trkpt>
	<trkpt lat='37.7618567' lon='23.1250733'></trkpt>
	<trkpt lat='37.762305' lon='23.1250017'></trkpt>
	<trkpt lat='37.7562683' lon='23.128275'></trkpt>
	<trkpt lat='37.755905' lon='23.1292917'></trkpt>
	<trkpt lat='37.7544383' lon='23.1670317'></trkpt>
	<trkpt lat='37.75544' lon='23.1773783'></trkpt>
	<trkpt lat='37.75628' lon='23.1828517'></trkpt>
	<trkpt lat='37.7566933' lon='23.18997'></trkpt>
	<trkpt lat='37.7582667' lon='23.1967733'></trkpt>
	<trkpt lat='37.7664267' lon='23.2150033'></trkpt>
	<trkpt lat='37.7694867' lon='23.22357'></trkpt>
	<trkpt lat='37.7746717' lon='23.23536'></trkpt>
	<trkpt lat='37.7815083' lon='23.258925'></trkpt>
	<trkpt lat='37.7863767' lon='23.2799033'></trkpt>
	<trkpt lat='37.78807' lon='23.2893017'></trkpt>
	<trkpt lat='37.78919' lon='23.3036617'></trkpt>
	<trkpt lat='37.7899333' lon='23.325815'></trkpt>
	<trkpt lat='37.789305' lon='23.3426833'></trkpt>
	<trkpt lat='37.7894833' lon='23.3641683'></trkpt>
	<trkpt lat='37.78866' lon='23.3798183'></trkpt>
	<trkpt lat='37.7889733' lon='23.383375'></trkpt>
	<trkpt lat='37.7879917' lon='23.3932283'></trkpt>
	<trkpt lat='37.7876567' lon='23.405175'></trkpt>
	<trkpt lat='37.786455' lon='23.4194'></trkpt>
	<trkpt lat='37.786265' lon='23.42685'></trkpt>
	<trkpt lat='37.7866533' lon='23.4284783'></trkpt>
	<trkpt lat='37.78671' lon='23.4313683'></trkpt>
	<trkpt lat='37.787735' lon='23.4338017'></trkpt>
	<trkpt lat='37.7867617' lon='23.4337933'></trkpt>
	<trkpt lat='37.7859933' lon='23.4332733'></trkpt>
	<trkpt lat='37.7863667' lon='23.436715'></trkpt>
	<trkpt lat='37.787025' lon='23.438245'></trkpt>
	<trkpt lat='37.7862233' lon='23.438845'></trkpt>
	<trkpt lat='37.782635' lon='23.4386183'></trkpt>
	<trkpt lat='37.7817267' lon='23.4389983'></trkpt>
	<trkpt lat='37.784825' lon='23.4473317'></trkpt>
	<trkpt lat='37.7862517' lon='23.44977'></trkpt>
	<trkpt lat='37.7900583' lon='23.4603233'></trkpt>
	<trkpt lat='37.7923883' lon='23.47115'></trkpt>
	<trkpt lat='37.79438' lon='23.4770583'></trkpt>
	<trkpt lat='37.7956167' lon='23.4898417'></trkpt>
	<trkpt lat='37.795595' lon='23.4950367'></trkpt>
	<trkpt lat='37.7945467' lon='23.5042367'></trkpt>
	<trkpt lat='37.7920133' lon='23.5147333'></trkpt>
	<trkpt lat='37.7889817' lon='23.5293483'></trkpt>
	<trkpt lat='37.7853717' lon='23.5398983'></trkpt>
	<trkpt lat='37.7807533' lon='23.55611'></trkpt>
	<trkpt lat='37.7779733' lon='23.5637733'></trkpt>
	<trkpt lat='37.77178' lon='23.5737933'></trkpt>
	<trkpt lat='37.7681233' lon='23.58094'></trkpt>
	<trkpt lat='37.7631717' lon='23.575395'></trkpt>
	<trkpt lat='37.7568083' lon='23.5654533'></trkpt>
	<trkpt lat='37.754065' lon='23.5629433'></trkpt>
	<trkpt lat='37.7497383' lon='23.5605183'></trkpt>
	<trkpt lat='37.7442683' lon='23.5560683'></trkpt>
	<trkpt lat='37.7436933' lon='23.5545617'></trkpt>
	<trkpt lat='37.7421417' lon='23.542225'></trkpt>
	<trkpt lat='37.7413783' lon='23.5390283'></trkpt>
	<trkpt lat='37.7413933' lon='23.53793'></trkpt>
	<trkpt lat='37.7417333' lon='23.53754'></trkpt>
	<trkpt lat='37.7412753' lon='23.5377033'></trkpt>
	<trkpt lat='37.741355' lon='23.5386433'></trkpt>
	<trkpt lat='37.74026' lon='23.5423733'></trkpt>
	<trkpt lat='37.73979' lon='23.5464867'></trkpt>
	<trkpt lat='37.740265' lon='23.5551617'></trkpt>
	<trkpt lat='37.742985' lon='23.5663533'></trkpt>
	<trkpt lat='37.743445' lon='23.5715467'></trkpt>
	<trkpt lat='37.74728' lon='23.5911417'></trkpt>
	<trkpt lat='37.7467017' lon='23.5934767'></trkpt>
	<trkpt lat='37.7657267' lon='23.6499433'></trkpt>
	<trkpt lat='37.77856' lon='23.685205'></trkpt>
	<trkpt lat='37.7882467' lon='23.7144467'></trkpt>
	<trkpt lat='37.788725' lon='23.7180933'></trkpt>
	<trkpt lat='37.7889933' lon='23.7265217'></trkpt>
	<trkpt lat='37.78582' lon='23.74853'></trkpt>
	<trkpt lat='37.785585' lon='23.7536917'></trkpt>
	<trkpt lat='37.78628' lon='23.7580067'></trkpt>
	<trkpt lat='37.794109999999996' lon='23.788954999999998'></trkpt>
	<trkpt lat='37.79709' lon='23.79783'></trkpt>
	<trkpt lat='37.7981633' lon='23.8001533'></trkpt>
	<trkpt lat='37.7989583' lon='23.8009967'></trkpt>
	<trkpt lat='37.8087983' lon='23.8060233'></trkpt>
	<trkpt lat='37.8155017' lon='23.80869'></trkpt>
	<trkpt lat='37.8161583' lon='23.8093133'></trkpt>
	<trkpt lat='37.8172583' lon='23.8070817'></trkpt>
	<trkpt lat='37.8165367' lon='23.808665'></trkpt>
	<trkpt lat='37.8135717' lon='23.8106117'></trkpt>
	<trkpt lat='37.8113983' lon='23.8130133'></trkpt>
	<trkpt lat='37.8080017' lon='23.8153867'></trkpt>
	<trkpt lat='37.8040083' lon='23.818815'></trkpt>
	<trkpt lat='37.7964483' lon='23.8264233'></trkpt>
	<trkpt lat='37.7917383' lon='23.8292533'></trkpt>
	<trkpt lat='37.7656817' lon='23.848045'></trkpt>
	<trkpt lat='37.7113883' lon='23.88087'></trkpt>
	<trkpt lat='37.707335' lon='23.8837217'></trkpt>
	<trkpt lat='37.7009617' lon='23.8918333'></trkpt>
	<trkpt lat='37.69807' lon='23.89662'></trkpt>
	<trkpt lat='37.6847717' lon='23.9143917'></trkpt>
	<trkpt lat='37.6786583' lon='23.9231383'></trkpt>
	<trkpt lat='37.6723333' lon='23.9301333'></trkpt>
	<trkpt lat='37.6689817' lon='23.9350583'></trkpt>
	<trkpt lat='37.6673667' lon='23.938435'></trkpt>
	<trkpt lat='37.660565' lon='23.9598033'></trkpt>
	<trkpt lat='37.6534417' lon='23.974725'></trkpt>
	<trkpt lat='37.6526433' lon='23.9776617'></trkpt>
	<trkpt lat='37.6468317' lon='23.9920983'></trkpt>
	<trkpt lat='37.650765' lon='23.9906133'></trkpt>
	<trkpt lat='37.6519233' lon='23.9909467'></trkpt>
	<trkpt lat='37.6590033' lon='23.9962317'></trkpt>
	<trkpt lat='37.65856' lon='23.9964933'></trkpt>
	<trkpt lat='37.659495' lon='23.996695'></trkpt>
	<trkpt lat='37.659345' lon='23.9966483'></trkpt>
	<trkpt lat='37.6588533' lon='23.9964333'></trkpt>
	<trkpt lat='37.656795' lon='23.9982017'></trkpt>
	<trkpt lat='37.6544367' lon='23.9992667'></trkpt>
	<trkpt lat='37.6464133' lon='24.010565'></trkpt>
	<trkpt lat='37.4908267' lon='24.2418183'></trkpt>
	<trkpt lat='37.47951' lon='24.258395'></trkpt>
	<trkpt lat='37.4756817' lon='24.2624217'></trkpt>
	<trkpt lat='37.4470367' lon='24.305925'></trkpt>
	<trkpt lat='37.4092633' lon='24.3621833'></trkpt>
	<trkpt lat='37.408515' lon='24.3633517'></trkpt>
	<trkpt lat='37.4079317' lon='24.365455'></trkpt>
	<trkpt lat='37.4079367' lon='24.3667117'></trkpt>
	<trkpt lat='37.4096467' lon='24.3806417'></trkpt>
	<trkpt lat='37.4113567' lon='24.3825367'></trkpt>
	<trkpt lat='37.4122017' lon='24.382505'></trkpt>
	<trkpt lat='37.4137817' lon='24.3795767'></trkpt>
	<trkpt lat='37.414085' lon='24.3799567'></trkpt>
	<trkpt lat='37.412891699999996' lon='24.382075'></trkpt>
	<trkpt lat='37.4120417' lon='24.382595'></trkpt>
	<trkpt lat='37.4111833' lon='24.38252'></trkpt>
	<trkpt lat='37.4098433' lon='24.3813617'></trkpt>
	<trkpt lat='37.4093117' lon='24.38028'></trkpt>
	<trkpt lat='37.4087033' lon='24.377475'></trkpt>
	<trkpt lat='37.4077867' lon='24.3705083'></trkpt>
	<trkpt lat='37.40785' lon='24.3675317'></trkpt>
	<trkpt lat='37.4090983' lon='24.3648633'></trkpt>
	<trkpt lat='37.4110817' lon='24.3629133'></trkpt>
	<trkpt lat='37.4147817' lon='24.3615083'></trkpt>
	<trkpt lat='37.4185783' lon='24.3613733'></trkpt>
	<trkpt lat='37.4224433' lon='24.3619217'></trkpt>
	<trkpt lat='37.426205' lon='24.3631917'></trkpt>
	<trkpt lat='37.43336' lon='24.3669917'></trkpt>
	<trkpt lat='37.4367967' lon='24.3691633'></trkpt>
	<trkpt lat='37.4425317' lon='24.37345'></trkpt>
	<trkpt lat='37.4604083' lon='24.3882783'></trkpt>
	<trkpt lat='37.470275' lon='24.3986417'></trkpt>
	<trkpt lat='37.4770417' lon='24.40796'></trkpt>
	<trkpt lat='37.481951699999996' lon='24.416433299999998'></trkpt>
	<trkpt lat='37.4858183' lon='24.4245683'></trkpt>
	<trkpt lat='37.486005' lon='24.4281583'></trkpt>
	<trkpt lat='37.4857817' lon='24.4388733'></trkpt>
	<trkpt lat='37.48492' lon='24.4402717'></trkpt>
	<trkpt lat='37.4837467' lon='24.4410467'></trkpt>
	<trkpt lat='37.4824817' lon='24.4411133'></trkpt>
	<trkpt lat='37.4536183' lon='24.43743'></trkpt>
	<trkpt lat='37.4526433' lon='24.4373867'></trkpt>
	<trkpt lat='37.451995' lon='24.4386067'></trkpt>
	<trkpt lat='37.45194' lon='24.440315'></trkpt>
	<trkpt lat='37.4508617' lon='24.4447033'></trkpt>
	<trkpt lat='37.4505433' lon='24.447475'></trkpt>
	<trkpt lat='37.4462583' lon='24.4659867'></trkpt>
	<trkpt lat='37.4454533' lon='24.4761367'></trkpt>
	<trkpt lat='37.41081' lon='24.6254283'></trkpt>
	<trkpt lat='37.38023' lon='24.769165'></trkpt>
	<trkpt lat='37.3789917' lon='24.775265'></trkpt>
	<trkpt lat='37.3789117' lon='24.7790683'></trkpt>
	<trkpt lat='37.3611633' lon='24.8595683'></trkpt>
	<trkpt lat='37.3587533' lon='24.8676183'></trkpt>
	<trkpt lat='37.3585783' lon='24.8691933'></trkpt>
	<trkpt lat='37.3599033' lon='24.8745917'></trkpt>
	<trkpt lat='37.36228' lon='24.88775'></trkpt>
	<trkpt lat='37.37931' lon='24.9452567'></trkpt>
	<trkpt lat='37.3802233' lon='24.9467767'></trkpt>
	<trkpt lat='37.3813383' lon='24.9504083'></trkpt>
	<trkpt lat='37.3896' lon='24.9672217'></trkpt>
	<trkpt lat='37.3905017' lon='24.968844999999998'></trkpt>
	<trkpt lat='37.3942533' lon='24.972635'></trkpt>
	<trkpt lat='37.3985267' lon='24.9752467'></trkpt>
	<trkpt lat='37.4017333' lon='24.9759'></trkpt>
	<trkpt lat='37.4031033' lon='24.9753067'></trkpt>
	<trkpt lat='37.4086033' lon='24.9704117'></trkpt>
	<trkpt lat='37.4098117' lon='24.966855'></trkpt>
	<trkpt lat='37.4102567' lon='24.9667633'></trkpt>
	<trkpt lat='37.410095' lon='24.966975'></trkpt>
	<trkpt lat='37.4127117' lon='24.9687567'></trkpt>
	<trkpt lat='37.4139467' lon='24.9692367'></trkpt>
	<trkpt lat='37.4150633' lon='24.9687833'></trkpt>
	<trkpt lat='37.425125' lon='24.9619933'></trkpt>
	<trkpt lat='37.4298783' lon='24.9576283'></trkpt>
	<trkpt lat='37.4319133' lon='24.95409'></trkpt>
	<trkpt lat='37.4338583' lon='24.94857'></trkpt>
	<trkpt lat='37.4330983' lon='24.944185'></trkpt>
	<trkpt lat='37.432' lon='24.941585'></trkpt>
	<trkpt lat='37.43107' lon='24.94078'></trkpt>
	<trkpt lat='37.43062' lon='24.941105'></trkpt>
	<trkpt lat='37.4304883' lon='24.9417767'></trkpt>
	<trkpt lat='37.4301783' lon='24.9412817'></trkpt>
	<trkpt lat='37.4303567' lon='24.9412367'></trkpt>
	<trkpt lat='37.4309783' lon='24.9403233'></trkpt>
	<trkpt lat='37.4316533' lon='24.9408'></trkpt>
	<trkpt lat='37.4339617' lon='24.9465083'></trkpt>
	<trkpt lat='37.4339817' lon='24.9478017'></trkpt>
	<trkpt lat='37.4320233' lon='24.9544083'></trkpt>
	<trkpt lat='37.4310783' lon='24.9561167'></trkpt>
	<trkpt lat='37.4285233' lon='24.9592333'></trkpt>
	<trkpt lat='37.4150583' lon='24.974315'></trkpt>
	<trkpt lat='37.4140283' lon='24.9749783'></trkpt>
	<trkpt lat='37.2216867' lon='25.0649117'></trkpt>
	<trkpt lat='37.1444667' lon='25.10061'></trkpt>
	<trkpt lat='37.08963' lon='25.1286767'></trkpt>
	<trkpt lat='37.0890117' lon='25.1294933'></trkpt>
	<trkpt lat='37.0875617' lon='25.1330733'></trkpt>
	<trkpt lat='37.087035' lon='25.1372233'></trkpt>
	<trkpt lat='37.0884683' lon='25.145465'></trkpt>
	<trkpt lat='37.0914467' lon='25.1500267'></trkpt>
	<trkpt lat='37.092445' lon='25.1507717'></trkpt>
	<trkpt lat='37.0925767' lon='25.1524317'></trkpt>
	<trkpt lat='37.0921967' lon='25.15413'></trkpt>
	<trkpt lat='37.0916483' lon='25.1546333'></trkpt>
	<trkpt lat='37.0910567' lon='25.15466'></trkpt>
	<trkpt lat='37.0901117' lon='25.1537'></trkpt>
	<trkpt lat='37.0906167' lon='25.1541667'></trkpt>
	<trkpt lat='37.0904417' lon='25.1546983'></trkpt>
	<trkpt lat='37.0890083' lon='25.1539383'></trkpt>
	<trkpt lat='37.0891883' lon='25.14875'></trkpt>
	<trkpt lat='37.08759' lon='25.1416017'></trkpt>
	<trkpt lat='37.0856783' lon='25.135975'></trkpt>
	<trkpt lat='37.0856633' lon='25.13263'></trkpt>
	<trkpt lat='37.0829467' lon='25.125805'></trkpt>
	<trkpt lat='37.080355' lon='25.12038'></trkpt>
	<trkpt lat='37.0793233' lon='25.118825'></trkpt>
	<trkpt lat='37.0714467' lon='25.1123'></trkpt>
	<trkpt lat='37.0698633' lon='25.1104467'></trkpt>
	<trkpt lat='37.066635' lon='25.1056083'></trkpt>
	<trkpt lat='37.0644333' lon='25.1039267'></trkpt>
	<trkpt lat='37.0607933' lon='25.1028533'></trkpt>
	<trkpt lat='37.0497633' lon='25.1013233'></trkpt>
	<trkpt lat='37.042775' lon='25.0990067'></trkpt>
	<trkpt lat='37.0397183' lon='25.097125'></trkpt>
	<trkpt lat='37.0375833' lon='25.094965'></trkpt>
	<trkpt lat='37.032645' lon='25.0916683'></trkpt>
	<trkpt lat='37.024625' lon='25.0895317'></trkpt>
	<trkpt lat='36.944635' lon='25.0792383'></trkpt>
	<trkpt lat='36.9420967' lon='25.07836'></trkpt>
	<trkpt lat='36.9383167' lon='25.07519'></trkpt>
	<trkpt lat='36.9366067' lon='25.0731917'></trkpt>
	<trkpt lat='36.9355333' lon='25.0706217'></trkpt>
	<trkpt lat='36.9350067' lon='25.068965'></trkpt>
	<trkpt lat='36.9351183' lon='25.0680567'></trkpt>
	<trkpt lat='36.9341317' lon='25.0659333'></trkpt>
	<trkpt lat='36.9346217' lon='25.0652217'></trkpt>
	<trkpt lat='36.936935' lon='25.0628367'></trkpt>
	<trkpt lat='36.9426' lon='25.0579483'></trkpt>
	<trkpt lat='36.963675' lon='25.0371867'></trkpt>
	<trkpt lat='36.970755' lon='25.03112'></trkpt>
	<trkpt lat='36.9726067' lon='25.030688299999998'></trkpt>
	<trkpt lat='36.9723317' lon='25.030865'></trkpt>
	<trkpt lat='36.9718984' lon='25.0318184'></trkpt>
	<trkpt lat='36.9647083' lon='25.0357467'></trkpt>
	<trkpt lat='36.9611717' lon='25.0363517'></trkpt>
	<trkpt lat='36.96011' lon='25.03605'></trkpt>
	<trkpt lat='36.9508983' lon='25.0296583'></trkpt>
	<trkpt lat='36.9480333' lon='25.0265467'></trkpt>
	<trkpt lat='36.9284483' lon='24.9942567'></trkpt>
	<trkpt lat='36.9250833' lon='24.983585'></trkpt>
	<trkpt lat='36.9224617' lon='24.9737233'></trkpt>
	<trkpt lat='36.9196183' lon='24.9647783'></trkpt>
	<trkpt lat='36.90739' lon='24.9221817'></trkpt>
	<trkpt lat='36.8983317' lon='24.8923867'></trkpt>
	<trkpt lat='36.89154' lon='24.8670967'></trkpt>
	<trkpt lat='36.8886017' lon='24.8572733'></trkpt>
	<trkpt lat='36.8830383' lon='24.8367167'></trkpt>
	<trkpt lat='36.8807333' lon='24.81936'></trkpt>
	<trkpt lat='36.879715' lon='24.818045'></trkpt>
	<trkpt lat='36.8784317' lon='24.8172733'></trkpt>
	<trkpt lat='36.8776017' lon='24.8157483'></trkpt>
	<trkpt lat='36.8773817' lon='24.8136983'></trkpt>
	<trkpt lat='36.8774117' lon='24.7942417'></trkpt>
	<trkpt lat='36.8746917' lon='24.7297933'></trkpt>
	<trkpt lat='36.8719667' lon='24.7198917'></trkpt>
	<trkpt lat='36.871' lon='24.7185033'></trkpt>
	<trkpt lat='36.86985' lon='24.717825'></trkpt>
	<trkpt lat='36.8679217' lon='24.7074183'></trkpt>
	<trkpt lat='36.8663483' lon='24.6961467'></trkpt>
	<trkpt lat='36.8634083' lon='24.6592667'></trkpt>
	<trkpt lat='36.8625533' lon='24.6539'></trkpt>
	<trkpt lat='36.8629217' lon='24.6434867'></trkpt>
	<trkpt lat='36.864825' lon='24.6289283'></trkpt>
	<trkpt lat='36.8640067' lon='24.6056817'></trkpt>
	<trkpt lat='36.86197' lon='24.5896367'></trkpt>
	<trkpt lat='36.8597933' lon='24.58412'></trkpt>
	<trkpt lat='36.8592767' lon='24.5819533'></trkpt>
	<trkpt lat='36.8587583' lon='24.5766'></trkpt>
	<trkpt lat='36.8585267' lon='24.563595'></trkpt>
	<trkpt lat='36.85623' lon='24.5571033'></trkpt>
	<trkpt lat='36.784175' lon='24.4242617'></trkpt>
	<trkpt lat='36.7795117' lon='24.4159083'></trkpt>
	<trkpt lat='36.774675' lon='24.4095183'></trkpt>
	<trkpt lat='36.7639817' lon='24.4025717'></trkpt>
	<trkpt lat='36.762745' lon='24.4020567'></trkpt>
	<trkpt lat='36.753095' lon='24.4004433'></trkpt>
	<trkpt lat='36.7516767' lon='24.401'></trkpt>
	<trkpt lat='36.7476567' lon='24.4039867'></trkpt>
	<trkpt lat='36.73652' lon='24.4110883'></trkpt>
	<trkpt lat='36.7244283' lon='24.4206983'></trkpt>
	<trkpt lat='36.7219917' lon='24.42344'></trkpt>
	<trkpt lat='36.7194883' lon='24.4285367'></trkpt>
	<trkpt lat='36.7189333' lon='24.43037'></trkpt>
	<trkpt lat='36.718415' lon='24.43625'></trkpt>
	<trkpt lat='36.7190783' lon='24.4456133'></trkpt>
	<trkpt lat='36.7200267' lon='24.4477267'></trkpt>
	<trkpt lat='36.7234267' lon='24.4519817'></trkpt>
	<trkpt lat='36.7221317' lon='24.4530867'></trkpt>
	<trkpt lat='36.7220133' lon='24.4534467'></trkpt>
	<trkpt lat='36.721345' lon='24.4538167'></trkpt>
	<trkpt lat='36.72048' lon='24.4495033'></trkpt>
	<trkpt lat='36.717515' lon='24.4410583'></trkpt>
	<trkpt lat='36.7169433' lon='24.4353533'></trkpt>
	<trkpt lat='36.7163033' lon='24.434025'></trkpt>
	<trkpt lat='36.7161783' lon='24.4327117'></trkpt>
	<trkpt lat='36.71631' lon='24.4289633'></trkpt>
	<trkpt lat='36.7159883' lon='24.4273983'></trkpt>
	<trkpt lat='36.7157317' lon='24.4185417'></trkpt>
	<trkpt lat='36.7168567' lon='24.4097717'></trkpt>
	<trkpt lat='36.7187517' lon='24.4025867'></trkpt>
	<trkpt lat='36.7191433' lon='24.4015167'></trkpt>
	<trkpt lat='36.7277967' lon='24.408375'></trkpt>
	<trkpt lat='36.7333183' lon='24.41328'></trkpt>
	<trkpt lat='36.73656' lon='24.399625'></trkpt>
	<trkpt lat='36.739425' lon='24.4016867'></trkpt>
	<trkpt lat='36.7443317' lon='24.40648'></trkpt>
	<trkpt lat='36.74517' lon='24.4068867'></trkpt>
	<trkpt lat='36.7462217' lon='24.40089'></trkpt>
	<trkpt lat='36.7468333' lon='24.3939667'></trkpt>
	<trkpt lat='36.7487383' lon='24.38044'></trkpt>
	<trkpt lat='36.752485' lon='24.3636433'></trkpt>
	<trkpt lat='36.754105' lon='24.3546133'></trkpt>
	<trkpt lat='36.7538717' lon='24.3426867'></trkpt>
	<trkpt lat='36.753375' lon='24.33983'></trkpt>
	<trkpt lat='36.7503217' lon='24.3351417'></trkpt>
	<trkpt lat='36.73873' lon='24.326755'></trkpt>
	<trkpt lat='36.7341383' lon='24.3243133'></trkpt>
	<trkpt lat='36.725725' lon='24.3208517'></trkpt>
	<trkpt lat='36.721295' lon='24.31829'></trkpt>
	<trkpt lat='36.7017667' lon='24.31046'></trkpt>
	<trkpt lat='36.69774' lon='24.308515'></trkpt>
	<trkpt lat='36.6892833' lon='24.30335'></trkpt>
	<trkpt lat='36.6867717' lon='24.302965'></trkpt>
	<trkpt lat='36.6837217' lon='24.3029333'></trkpt>
	<trkpt lat='36.6568167' lon='24.308685'></trkpt>
	<trkpt lat='36.6446933' lon='24.3184133'></trkpt>
	<trkpt lat='36.6416967' lon='24.3217317'></trkpt>
	<trkpt lat='36.6413367' lon='24.3228917'></trkpt>
	<trkpt lat='36.6413433' lon='24.3257117'></trkpt>
	<trkpt lat='36.6419783' lon='24.3283333'></trkpt>
	<trkpt lat='36.643525' lon='24.3322033'></trkpt>
	<trkpt lat='36.645965' lon='24.33496'></trkpt>
	<trkpt lat='36.6465683' lon='24.3349417'></trkpt>
	<trkpt lat='36.6476767' lon='24.33426'></trkpt>
	<trkpt lat='36.6482483' lon='24.3345667'></trkpt>
	<trkpt lat='36.6475483' lon='24.33467'></trkpt>
	<trkpt lat='36.64545' lon='24.3341583'></trkpt>
	<trkpt lat='36.6425567' lon='24.332735'></trkpt>
	<trkpt lat='36.64113' lon='24.3327033'></trkpt>
	<trkpt lat='36.6397117' lon='24.3321317'></trkpt>
	<trkpt lat='36.63817' lon='24.3227567'></trkpt>
	<trkpt lat='36.6381833' lon='24.3174733'></trkpt>
	<trkpt lat='36.63712' lon='24.3146283'></trkpt>
	<trkpt lat='36.6356083' lon='24.30443'></trkpt>
	<trkpt lat='36.6339517' lon='24.296585'></trkpt>
	<trkpt lat='36.6322317' lon='24.2853083'></trkpt>
	<trkpt lat='36.62629' lon='24.25348'></trkpt>
	<trkpt lat='36.6225517' lon='24.2313117'></trkpt>
	<trkpt lat='36.6213033' lon='24.2257967'></trkpt>
	<trkpt lat='36.6135617' lon='24.1816667'></trkpt>
	<trkpt lat='36.61225' lon='24.1760167'></trkpt>
	<trkpt lat='36.604115' lon='24.1310033'></trkpt>
	<trkpt lat='36.60394' lon='24.1287667'></trkpt>
	<trkpt lat='36.5888' lon='24.046965'></trkpt>
	<trkpt lat='36.58778' lon='24.0397933'></trkpt>
	<trkpt lat='36.5852967' lon='24.0276483'></trkpt>
	<trkpt lat='36.58317' lon='24.01371'></trkpt>
	<trkpt lat='36.58289' lon='24.0096383'></trkpt>
	<trkpt lat='36.5817733' lon='24.0058767'></trkpt>
	<trkpt lat='36.5802533' lon='23.9979133'></trkpt>
	<trkpt lat='36.5801333' lon='23.9956683'></trkpt>
	<trkpt lat='36.5787233' lon='23.9898183'></trkpt>
	<trkpt lat='36.5786017' lon='23.987755'></trkpt>
	<trkpt lat='36.5735033' lon='23.9610233'></trkpt>
	<trkpt lat='36.5731233' lon='23.95667'></trkpt>
	<trkpt lat='36.5723583' lon='23.95486'></trkpt>
	<trkpt lat='36.5696883' lon='23.94063'></trkpt>
	<trkpt lat='36.5642733' lon='23.90981'></trkpt>
	<trkpt lat='36.536285' lon='23.7591583'></trkpt>
	<trkpt lat='36.4688667' lon='23.3991467'></trkpt>
	<trkpt lat='36.4660433' lon='23.3858017'></trkpt>
	<trkpt lat='36.4497333' lon='23.3344867'></trkpt>
	<trkpt lat='36.4252617' lon='23.1783667'></trkpt>
	<trkpt lat='36.4239667' lon='23.1304883'></trkpt>
	<trkpt lat='36.451675' lon='22.9915183'></trkpt>
	<trkpt lat='36.4520867' lon='22.9901067'></trkpt>
	<trkpt lat='36.4565883' lon='22.98152'></trkpt>
	<trkpt lat='36.4574217' lon='22.9807767'></trkpt>
	<trkpt lat='36.4658417' lon='22.9792517'></trkpt>
	<trkpt lat='36.4653167' lon='22.9791517'></trkpt>
	<trkpt lat='36.4630717' lon='22.9790733'></trkpt>
	<trkpt lat='36.4621017' lon='22.9785533'></trkpt>
	<trkpt lat='36.460215' lon='22.976395'></trkpt>
	<trkpt lat='36.4590917' lon='22.9733583'></trkpt>
	<trkpt lat='36.4562983' lon='22.9611283'></trkpt>
	<trkpt lat='36.45482' lon='22.959115'></trkpt>
	<trkpt lat='36.454585' lon='22.9520733'></trkpt>
	<trkpt lat='36.45308' lon='22.9361767'></trkpt>
	<trkpt lat='36.4516417' lon='22.900925'></trkpt>
	<trkpt lat='36.4514117' lon='22.8808133'></trkpt>
	<trkpt lat='36.4499267' lon='22.8660267'></trkpt>
	<trkpt lat='36.45122' lon='22.8404417'></trkpt>
	<trkpt lat='36.44785' lon='22.7756167'></trkpt>
	<trkpt lat='36.4491167' lon='22.7677133'></trkpt>
	<trkpt lat='36.4496283' lon='22.7623967'></trkpt>
	<trkpt lat='36.44952' lon='22.7574317'></trkpt>
	<trkpt lat='36.4503217' lon='22.7545617'></trkpt>
	<trkpt lat='36.4506633' lon='22.7517833'></trkpt>
	<trkpt lat='36.4517983' lon='22.7485933'></trkpt>
	<trkpt lat='36.4509717' lon='22.7468333'></trkpt>
	<trkpt lat='36.4484117' lon='22.7446433'></trkpt>
	<trkpt lat='36.4492583' lon='22.7429383'></trkpt>
	<trkpt lat='36.4484383' lon='22.7337517'></trkpt>
	<trkpt lat='36.4459983' lon='22.693065'></trkpt>
	<trkpt lat='36.449205' lon='22.6843333'></trkpt>
	<trkpt lat='36.45137' lon='22.6794067'></trkpt>
	<trkpt lat='36.46279' lon='22.6562067'></trkpt>
	<trkpt lat='36.4648067' lon='22.6515617'></trkpt>
	<trkpt lat='36.4664017' lon='22.6463283'></trkpt>
	<trkpt lat='36.467495' lon='22.6396333'></trkpt>
	<trkpt lat='36.4687467' lon='22.63491'></trkpt>
	<trkpt lat='36.470695' lon='22.6250383'></trkpt>
	<trkpt lat='36.4723933' lon='22.6187317'></trkpt>
	<trkpt lat='36.473575' lon='22.6154767'></trkpt>
	<trkpt lat='36.4759283' lon='22.6110133'></trkpt>
	<trkpt lat='36.477585' lon='22.6052417'></trkpt>
	<trkpt lat='36.478405' lon='22.604213299999998'></trkpt>
	<trkpt lat='36.471345' lon='22.5867467'></trkpt>
	<trkpt lat='36.4741967' lon='22.5834583'></trkpt>
	<trkpt lat='36.47654' lon='22.5797983'></trkpt>
	<trkpt lat='36.4786067' lon='22.5745717'></trkpt>
	<trkpt lat='36.479465' lon='22.570695'></trkpt>
	<trkpt lat='36.4802383' lon='22.56969'></trkpt>
	<trkpt lat='36.4809583' lon='22.5694833'></trkpt>
	<trkpt lat='36.4757133' lon='22.5605833'></trkpt>
	<trkpt lat='36.4714917' lon='22.554585'></trkpt>
	<trkpt lat='36.4667433' lon='22.5470617'></trkpt>
	<trkpt lat='36.4633367' lon='22.5424167'></trkpt>
	<trkpt lat='36.4405733' lon='22.5075267'></trkpt>
	<trkpt lat='36.4366867' lon='22.4998017'></trkpt>
	<trkpt lat='36.4338767' lon='22.4901667'></trkpt>
	<trkpt lat='36.43156' lon='22.485125'></trkpt>
	<trkpt lat='36.4316034' lon='22.4845068'></trkpt>
	<trkpt lat='36.4315683' lon='22.4861067'></trkpt>
	<trkpt lat='36.4325467' lon='22.4880317'></trkpt>
	<trkpt lat='36.4333717' lon='22.4909617'></trkpt>
	<trkpt lat='36.4296117' lon='22.49943'></trkpt>
	<trkpt lat='36.4288567' lon='22.4999917'></trkpt>
	<trkpt lat='36.425265' lon='22.5008133'></trkpt>
	<trkpt lat='36.4221733' lon='22.505905'></trkpt>
	<trkpt lat='36.4193717' lon='22.50846'></trkpt>
	<trkpt lat='36.4176283' lon='22.5113983'></trkpt>
	<trkpt lat='36.4129667' lon='22.5149967'></trkpt>
	<trkpt lat='36.4083083' lon='22.5178267'></trkpt>
	<trkpt lat='36.4066317' lon='22.5193283'></trkpt>
	<trkpt lat='36.4061833' lon='22.5202683'></trkpt>
	<trkpt lat='36.405995' lon='22.5159383'></trkpt>
	<trkpt lat='36.40623' lon='22.509525'></trkpt>
	<trkpt lat='36.4021267' lon='22.5103817'></trkpt>
	<trkpt lat='36.3988033' lon='22.5103383'></trkpt>
	<trkpt lat='36.3965467' lon='22.5099717'></trkpt>
	<trkpt lat='36.3909217' lon='22.50819'></trkpt>
	<trkpt lat='36.3864' lon='22.5073317'></trkpt>
	<trkpt lat='36.3756133' lon='22.5065067'></trkpt>
	<trkpt lat='36.3767933' lon='22.5011583'></trkpt>
	<trkpt lat='36.377135' lon='22.4973633'></trkpt>
	<trkpt lat='36.3780767' lon='22.4928517'></trkpt>
	<trkpt lat='36.380411699999996' lon='22.48521'></trkpt>
	<trkpt lat='36.381245' lon='22.4813'></trkpt>
	<trkpt lat='36.3830383' lon='22.47708'></trkpt>
	<trkpt lat='36.389325' lon='22.4691833'></trkpt>
	<trkpt lat='36.392485' lon='22.463435'></trkpt>
	<trkpt lat='36.3984167' lon='22.4548417'></trkpt>
	<trkpt lat='36.4028767' lon='22.4497383'></trkpt>
	<trkpt lat='36.4039117' lon='22.4490633'></trkpt>
	<trkpt lat='36.4135017' lon='22.4379733'></trkpt>
	<trkpt lat='36.4170867' lon='22.4346883'></trkpt>
	<trkpt lat='36.421968299999996' lon='22.4310367'></trkpt>
	<trkpt lat='36.4240933' lon='22.4298433'></trkpt>
	<trkpt lat='36.4278567' lon='22.4266583'></trkpt>
	<trkpt lat='36.4353983' lon='22.4229683'></trkpt>
	<trkpt lat='36.4470633' lon='22.4161133'></trkpt>
	<trkpt lat='36.455965' lon='22.4115983'></trkpt>
	<trkpt lat='36.4623' lon='22.4076117'></trkpt>
	<trkpt lat='36.4734767' lon='22.4015383'></trkpt>
	<trkpt lat='36.47924' lon='22.39949'></trkpt>
	<trkpt lat='36.4808067' lon='22.4000117'></trkpt>
	<trkpt lat='36.4803733' lon='22.3993117'></trkpt>
	<trkpt lat='36.4799' lon='22.3992983'></trkpt>
	<trkpt lat='36.4803933' lon='22.3990417'></trkpt>
	<trkpt lat='36.4800033' lon='22.399005'></trkpt>
	<trkpt lat='36.4767833' lon='22.3989217'></trkpt>
	<trkpt lat='36.4708417' lon='22.39718'></trkpt>
	<trkpt lat='36.46873' lon='22.3960467'></trkpt>
	<trkpt lat='36.4668517' lon='22.3944217'></trkpt>
	<trkpt lat='36.46525' lon='22.3924767'></trkpt>
	<trkpt lat='36.4647883' lon='22.3913217'></trkpt>
	<trkpt lat='36.4646333' lon='22.3901083'></trkpt>
	<trkpt lat='36.465095' lon='22.3836917'></trkpt>
	<trkpt lat='36.4647033' lon='22.3813133'></trkpt>
	<trkpt lat='36.4626783' lon='22.3785567'></trkpt>
	<trkpt lat='36.4619183' lon='22.3766983'></trkpt>
	<trkpt lat='36.459695' lon='22.3671683'></trkpt>
	<trkpt lat='36.458095' lon='22.344'></trkpt>
	<trkpt lat='36.456215' lon='22.33277'></trkpt>
	<trkpt lat='36.4534483' lon='22.3220967'></trkpt>
	<trkpt lat='36.4523517' lon='22.3125983'></trkpt>
	<trkpt lat='36.4522917' lon='22.3069583'></trkpt>
	<trkpt lat='36.4516367' lon='22.3023017'></trkpt>
	<trkpt lat='36.4506567' lon='22.29916'></trkpt>
	<trkpt lat='36.4493333' lon='22.2909233'></trkpt>
	<trkpt lat='36.4477833' lon='22.2704233'></trkpt>
	<trkpt lat='36.4460883' lon='22.2591867'></trkpt>
	<trkpt lat='36.4453167' lon='22.2564817'></trkpt>
	<trkpt lat='36.4414367' lon='22.2470583'></trkpt>
	<trkpt lat='36.4378833' lon='22.24062'></trkpt>
	<trkpt lat='36.434565' lon='22.2327317'></trkpt>
	<trkpt lat='36.4267667' lon='22.2202767'></trkpt>
	<trkpt lat='36.4345967' lon='22.2170067'></trkpt>
	<trkpt lat='36.4429983' lon='22.2120033'></trkpt>
	<trkpt lat='36.4547783' lon='22.206215'></trkpt>
	<trkpt lat='36.4683533' lon='22.20165'></trkpt>
	<trkpt lat='36.4870433' lon='22.1934633'></trkpt>
	<trkpt lat='36.4970083' lon='22.1903883'></trkpt>
	<trkpt lat='36.5075867' lon='22.1860667'></trkpt>
	<trkpt lat='36.5125767' lon='22.18366'></trkpt>
	<trkpt lat='36.520385' lon='22.179295'></trkpt>
	<trkpt lat='36.5284267' lon='22.175865'></trkpt>
	<trkpt lat='36.5452617' lon='22.1657783'></trkpt>
	<trkpt lat='36.5540083' lon='22.1609'></trkpt>
	<trkpt lat='36.5672983' lon='22.1517883'></trkpt>
	<trkpt lat='36.5834817' lon='22.1381033'></trkpt>
	<trkpt lat='36.6058183' lon='22.1173033'></trkpt>
	<trkpt lat='36.620755' lon='22.10453'></trkpt>
	<trkpt lat='36.6470667' lon='22.0788983'></trkpt>
	<trkpt lat='36.667895' lon='22.0549767'></trkpt>
	<trkpt lat='36.6821783' lon='22.0362417'></trkpt>
	<trkpt lat='36.6877967' lon='22.027435'></trkpt>
	<trkpt lat='36.70314' lon='21.9961933'></trkpt>
	<trkpt lat='36.7117067' lon='21.98228'></trkpt>
	<trkpt lat='36.7162183' lon='21.97279'></trkpt>
	<trkpt lat='36.7214683' lon='21.9601283'></trkpt>
	<trkpt lat='36.7273567' lon='21.9443533'></trkpt>
	<trkpt lat='36.7318183' lon='21.9298617'></trkpt>
	<trkpt lat='36.7338767' lon='21.9250033'></trkpt>
	<trkpt lat='36.733705' lon='21.9235933'></trkpt>
	<trkpt lat='36.7149883' lon='21.8804317'></trkpt>
	<trkpt lat='36.7142183' lon='21.8769633'></trkpt>
	<trkpt lat='36.7141983' lon='21.8705533'></trkpt>
	<trkpt lat='36.7109567' lon='21.8657383'></trkpt>
	<trkpt lat='36.7015117' lon='21.8531333'></trkpt>
	<trkpt lat='36.704075' lon='21.8516183'></trkpt>
	<trkpt lat='36.7098833' lon='21.8497133'></trkpt>
	<trkpt lat='36.7156967' lon='21.8470517'></trkpt>
	<trkpt lat='36.724775' lon='21.8417517'></trkpt>
	<trkpt lat='36.7312717' lon='21.8407233'></trkpt>
	<trkpt lat='36.7335067' lon='21.840025'></trkpt>
	<trkpt lat='36.76061' lon='21.8233617'></trkpt>
	<trkpt lat='36.8033967' lon='21.8114333'></trkpt>
	<trkpt lat='36.8062417' lon='21.8097933'></trkpt>
	<trkpt lat='36.80658' lon='21.808825'></trkpt>
	<trkpt lat='36.80583' lon='21.8101971'></trkpt>
	<trkpt lat='36.8059817' lon='21.8104467'></trkpt>
	<trkpt lat='36.805545' lon='21.8101483'></trkpt>
	<trkpt lat='36.8025283' lon='21.8103433'></trkpt>
	<trkpt lat='36.7990117' lon='21.8099567'></trkpt>
	<trkpt lat='36.79443' lon='21.8088533'></trkpt>
	<trkpt lat='36.79041' lon='21.80656'></trkpt>
	<trkpt lat='36.7843583' lon='21.8024533'></trkpt>
	<trkpt lat='36.77996' lon='21.798365'></trkpt>
	<trkpt lat='36.774965' lon='21.792145'></trkpt>
	<trkpt lat='36.77001' lon='21.783865'></trkpt>
	<trkpt lat='36.7668117' lon='21.7761833'></trkpt>
	<trkpt lat='36.762675' lon='21.763035'></trkpt>
	<trkpt lat='36.765985' lon='21.7640417'></trkpt>
	<trkpt lat='36.7700383' lon='21.766215'></trkpt>
	<trkpt lat='36.776175' lon='21.7668717'></trkpt>
	<trkpt lat='36.7822667' lon='21.766735'></trkpt>
	<trkpt lat='36.7824883' lon='21.7662367'></trkpt>
	<trkpt lat='36.7815767' lon='21.7639267'></trkpt>
	<trkpt lat='36.7775683' lon='21.7567083'></trkpt>
	<trkpt lat='36.7757317' lon='21.751175'></trkpt>
	<trkpt lat='36.7737517' lon='21.746625'></trkpt>
	<trkpt lat='36.7728083' lon='21.7433017'></trkpt>
	<trkpt lat='36.773695' lon='21.7446'></trkpt>
	<trkpt lat='36.774565' lon='21.745125'></trkpt>
	<trkpt lat='36.77737' lon='21.74601'></trkpt>
	<trkpt lat='36.779495' lon='21.7464433'></trkpt>
	<trkpt lat='36.7846683' lon='21.7463817'></trkpt>
	<trkpt lat='36.78813' lon='21.7459333'></trkpt>
	<trkpt lat='36.790375' lon='21.7452683'></trkpt>
	<trkpt lat='36.7944467' lon='21.74369'></trkpt>
	<trkpt lat='36.796355' lon='21.7424583'></trkpt>
	<trkpt lat='36.7950583' lon='21.74075'></trkpt>
	<trkpt lat='36.790065' lon='21.731745'></trkpt>
	<trkpt lat='36.7888633' lon='21.7281967'></trkpt>
	<trkpt lat='36.7880833' lon='21.7245183'></trkpt>
	<trkpt lat='36.7917383' lon='21.7234683'></trkpt>
	<trkpt lat='36.812205' lon='21.7133817'></trkpt>
	<trkpt lat='36.81089' lon='21.71234'></trkpt>
	<trkpt lat='36.8085667' lon='21.7096967'></trkpt>
	<trkpt lat='36.80472' lon='21.7026917'></trkpt>
	<trkpt lat='36.80278' lon='21.7001233'></trkpt>
	<trkpt lat='36.8084683' lon='21.6997467'></trkpt>
	<trkpt lat='36.8157017' lon='21.6998983'></trkpt>
	<trkpt lat='36.8144967' lon='21.69869'></trkpt>
	<trkpt lat='36.8142917' lon='21.6972033'></trkpt>
	<trkpt lat='36.8140883' lon='21.6747683'></trkpt>
	<trkpt lat='36.8153767' lon='21.674595'></trkpt>
	<trkpt lat='36.8331167' lon='21.675585'></trkpt>
	<trkpt lat='36.8787533' lon='21.6741217'></trkpt>
	<trkpt lat='36.8822717' lon='21.674319999999998'></trkpt>
	<trkpt lat='36.9123217' lon='21.686335'></trkpt>
	<trkpt lat='36.91351' lon='21.6872033'></trkpt>
	<trkpt lat='36.9163383' lon='21.6911017'></trkpt>
	<trkpt lat='36.9206083' lon='21.6996267'></trkpt>
	<trkpt lat='36.9201883' lon='21.7007767'></trkpt>
	<trkpt lat='36.92042' lon='21.7013917'></trkpt>
	<trkpt lat='36.9220683' lon='21.7028167'></trkpt>
	<trkpt lat='36.9219217' lon='21.7022133'></trkpt>
	<trkpt lat='36.921605' lon='21.70279'></trkpt>
	<trkpt lat='36.9195767' lon='21.7009167'></trkpt>
	<trkpt lat='36.9183067' lon='21.6991617'></trkpt>
	<trkpt lat='36.9184183' lon='21.6994817'></trkpt>
	<trkpt lat='36.9191967' lon='21.7006283'></trkpt>
	<trkpt lat='36.9197017' lon='21.7008433'></trkpt>
	<trkpt lat='36.92018' lon='21.7006'></trkpt>
	<trkpt lat='36.9203083' lon='21.699995'></trkpt>
	<trkpt lat='36.917385' lon='21.6913083'></trkpt>
	<trkpt lat='36.9084933' lon='21.6702983'></trkpt>
	<trkpt lat='36.908564999999996' lon='21.6687717'></trkpt>
	<trkpt lat='36.910105' lon='21.6632233'></trkpt>
	<trkpt lat='36.9106967' lon='21.6622517'></trkpt>
	<trkpt lat='36.91475' lon='21.660835'></trkpt>
	<trkpt lat='36.9234267' lon='21.659095'></trkpt>
	<trkpt lat='36.939895' lon='21.654365'></trkpt>
	<trkpt lat='36.9397533' lon='21.6535667'></trkpt>
	<trkpt lat='36.93792' lon='21.652045'></trkpt>
	<trkpt lat='36.9345083' lon='21.6479483'></trkpt>
	<trkpt lat='36.9271083' lon='21.6376217'></trkpt>
	<trkpt lat='36.9239067' lon='21.63373'></trkpt>
	<trkpt lat='36.92548' lon='21.6330183'></trkpt>
	<trkpt lat='36.9309133' lon='21.6316283'></trkpt>
	<trkpt lat='36.9410667' lon='21.62789'></trkpt>
	<trkpt lat='36.957715' lon='21.6210567'></trkpt>
	<trkpt lat='36.960605' lon='21.62165'></trkpt>
	<trkpt lat='36.9650433' lon='21.6203617'></trkpt>
	<trkpt lat='36.97866' lon='21.615635'></trkpt>
	<trkpt lat='37.00021' lon='21.60708'></trkpt>
	<trkpt lat='37.0040967' lon='21.6058383'></trkpt>
	<trkpt lat='37.008795' lon='21.6050267'></trkpt>
	<trkpt lat='37.0093433' lon='21.6046783'></trkpt>
	<trkpt lat='37.0073267' lon='21.6001833'></trkpt>
	<trkpt lat='37.0054117' lon='21.597595'></trkpt>
	<trkpt lat='37.040435' lon='21.5833733'></trkpt>
	<trkpt lat='37.0457967' lon='21.5806233'></trkpt>
	<trkpt lat='37.05016' lon='21.5768683'></trkpt>
	<trkpt lat='37.0516017' lon='21.576275'></trkpt>
	<trkpt lat='37.05107' lon='21.5748917'></trkpt>
	<trkpt lat='37.050005' lon='21.5733717'></trkpt>
	<trkpt lat='37.0465567' lon='21.5697167'></trkpt>
	<trkpt lat='37.0452767' lon='21.5677133'></trkpt>
	<trkpt lat='37.0460467' lon='21.5640067'></trkpt>
	<trkpt lat='37.045695' lon='21.559975'></trkpt>
	<trkpt lat='37.0448617' lon='21.558035'></trkpt>
	<trkpt lat='37.0449533' lon='21.5578017'></trkpt>
	<trkpt lat='37.04623' lon='21.5595383'></trkpt>
	<trkpt lat='37.048245' lon='21.5613467'></trkpt>
	<trkpt lat='37.0542233' lon='21.5631033'></trkpt>
	<trkpt lat='37.059405' lon='21.5633567'></trkpt>
	<trkpt lat='37.0637933' lon='21.562385'></trkpt>
	<trkpt lat='37.0694017' lon='21.5601333'></trkpt>
	<trkpt lat='37.0737983' lon='21.5577517'></trkpt>
	<trkpt lat='37.0780867' lon='21.5549917'></trkpt>
	<trkpt lat='37.0819617' lon='21.5519517'></trkpt>
	<trkpt lat='37.08434' lon='21.55143'></trkpt>
	<trkpt lat='37.0910067' lon='21.5488967'></trkpt>
	<trkpt lat='37.0938683' lon='21.5466333'></trkpt>
	<trkpt lat='37.0964617' lon='21.54328'></trkpt>
	<trkpt lat='37.0973767' lon='21.542825'></trkpt>
	<trkpt lat='37.1158483' lon='21.5361317'></trkpt>
	<trkpt lat='37.121805' lon='21.5365883'></trkpt>
	<trkpt lat='37.1251583' lon='21.5377233'></trkpt>
	<trkpt lat='37.1263733' lon='21.5384367'></trkpt>
	<trkpt lat='37.131775' lon='21.5384567'></trkpt>
	<trkpt lat='37.1373933' lon='21.53631'></trkpt>
	<trkpt lat='37.1483917' lon='21.5313433'></trkpt>
	<trkpt lat='37.1571617' lon='21.5262483'></trkpt>
	<trkpt lat='37.1699683' lon='21.5195583'></trkpt>
	<trkpt lat='37.1838' lon='21.5113517'></trkpt>
	<trkpt lat='37.1975117' lon='21.5056333'></trkpt>
	<trkpt lat='37.20873' lon='21.4997383'></trkpt>
	<trkpt lat='37.2234933' lon='21.49115'></trkpt>
	<trkpt lat='37.2278783' lon='21.4877367'></trkpt>
	<trkpt lat='37.2322317' lon='21.4858383'></trkpt>
	<trkpt lat='37.2360167' lon='21.4821733'></trkpt>
	<trkpt lat='37.2445083' lon='21.4750683'></trkpt>
	<trkpt lat='37.247795' lon='21.4718033'></trkpt>
	<trkpt lat='37.2509133' lon='21.4684567'></trkpt>
	<trkpt lat='37.2549167' lon='21.4629333'></trkpt>
	<trkpt lat='37.26122' lon='21.4563067'></trkpt>
	<trkpt lat='37.263233299999996' lon='21.453123299999998'></trkpt>
	<trkpt lat='37.271248299999996' lon='21.4460467'></trkpt>
	<trkpt lat='37.27442' lon='21.441965'></trkpt>
	<trkpt lat='37.2849617' lon='21.4335417'></trkpt>
	<trkpt lat='37.2900767' lon='21.43085'></trkpt>
	<trkpt lat='37.2945117' lon='21.429328299999998'></trkpt>
	<trkpt lat='37.2972183' lon='21.4275417'></trkpt>
	<trkpt lat='37.299695' lon='21.4263683'></trkpt>
	<trkpt lat='37.3089767' lon='21.42439'></trkpt>
	<trkpt lat='37.491585' lon='21.3801517'></trkpt>
	<trkpt lat='37.4990783' lon='21.3774133'></trkpt>
	<trkpt lat='37.5017083' lon='21.3768967'></trkpt>
	<trkpt lat='37.5028233' lon='21.3769883'></trkpt>
	<trkpt lat='37.503975' lon='21.3765833'></trkpt>
	<trkpt lat='37.5174817' lon='21.3709733'></trkpt>
	<trkpt lat='37.53634' lon='21.36744'></trkpt>
	<trkpt lat='37.6359733' lon='21.3447683'></trkpt>
	<trkpt lat='37.6374433' lon='21.3442367'></trkpt>
	<trkpt lat='37.6387683' lon='21.3433233'></trkpt>
	<trkpt lat='37.64361' lon='21.3379817'></trkpt>
	<trkpt lat='37.6477167' lon='21.33202'></trkpt>
	<trkpt lat='37.652055' lon='21.3249383'></trkpt>
	<trkpt lat='37.6529401' lon='21.322753'></trkpt>
	<trkpt lat='37.6525467' lon='21.3230933'></trkpt>
	<trkpt lat='37.6524567' lon='21.3231333'></trkpt>
	<trkpt lat='37.6521533' lon='21.3245483'></trkpt>
	<trkpt lat='37.649415' lon='21.3311383'></trkpt>
	<trkpt lat='37.6489233' lon='21.3318133'></trkpt>
	<trkpt lat='37.648115' lon='21.3317733'></trkpt>
	<trkpt lat='37.641935' lon='21.3293083'></trkpt>
	<trkpt lat='37.63807' lon='21.3284267'></trkpt>
	<trkpt lat='37.6308683' lon='21.3248183'></trkpt>
	<trkpt lat='37.6291517' lon='21.32309'></trkpt>
	<trkpt lat='37.6265533' lon='21.3165833'></trkpt>
	<trkpt lat='37.6258767' lon='21.3120167'></trkpt>
	<trkpt lat='37.6257333' lon='21.306165'></trkpt>
	<trkpt lat='37.623715' lon='21.29206'></trkpt>
	<trkpt lat='37.62101' lon='21.2436583'></trkpt>
	<trkpt lat='37.6170733' lon='21.2119383'></trkpt>
	<trkpt lat='37.6164983' lon='21.2013133'></trkpt>
	<trkpt lat='37.615325' lon='21.1927783'></trkpt>
	<trkpt lat='37.61441' lon='21.181'></trkpt>
	<trkpt lat='37.6118883' lon='21.1672883'></trkpt>
	<trkpt lat='37.6122667' lon='21.16796'></trkpt>
	<trkpt lat='37.6129667' lon='21.168105'></trkpt>
	<trkpt lat='37.6198717' lon='21.1682367'></trkpt>
	<trkpt lat='37.62734' lon='21.1676883'></trkpt>
	<trkpt lat='37.6455383' lon='21.1699567'></trkpt>
	<trkpt lat='37.655235' lon='21.17023'></trkpt>
	<trkpt lat='37.6652167' lon='21.1718883'></trkpt>
	<trkpt lat='37.6796483' lon='21.1736583'></trkpt>
	<trkpt lat='37.69226' lon='21.1760583'></trkpt>
	<trkpt lat='37.7072367' lon='21.179605'></trkpt>
	<trkpt lat='37.7057783' lon='21.1610267'></trkpt>
	<trkpt lat='37.705045' lon='21.1357683'></trkpt>
	<trkpt lat='37.70536' lon='21.1109383'></trkpt>
	<trkpt lat='37.70514' lon='21.0845483'></trkpt>
	<trkpt lat='37.7063633' lon='21.0557383'></trkpt>
	<trkpt lat='37.70645' lon='21.0477783'></trkpt>
	<trkpt lat='37.705895' lon='21.0294917'></trkpt>
	<trkpt lat='37.706685' lon='21.0130167'></trkpt>
	<trkpt lat='37.707115' lon='21.0126983'></trkpt>
	<trkpt lat='37.7189233' lon='21.019955'></trkpt>
	<trkpt lat='37.7244817' lon='21.0237317'></trkpt>
	<trkpt lat='37.73526' lon='21.0319283'></trkpt>
	<trkpt lat='37.7428833' lon='21.0362567'></trkpt>
	<trkpt lat='37.743905' lon='21.0118333'></trkpt>
	<trkpt lat='37.7442983' lon='21.01155'></trkpt>
	<trkpt lat='37.757155' lon='21.01869'></trkpt>
	<trkpt lat='37.7692517' lon='21.0243917'></trkpt>
	<trkpt lat='37.7789383' lon='21.0283367'></trkpt>
	<trkpt lat='37.78669' lon='21.0303533'></trkpt>
	<trkpt lat='37.785535' lon='21.0273283'></trkpt>
	<trkpt lat='37.7820833' lon='21.0146933'></trkpt>
	<trkpt lat='37.7765733' lon='20.992425'></trkpt>
	<trkpt lat='37.7720433' lon='20.9693383'></trkpt>
	<trkpt lat='37.7714083' lon='20.9589917'></trkpt>
	<trkpt lat='37.7822583' lon='20.9655'></trkpt>
	<trkpt lat='37.7810533' lon='20.9469033'></trkpt>
	<trkpt lat='37.7810467' lon='20.9394417'></trkpt>
	<trkpt lat='37.781645' lon='20.9316383'></trkpt>
	<trkpt lat='37.7838967' lon='20.915465'></trkpt>
	<trkpt lat='37.7847367' lon='20.906585'></trkpt>
	<trkpt lat='37.7888583' lon='20.902125'></trkpt>
	<trkpt lat='37.7883367' lon='20.9020617'></trkpt>
	<trkpt lat='37.788445' lon='20.90222'></trkpt>
	<trkpt lat='37.7874467' lon='20.9034033'></trkpt>
	<trkpt lat='37.78379' lon='20.9062667'></trkpt>
	<trkpt lat='37.78167' lon='20.90693'></trkpt>
	<trkpt lat='37.7807133' lon='20.9063967'></trkpt>
	<trkpt lat='37.780699999999996' lon='20.905218299999998'></trkpt>
	<trkpt lat='37.781215' lon='20.904825'></trkpt>
	<trkpt lat='37.7821617' lon='20.90486'></trkpt>
	<trkpt lat='37.7819317' lon='20.9043617'></trkpt>
	<trkpt lat='37.7826683' lon='20.9032033'></trkpt>
	<trkpt lat='37.78294' lon='20.901725'></trkpt>
	<trkpt lat='37.7837417' lon='20.9008567'></trkpt>
	<trkpt lat='37.7805333' lon='20.904675'></trkpt>
	<trkpt lat='37.7806617' lon='20.9056117'></trkpt>
	<trkpt lat='37.781625' lon='20.9063983'></trkpt>
	<trkpt lat='37.78824' lon='20.9072083'></trkpt>
	<trkpt lat='37.8006283' lon='20.91192'></trkpt>
	<trkpt lat='37.8040583' lon='20.9118117'></trkpt>
	<trkpt lat='37.8161633' lon='20.908295'></trkpt>
	<trkpt lat='37.8195583' lon='20.9064767'></trkpt>
	<trkpt lat='37.83762' lon='20.8911633'></trkpt>
	<trkpt lat='37.9626317' lon='20.69841'></trkpt>
	<trkpt lat='37.961905' lon='20.6989833'></trkpt>
	<trkpt lat='37.9678067' lon='20.6885633'></trkpt>
	<trkpt lat='37.99578' lon='20.6461483'></trkpt>
	<trkpt lat='38.0434617' lon='20.5722967'></trkpt>
	<trkpt lat='38.045595' lon='20.5691017'></trkpt>
	<trkpt lat='38.0483817' lon='20.5659333'></trkpt>
	<trkpt lat='38.0835267' lon='20.512115'></trkpt>
	<trkpt lat='38.103905' lon='20.4900633'></trkpt>
	<trkpt lat='38.1056817' lon='20.4880233'></trkpt>
	<trkpt lat='38.1074417' lon='20.4853317'></trkpt>
	<trkpt lat='38.1157033' lon='20.47568'></trkpt>
	<trkpt lat='38.1195983' lon='20.4734717'></trkpt>
	<trkpt lat='38.12067' lon='20.47319'></trkpt>
	<trkpt lat='38.1419767' lon='20.47003'></trkpt>
	<trkpt lat='38.143625' lon='20.46952'></trkpt>
	<trkpt lat='38.1447117' lon='20.46861'></trkpt>
	<trkpt lat='38.14493' lon='20.4671633'></trkpt>
	<trkpt lat='38.14951' lon='20.4658483'></trkpt>
	<trkpt lat='38.1555117' lon='20.4649467'></trkpt>
	<trkpt lat='38.15912' lon='20.46218'></trkpt>
	<trkpt lat='38.1632867' lon='20.4614017'></trkpt>
	<trkpt lat='38.1678517' lon='20.4611133'></trkpt>
	<trkpt lat='38.173384999999996' lon='20.460108299999998'></trkpt>
	<trkpt lat='38.1756683' lon='20.4600833'></trkpt>
	<trkpt lat='38.1810233' lon='20.4609617'></trkpt>
	<trkpt lat='38.186576699999996' lon='20.462685'></trkpt>
	<trkpt lat='38.19641' lon='20.46443'></trkpt>
	<trkpt lat='38.1980967' lon='20.46457'></trkpt>
	<trkpt lat='38.2032367' lon='20.46406'></trkpt>
	<trkpt lat='38.20152' lon='20.46333'></trkpt>
	<trkpt lat='38.1968383' lon='20.4760083'></trkpt>
	<trkpt lat='38.1953933' lon='20.4781167'></trkpt>
	<trkpt lat='38.193345' lon='20.4828817'></trkpt>
	<trkpt lat='38.191005' lon='20.4865967'></trkpt>
	<trkpt lat='38.18886' lon='20.488815'></trkpt>
	<trkpt lat='38.18045' lon='20.4951367'></trkpt>
	<trkpt lat='38.1812283' lon='20.4949117'></trkpt>
	<trkpt lat='38.1816417' lon='20.4936017'></trkpt>
	<trkpt lat='38.18149' lon='20.4944967'></trkpt>
	<trkpt lat='38.1803833' lon='20.4951333'></trkpt>
	<trkpt lat='38.1803033' lon='20.4954217'></trkpt>
	<trkpt lat='38.181419999999996' lon='20.4945833'></trkpt>
	<trkpt lat='38.1820567' lon='20.49348'></trkpt>
	<trkpt lat='38.1859317' lon='20.4913617'></trkpt>
	<trkpt lat='38.1893783' lon='20.487975'></trkpt>
	<trkpt lat='38.1924117' lon='20.4840933'></trkpt>
	<trkpt lat='38.19731' lon='20.4762083'></trkpt>
	<trkpt lat='38.1975367' lon='20.474945'></trkpt>
	<trkpt lat='38.1968417' lon='20.4718283'></trkpt>
	<trkpt lat='38.1946783' lon='20.46788'></trkpt>
	<trkpt lat='38.192795' lon='20.46571'></trkpt>
	<trkpt lat='38.1904183' lon='20.4645217'></trkpt>
	<trkpt lat='38.187955' lon='20.46422'></trkpt>
	<trkpt lat='38.1641167' lon='20.4668433'></trkpt>
	<trkpt lat='38.1335167' lon='20.4675383'></trkpt>
	<trkpt lat='38.1112883' lon='20.4806033'></trkpt>
	<trkpt lat='38.1097067' lon='20.482215'></trkpt>
	<trkpt lat='38.1080833' lon='20.4828883'></trkpt>
	<trkpt lat='38.1052933' lon='20.484935'></trkpt>
	<trkpt lat='38.1032883' lon='20.4858867'></trkpt>
	<trkpt lat='38.10093' lon='20.4878567'></trkpt>
	<trkpt lat='38.096035' lon='20.4900867'></trkpt>
	<trkpt lat='38.0889183' lon='20.4947'></trkpt>
	<trkpt lat='38.0856467' lon='20.496095'></trkpt>
	<trkpt lat='38.0822633' lon='20.4984767'></trkpt>
	<trkpt lat='38.0760167' lon='20.5016717'></trkpt>
	<trkpt lat='38.07194' lon='20.5044317'></trkpt>
	<trkpt lat='38.0678533' lon='20.506395'></trkpt>
	<trkpt lat='38.06523' lon='20.5082233'></trkpt>
	<trkpt lat='38.056271699999996' lon='20.5124617'></trkpt>
	<trkpt lat='38.05238' lon='20.5148633'></trkpt>
	<trkpt lat='38.042996699999996' lon='20.5187117'></trkpt>
	<trkpt lat='38.0391983' lon='20.5209417'></trkpt>
	<trkpt lat='38.03093' lon='20.524035'></trkpt>
	<trkpt lat='38.0289867' lon='20.5252767'></trkpt>
	<trkpt lat='38.02458' lon='20.52672'></trkpt>
	<trkpt lat='38.02228' lon='20.5279367'></trkpt>
	<trkpt lat='38.0198467' lon='20.5285633'></trkpt>
	<trkpt lat='38.0138567' lon='20.5321817'></trkpt>
	<trkpt lat='38.0127433' lon='20.5324733'></trkpt>
	<trkpt lat='38.0099117' lon='20.53145'></trkpt>
	<trkpt lat='38.0067717' lon='20.532055'></trkpt>
	<trkpt lat='37.99863' lon='20.53181'></trkpt>
	<trkpt lat='37.97908' lon='20.5332117'></trkpt>
	<trkpt lat='37.9708583' lon='20.5356917'></trkpt>
	<trkpt lat='37.965515' lon='20.5382817'></trkpt>
	<trkpt lat='37.9603133' lon='20.5417533'></trkpt>
	<trkpt lat='37.954185' lon='20.5464233'></trkpt>
	<trkpt lat='37.944525' lon='20.55593'></trkpt>
	<trkpt lat='37.93696' lon='20.563975'></trkpt>
	<trkpt lat='37.9016717' lon='20.59327'></trkpt>
	<trkpt lat='37.9002783' lon='20.5927433'></trkpt>
	<trkpt lat='37.89875' lon='20.5929433'></trkpt>
	<trkpt lat='37.8955667' lon='20.5954617'></trkpt>
	<trkpt lat='37.8954317' lon='20.5960533'></trkpt>
	<trkpt lat='37.8969133' lon='20.59537'></trkpt>
	<trkpt lat='37.8959233' lon='20.5958133'></trkpt>
	<trkpt lat='37.89492' lon='20.5967667'></trkpt>
	<trkpt lat='37.8850983' lon='20.607325'></trkpt>
	<trkpt lat='37.8818533' lon='20.61017'></trkpt>
	<trkpt lat='37.8747633' lon='20.6172867'></trkpt>
	<trkpt lat='37.8716217' lon='20.6199267'></trkpt>
	<trkpt lat='37.8703867' lon='20.6204667'></trkpt>
	<trkpt lat='37.8692867' lon='20.6204917'></trkpt>
	<trkpt lat='37.8680983' lon='20.61984'></trkpt>
	<trkpt lat='37.8669717' lon='20.6198067'></trkpt>
	<trkpt lat='37.8630267' lon='20.622065'></trkpt>
	<trkpt lat='37.8632367' lon='20.6191667'></trkpt>
	<trkpt lat='37.862765' lon='20.6175867'></trkpt>
	<trkpt lat='37.86179' lon='20.6164117'></trkpt>
	<trkpt lat='37.85923' lon='20.61578'></trkpt>
	<trkpt lat='37.851975' lon='20.614385'></trkpt>
	<trkpt lat='37.8337667' lon='20.612625'></trkpt>
	<trkpt lat='37.82469' lon='20.6123283'></trkpt>
	<trkpt lat='37.821619999999996' lon='20.6129817'></trkpt>
	<trkpt lat='37.8188183' lon='20.6131133'></trkpt>
	<trkpt lat='37.8177233' lon='20.612535'></trkpt>
	<trkpt lat='37.8168533' lon='20.613055'></trkpt>
	<trkpt lat='37.8133833' lon='20.616965'></trkpt>
	<trkpt lat='37.8087367' lon='20.62307'></trkpt>
	<trkpt lat='37.8015033' lon='20.6311383'></trkpt>
	<trkpt lat='37.7969833' lon='20.6373033'></trkpt>
	<trkpt lat='37.7941467' lon='20.640245'></trkpt>
	<trkpt lat='37.7916183' lon='20.643775'></trkpt>
	<trkpt lat='37.7821717' lon='20.6538167'></trkpt>
	<trkpt lat='37.778365' lon='20.6585917'></trkpt>
	<trkpt lat='37.7744017' lon='20.6651517'></trkpt>
	<trkpt lat='37.7724317' lon='20.66908'></trkpt>
	<trkpt lat='37.77214' lon='20.6713633'></trkpt>
	<trkpt lat='37.7730267' lon='20.6746667'></trkpt>
	<trkpt lat='37.7729617' lon='20.6752383'></trkpt>
	<trkpt lat='37.7725352' lon='20.6754352'></trkpt>
	<trkpt lat='37.7729583' lon='20.6760633'></trkpt>
	<trkpt lat='37.7733301' lon='20.6757097'></trkpt>
	<trkpt lat='37.7729664' lon='20.6760819'></trkpt>
	<trkpt lat='37.7716417' lon='20.6682133'></trkpt>
	<trkpt lat='37.770875' lon='20.6672267'></trkpt>
	<trkpt lat='37.76992' lon='20.66795'></trkpt>
	<trkpt lat='37.7645483' lon='20.6691267'></trkpt>
	<trkpt lat='37.7617067' lon='20.671385'></trkpt>
	<trkpt lat='37.7566833' lon='20.6743267'></trkpt>
	<trkpt lat='37.75319' lon='20.6755167'></trkpt>
	<trkpt lat='37.7505467' lon='20.6769717'></trkpt>
	<trkpt lat='37.743875' lon='20.6812917'></trkpt>
	<trkpt lat='37.7426783' lon='20.6810767'></trkpt>
	<trkpt lat='37.7413317' lon='20.6803467'></trkpt>
	<trkpt lat='37.729455' lon='20.6894233'></trkpt>
	<trkpt lat='37.723165' lon='20.69522'></trkpt>
	<trkpt lat='37.72199' lon='20.6953167'></trkpt>
	<trkpt lat='37.7207883' lon='20.69584'></trkpt>
	<trkpt lat='37.7149233' lon='20.70187'></trkpt>
	<trkpt lat='37.7006817' lon='20.71798'></trkpt>
	<trkpt lat='37.678651699999996' lon='20.74122'></trkpt>
	<trkpt lat='37.6740833' lon='20.7503917'></trkpt>
	<trkpt lat='37.66937' lon='20.7573583'></trkpt>
	<trkpt lat='37.66741' lon='20.7609'></trkpt>
	<trkpt lat='37.6652433' lon='20.7641767'></trkpt>
	<trkpt lat='37.6639417' lon='20.763935'></trkpt>
	<trkpt lat='37.6628867' lon='20.7646317'></trkpt>
	<trkpt lat='37.658845' lon='20.771185'></trkpt>
	<trkpt lat='37.6529317' lon='20.7789383'></trkpt>
	<trkpt lat='37.6454967' lon='20.7898067'></trkpt>
	<trkpt lat='37.6410967' lon='20.798315'></trkpt>
	<trkpt lat='37.6387067' lon='20.8019417'></trkpt>
	<trkpt lat='37.6376883' lon='20.8053333'></trkpt>
	<trkpt lat='37.6367633' lon='20.8112767'></trkpt>
	<trkpt lat='37.63421' lon='20.82043'></trkpt>
	<trkpt lat='37.63423' lon='20.8218517'></trkpt>
	<trkpt lat='37.6323883' lon='20.82513'></trkpt>
	<trkpt lat='37.6308783' lon='20.8304317'></trkpt>
	<trkpt lat='37.6311167' lon='20.83569'></trkpt>
	<trkpt lat='37.6299967' lon='20.84277'></trkpt>
	<trkpt lat='37.62984' lon='20.8579967'></trkpt>
	<trkpt lat='37.6266467' lon='20.87789'></trkpt>
	<trkpt lat='37.6242683' lon='20.89594'></trkpt>
	<trkpt lat='37.62439' lon='20.9032467'></trkpt>
	<trkpt lat='37.62609' lon='20.9190983'></trkpt>
	<trkpt lat='37.6277217' lon='20.9284467'></trkpt>
	<trkpt lat='37.633265' lon='20.953835'></trkpt>
	<trkpt lat='37.63359' lon='20.9499167'></trkpt>
	<trkpt lat='37.6373917' lon='20.9386333'></trkpt>
	<trkpt lat='37.6400933' lon='20.9237067'></trkpt>
	<trkpt lat='37.646095' lon='20.8963633'></trkpt>
	<trkpt lat='37.6484967' lon='20.8834883'></trkpt>
	<trkpt lat='37.6510917' lon='20.8921417'></trkpt>
	<trkpt lat='37.658335' lon='20.9089'></trkpt>
	<trkpt lat='37.6614567' lon='20.91434'></trkpt>
	<trkpt lat='37.6632417' lon='20.9167067'></trkpt>
	<trkpt lat='37.6719783' lon='20.9268167'></trkpt>
	<trkpt lat='37.6741767' lon='20.9308383'></trkpt>
	<trkpt lat='37.67683' lon='20.9345683'></trkpt>
	<trkpt lat='37.6799633' lon='20.9419883'></trkpt>
	<trkpt lat='37.6808217' lon='20.9433283'></trkpt>
	<trkpt lat='37.6821217' lon='20.94083'></trkpt>
	<trkpt lat='37.6881717' lon='20.924725'></trkpt>
	<trkpt lat='37.6891733' lon='20.9210983'></trkpt>
	<trkpt lat='37.69019' lon='20.9153517'></trkpt>
	<trkpt lat='37.6927583' lon='20.90612'></trkpt>
	<trkpt lat='37.6944683' lon='20.89847'></trkpt>
	<trkpt lat='37.6950433' lon='20.8966433'></trkpt>
	<trkpt lat='37.697595' lon='20.89152'></trkpt>
	<trkpt lat='37.70076' lon='20.8812233'></trkpt>
	<trkpt lat='37.7026983' lon='20.8730333'></trkpt>
	<trkpt lat='37.7066133' lon='20.8653683'></trkpt>
	<trkpt lat='37.7086833' lon='20.8627967'></trkpt>
	<trkpt lat='37.7102083' lon='20.8617517'></trkpt>
	<trkpt lat='37.71038' lon='20.86159'></trkpt>
	<trkpt lat='37.7092317' lon='20.864845'></trkpt>
	<trkpt lat='37.7066733' lon='20.87613'></trkpt>
	<trkpt lat='37.7050433' lon='20.8883267'></trkpt>
	<trkpt lat='37.70309' lon='20.89658'></trkpt>
	<trkpt lat='37.699635' lon='20.9068633'></trkpt>
	<trkpt lat='37.698935' lon='20.9159733'></trkpt>
	<trkpt lat='37.69662' lon='20.9315183'></trkpt>
	<trkpt lat='37.6952667' lon='20.93627'></trkpt>
	<trkpt lat='37.695015' lon='20.9385267'></trkpt>
	<trkpt lat='37.6942383' lon='20.9406617'></trkpt>
	<trkpt lat='37.6932233' lon='20.9464517'></trkpt>
	<trkpt lat='37.692935' lon='20.9512483'></trkpt>
	<trkpt lat='37.69155' lon='20.9569433'></trkpt>
	<trkpt lat='37.691375' lon='20.9606567'></trkpt>
	<trkpt lat='37.6915983' lon='20.9623867'></trkpt>
	<trkpt lat='37.6908783' lon='20.9684'></trkpt>
	<trkpt lat='37.69106' lon='20.9728967'></trkpt>
	<trkpt lat='37.69184' lon='20.978975'></trkpt>
	<trkpt lat='37.6936417' lon='20.985835'></trkpt>
	<trkpt lat='37.6943417' lon='20.9903717'></trkpt>
	<trkpt lat='37.6957883' lon='20.9944567'></trkpt>
	<trkpt lat='37.699715' lon='21.0015783'></trkpt>
	<trkpt lat='37.7022217' lon='21.0046867'></trkpt>
	<trkpt lat='37.70735' lon='21.00974'></trkpt>
	<trkpt lat='37.7089183' lon='21.011'></trkpt>
	<trkpt lat='37.713535' lon='21.0136417'></trkpt>
	<trkpt lat='37.7218517' lon='21.0173917'></trkpt>
	<trkpt lat='37.7283033' lon='21.021825'></trkpt>
	<trkpt lat='37.7371433' lon='21.0271817'></trkpt>
	<trkpt lat='37.7460833' lon='21.0314533'></trkpt>
	<trkpt lat='37.7585783' lon='21.0358567'></trkpt>
	<trkpt lat='37.7748133' lon='21.0393833'></trkpt>
	<trkpt lat='37.7899317' lon='21.0436567'></trkpt>
	<trkpt lat='37.8021917' lon='21.0482983'></trkpt>
	<trkpt lat='37.8063017' lon='21.0501583'></trkpt>
	<trkpt lat='37.8226733' lon='21.0587267'></trkpt>
	<trkpt lat='37.835785' lon='21.0647567'></trkpt>
	<trkpt lat='37.8642767' lon='21.07444'></trkpt>
	<trkpt lat='37.8728217' lon='21.077695'></trkpt>
	<trkpt lat='37.8783667' lon='21.07913'></trkpt>
	<trkpt lat='37.8890733' lon='21.0798267'></trkpt>
	<trkpt lat='37.9004883' lon='21.0817083'></trkpt>
	<trkpt lat='37.9066483' lon='21.0821967'></trkpt>
	<trkpt lat='37.90964' lon='21.0828817'></trkpt>
	<trkpt lat='37.914895' lon='21.08313'></trkpt>
	<trkpt lat='37.9169683' lon='21.0837967'></trkpt>
	<trkpt lat='37.9190917' lon='21.084055'></trkpt>
	<trkpt lat='37.9214683' lon='21.0849717'></trkpt>
	<trkpt lat='37.923' lon='21.0850133'></trkpt>
	<trkpt lat='37.9248683' lon='21.0859433'></trkpt>
	<trkpt lat='37.927175' lon='21.086475'></trkpt>
	<trkpt lat='37.9298167' lon='21.08644'></trkpt>
	<trkpt lat='37.9648367' lon='21.0897483'></trkpt>
	<trkpt lat='38.166645' lon='21.1117233'></trkpt>
	<trkpt lat='38.2833283' lon='21.121'></trkpt>
	<trkpt lat='38.29194' lon='21.1219383'></trkpt>
	<trkpt lat='38.30341' lon='21.12403'></trkpt>
	<trkpt lat='38.3290067' lon='21.1249817'></trkpt>
	<trkpt lat='38.3300633' lon='21.1245933'></trkpt>
	<trkpt lat='38.332655' lon='21.1214067'></trkpt>
	<trkpt lat='38.3341083' lon='21.1189717'></trkpt>
	<trkpt lat='38.3352133' lon='21.11793'></trkpt>
	<trkpt lat='38.3351798' lon='21.1180677'></trkpt>
	<trkpt lat='38.33205' lon='21.1138817'></trkpt>
	<trkpt lat='38.327575' lon='21.1105317'></trkpt>
	<trkpt lat='38.3266' lon='21.1047733'></trkpt>
	<trkpt lat='38.3315383' lon='21.0838183'></trkpt>
	<trkpt lat='38.332025' lon='21.082685'></trkpt>
	<trkpt lat='38.334435' lon='21.0806633'></trkpt>
	<trkpt lat='38.334125' lon='21.0791317'></trkpt>
	<trkpt lat='38.331395' lon='21.0731'></trkpt>
	<trkpt lat='38.3299967' lon='21.065105'></trkpt>
	<trkpt lat='38.33268' lon='21.0659883'></trkpt>
	<trkpt lat='38.3391533' lon='21.0671167'></trkpt>
	<trkpt lat='38.3463833' lon='21.069085'></trkpt>
	<trkpt lat='38.347571699999996' lon='21.069675'></trkpt>
	<trkpt lat='38.3575367' lon='21.0691383'></trkpt>
	<trkpt lat='38.3753933' lon='21.066025'></trkpt>
	<trkpt lat='38.3837067' lon='21.0653883'></trkpt>
	<trkpt lat='38.3899133' lon='21.0644867'></trkpt>
	<trkpt lat='38.4060917' lon='21.061436699999998'></trkpt>
	<trkpt lat='38.40898' lon='21.06117'></trkpt>
	<trkpt lat='38.42431' lon='21.0576617'></trkpt>
	<trkpt lat='38.4270367' lon='21.0575033'></trkpt>
	<trkpt lat='38.428235' lon='21.0580867'></trkpt>
	<trkpt lat='38.4292517' lon='21.0590933'></trkpt>
	<trkpt lat='38.4487817' lon='21.05502'></trkpt>
	<trkpt lat='38.4517667' lon='21.054585'></trkpt>
	<trkpt lat='38.45324' lon='21.05474'></trkpt>
	<trkpt lat='38.4606283' lon='21.0571217'></trkpt>
	<trkpt lat='38.4731767' lon='21.0603967'></trkpt>
	<trkpt lat='38.479905' lon='21.0626683'></trkpt>
	<trkpt lat='38.48523' lon='21.0639267'></trkpt>
	<trkpt lat='38.4938667' lon='21.0670383'></trkpt>
	<trkpt lat='38.4972617' lon='21.0686617'></trkpt>
	<trkpt lat='38.5035667' lon='21.0710033'></trkpt>
	<trkpt lat='38.5113833' lon='21.0757617'></trkpt>
	<trkpt lat='38.51591' lon='21.0775883'></trkpt>
	<trkpt lat='38.52409' lon='21.08168'></trkpt>
	<trkpt lat='38.533515' lon='21.085265'></trkpt>
	<trkpt lat='38.5332617' lon='21.0862883'></trkpt>
	<trkpt lat='38.530375' lon='21.090875'></trkpt>
	<trkpt lat='38.529669999999996' lon='21.084011699999998'></trkpt>
	<trkpt lat='38.5264' lon='21.0893167'></trkpt>
	<trkpt lat='38.5257567' lon='21.085315'></trkpt>
	<trkpt lat='38.5252333' lon='21.0748517'></trkpt>
	<trkpt lat='38.5217267' lon='21.0789233'></trkpt>
	<trkpt lat='38.5137933' lon='21.0856'></trkpt>
	<trkpt lat='38.5136267' lon='21.0835067'></trkpt>
	<trkpt lat='38.5152533' lon='21.0754933'></trkpt>
	<trkpt lat='38.51588' lon='21.07014'></trkpt>
	<trkpt lat='38.5139683' lon='21.072125'></trkpt>
	<trkpt lat='38.51151' lon='21.0739783'></trkpt>
	<trkpt lat='38.50882' lon='21.0754167'></trkpt>
	<trkpt lat='38.5045417' lon='21.0769467'></trkpt>
	<trkpt lat='38.4989417' lon='21.0769733'></trkpt>
	<trkpt lat='38.4925333' lon='21.0758533'></trkpt>
	<trkpt lat='38.5002733' lon='21.0693183'></trkpt>
	<trkpt lat='38.5040567' lon='21.06544'></trkpt>
	<trkpt lat='38.5087067' lon='21.06258'></trkpt>
	<trkpt lat='38.5045283' lon='21.0563283'></trkpt>
	<trkpt lat='38.49634' lon='21.047885'></trkpt>
	<trkpt lat='38.491653299999996' lon='21.0409383'></trkpt>
	<trkpt lat='38.4958067' lon='21.0407417'></trkpt>
	<trkpt lat='38.4987033' lon='21.0413033'></trkpt>
	<trkpt lat='38.4990483' lon='21.040675'></trkpt>
	<trkpt lat='38.498265' lon='21.0375'></trkpt>
	<trkpt lat='38.4951667' lon='21.0322567'></trkpt>
	<trkpt lat='38.499115' lon='21.031735'></trkpt>
	<trkpt lat='38.4927283' lon='21.0200017'></trkpt>
	<trkpt lat='38.5038767' lon='21.01931'></trkpt>
	<trkpt lat='38.5235267' lon='21.0165033'></trkpt>
	<trkpt lat='38.5201783' lon='21.0119933'></trkpt>
	<trkpt lat='38.5167383' lon='21.0083383'></trkpt>
	<trkpt lat='38.5093067' lon='20.9961583'></trkpt>
	<trkpt lat='38.510865' lon='20.99564'></trkpt>
	<trkpt lat='38.5173783' lon='20.994835'></trkpt>
	<trkpt lat='38.5267833' lon='20.9926933'></trkpt>
	<trkpt lat='38.5318517' lon='20.9909583'></trkpt>
	<trkpt lat='38.5344033' lon='20.9896983'></trkpt>
	<trkpt lat='38.5451183' lon='20.9864883'></trkpt>
	<trkpt lat='38.552385' lon='20.9833383'></trkpt>
	<trkpt lat='38.5595' lon='20.9816333'></trkpt>
	<trkpt lat='38.574295' lon='20.9788517'></trkpt>
	<trkpt lat='38.5873417' lon='20.9777333'></trkpt>
	<trkpt lat='38.5951133' lon='20.9778417'></trkpt>
	<trkpt lat='38.598025' lon='20.97854'></trkpt>
	<trkpt lat='38.60056' lon='20.97875'></trkpt>
	<trkpt lat='38.60482' lon='20.9781833'></trkpt>
	<trkpt lat='38.6077367' lon='20.978225'></trkpt>
	<trkpt lat='38.6097133' lon='20.9787'></trkpt>
	<trkpt lat='38.6147083' lon='20.9790183'></trkpt>
	<trkpt lat='38.6173267' lon='20.9788083'></trkpt>
	<trkpt lat='38.618845' lon='20.9790333'></trkpt>
	<trkpt lat='38.6201333' lon='20.9786483'></trkpt>
	<trkpt lat='38.621325' lon='20.97893'></trkpt>
	<trkpt lat='38.6238267' lon='20.9785167'></trkpt>
	<trkpt lat='38.63408' lon='20.9750117'></trkpt>
	<trkpt lat='38.6392283' lon='20.97287'></trkpt>
	<trkpt lat='38.651415' lon='20.96575'></trkpt>
	<trkpt lat='38.6618783' lon='20.9628533'></trkpt>
	<trkpt lat='38.67053' lon='20.9588198'></trkpt>
	<trkpt lat='38.6675083' lon='20.9549733'></trkpt>
	<trkpt lat='38.6652483' lon='20.950015'></trkpt>
	<trkpt lat='38.65847' lon='20.9484133'></trkpt>
	<trkpt lat='38.6566433' lon='20.9476167'></trkpt>
	<trkpt lat='38.6570133' lon='20.9468867'></trkpt>
	<trkpt lat='38.66092' lon='20.9442067'></trkpt>
	<trkpt lat='38.6625033' lon='20.9426683'></trkpt>
	<trkpt lat='38.66471' lon='20.939795'></trkpt>
	<trkpt lat='38.6696817' lon='20.93209'></trkpt>
	<trkpt lat='38.6652933' lon='20.929535'></trkpt>
	<trkpt lat='38.6555967' lon='20.9226017'></trkpt>
	<trkpt lat='38.657455' lon='20.92065'></trkpt>
	<trkpt lat='38.6603467' lon='20.9167817'></trkpt>
	<trkpt lat='38.66106' lon='20.91605'></trkpt>
	<trkpt lat='38.6616183' lon='20.91621'></trkpt>
	<trkpt lat='38.6627267' lon='20.9152333'></trkpt>
	<trkpt lat='38.6671167' lon='20.9063'></trkpt>
	<trkpt lat='38.6708517' lon='20.8972667'></trkpt>
	<trkpt lat='38.6750383' lon='20.88451'></trkpt>
	<trkpt lat='38.677185' lon='20.8774483'></trkpt>
	<trkpt lat='38.6788233' lon='20.8706483'></trkpt>
	<trkpt lat='38.6799617' lon='20.867675'></trkpt>
	<trkpt lat='38.6824883' lon='20.8543467'></trkpt>
	<trkpt lat='38.6836167' lon='20.8506683'></trkpt>
	<trkpt lat='38.6844933' lon='20.8415833'></trkpt>
	<trkpt lat='38.6848117' lon='20.8403967'></trkpt>
	<trkpt lat='38.685625' lon='20.8391367'></trkpt>
	<trkpt lat='38.6791567' lon='20.8457867'></trkpt>
	<trkpt lat='38.674735' lon='20.8492667'></trkpt>
	<trkpt lat='38.6735667' lon='20.8505267'></trkpt>
	<trkpt lat='38.6710867' lon='20.851455'></trkpt>
	<trkpt lat='38.66657' lon='20.8516383'></trkpt>
	<trkpt lat='38.663935' lon='20.8522683'></trkpt>
	<trkpt lat='38.6590017' lon='20.852475'></trkpt>
	<trkpt lat='38.6461517' lon='20.85246'></trkpt>
	<trkpt lat='38.6411517' lon='20.8528617'></trkpt>
	<trkpt lat='38.635775' lon='20.8525233'></trkpt>
	<trkpt lat='38.636995' lon='20.8519217'></trkpt>
	<trkpt lat='38.638935' lon='20.8498367'></trkpt>
	<trkpt lat='38.64076' lon='20.8461067'></trkpt>
	<trkpt lat='38.64172' lon='20.84508'></trkpt>
	<trkpt lat='38.6450933' lon='20.8345083'></trkpt>
	<trkpt lat='38.648075' lon='20.8269417'></trkpt>
	<trkpt lat='38.65028' lon='20.82305'></trkpt>
	<trkpt lat='38.65197' lon='20.8210833'></trkpt>
	<trkpt lat='38.6517583' lon='20.8220983'></trkpt>
	<trkpt lat='38.651175' lon='20.8225'></trkpt>
	<trkpt lat='38.6531867' lon='20.818445'></trkpt>
	<trkpt lat='38.6549183' lon='20.8137983'></trkpt>
	<trkpt lat='38.6556733' lon='20.8130183'></trkpt>
	<trkpt lat='38.6616333' lon='20.8130217'></trkpt>
	<trkpt lat='38.667595' lon='20.81218'></trkpt>
	<trkpt lat='38.6697767' lon='20.8111767'></trkpt>
	<trkpt lat='38.670075' lon='20.809825'></trkpt>
	<trkpt lat='38.66994' lon='20.808395'></trkpt>
	<trkpt lat='38.6695333' lon='20.8055333'></trkpt>
	<trkpt lat='38.6690117' lon='20.8042517'></trkpt>
	<trkpt lat='38.668275' lon='20.8031367'></trkpt>
	<trkpt lat='38.6647817' lon='20.8002717'></trkpt>
	<trkpt lat='38.66314' lon='20.7983333'></trkpt>
	<trkpt lat='38.6639583' lon='20.7997817'></trkpt>
	<trkpt lat='38.6659283' lon='20.8008617'></trkpt>
	<trkpt lat='38.6698717' lon='20.805885'></trkpt>
	<trkpt lat='38.6730717' lon='20.8091283'></trkpt>
	<trkpt lat='38.6743817' lon='20.8095083'></trkpt>
	<trkpt lat='38.67541' lon='20.808495'></trkpt>
	<trkpt lat='38.67703' lon='20.8038183'></trkpt>
	<trkpt lat='38.67707' lon='20.8021333'></trkpt>
	<trkpt lat='38.6766067' lon='20.8004933'></trkpt>
	<trkpt lat='38.6720483' lon='20.79304'></trkpt>
	<trkpt lat='38.670925' lon='20.789445'></trkpt>
	<trkpt lat='38.6700201' lon='20.7887651'></trkpt>
	<trkpt lat='38.6704717' lon='20.78884'></trkpt>
	<trkpt lat='38.6707833' lon='20.7895133'></trkpt>
	<trkpt lat='38.6716133' lon='20.7922333'></trkpt>
	<trkpt lat='38.6741083' lon='20.794825'></trkpt>
	<trkpt lat='38.675885' lon='20.7953733'></trkpt>
	<trkpt lat='38.6770183' lon='20.7952217'></trkpt>
	<trkpt lat='38.677865' lon='20.7944283'></trkpt>
	<trkpt lat='38.67988' lon='20.7903117'></trkpt>
	<trkpt lat='38.695715' lon='20.7619017'></trkpt>
	<trkpt lat='38.6975067' lon='20.7597317'></trkpt>
	<trkpt lat='38.7037183' lon='20.7497933'></trkpt>
	<trkpt lat='38.7045183' lon='20.72789'></trkpt>
	<trkpt lat='38.7042483' lon='20.72467'></trkpt>
	<trkpt lat='38.7055567' lon='20.71846'></trkpt>
	<trkpt lat='38.7057867' lon='20.71526'></trkpt>
	<trkpt lat='38.7054383' lon='20.713715'></trkpt>
	<trkpt lat='38.7047883' lon='20.7127'></trkpt>
	<trkpt lat='38.7014317' lon='20.7101017'></trkpt>
	<trkpt lat='38.701555' lon='20.7104167'></trkpt>
	<trkpt lat='38.704885' lon='20.71294'></trkpt>
	<trkpt lat='38.7057167' lon='20.714'></trkpt>
	<trkpt lat='38.7083283' lon='20.7188883'></trkpt>
	<trkpt lat='38.7126183' lon='20.7256183'></trkpt>
	<trkpt lat='38.7200583' lon='20.739555'></trkpt>
	<trkpt lat='38.73424' lon='20.77317'></trkpt>
	<trkpt lat='38.7345283' lon='20.7766733'></trkpt>
	<trkpt lat='38.7771933' lon='20.87509'></trkpt>
	<trkpt lat='38.7778583' lon='20.8765233'></trkpt>
	<trkpt lat='38.7794383' lon='20.8783717'></trkpt>
	<trkpt lat='38.778865' lon='20.8781033'></trkpt>
	<trkpt lat='38.7794133' lon='20.877685'></trkpt>
	<trkpt lat='38.7796417' lon='20.8780617'></trkpt>
	<trkpt lat='38.7789583' lon='20.87615'></trkpt>
	<trkpt lat='38.7789933' lon='20.8744467'></trkpt>
	<trkpt lat='38.78261' lon='20.864185'></trkpt>
	<trkpt lat='38.7863567' lon='20.8550617'></trkpt>
	<trkpt lat='38.7803817' lon='20.8549683'></trkpt>
	<trkpt lat='38.7689083' lon='20.8562717'></trkpt>
	<trkpt lat='38.7657733' lon='20.8572117'></trkpt>
	<trkpt lat='38.762795' lon='20.8585317'></trkpt>
	<trkpt lat='38.758321699999996' lon='20.861691699999998'></trkpt>
	<trkpt lat='38.7573133' lon='20.8537917'></trkpt>
	<trkpt lat='38.7576983' lon='20.8470483'></trkpt>
	<trkpt lat='38.7576383' lon='20.8416767'></trkpt>
	<trkpt lat='38.7572733' lon='20.8376267'></trkpt>
	<trkpt lat='38.7559867' lon='20.8307267'></trkpt>
	<trkpt lat='38.75429' lon='20.824065'></trkpt>
	<trkpt lat='38.7461717' lon='20.8034267'></trkpt>
	<trkpt lat='38.7459467' lon='20.8004417'></trkpt>
	<trkpt lat='38.7450233' lon='20.79612'></trkpt>
	<trkpt lat='38.7436667' lon='20.79212'></trkpt>
	<trkpt lat='38.7405317' lon='20.784445'></trkpt>
	<trkpt lat='38.737595' lon='20.779505'></trkpt>
	<trkpt lat='38.7316633' lon='20.7656867'></trkpt>
	<trkpt lat='38.730355' lon='20.761945'></trkpt>
	<trkpt lat='38.7300817' lon='20.758565'></trkpt>
	<trkpt lat='38.7290483' lon='20.75513'></trkpt>
	<trkpt lat='38.7234633' lon='20.74417'></trkpt>
	<trkpt lat='38.721575' lon='20.73953'></trkpt>
	<trkpt lat='38.7213283' lon='20.7387517'></trkpt>
	<trkpt lat='38.72169' lon='20.7330917'></trkpt>
	<trkpt lat='38.720375' lon='20.7283483'></trkpt>
	<trkpt lat='38.719133299999996' lon='20.7264983'></trkpt>
	<trkpt lat='38.7158817' lon='20.72283'></trkpt>
	<trkpt lat='38.710025' lon='20.71906'></trkpt>
	<trkpt lat='38.7053383' lon='20.712855'></trkpt>
	<trkpt lat='38.7033967' lon='20.7113117'></trkpt>
	<trkpt lat='38.7033283' lon='20.7119433'></trkpt>
	<trkpt lat='38.7036233' lon='20.7113667'></trkpt>
	<trkpt lat='38.7033517' lon='20.710895'></trkpt>
	<trkpt lat='38.7030423' lon='20.7112353'></trkpt>
	<trkpt lat='38.703625' lon='20.7114833'></trkpt>
	<trkpt lat='38.70323' lon='20.7116017'></trkpt>
	<trkpt lat='38.70286' lon='20.711215'></trkpt>
	<trkpt lat='38.7035233' lon='20.7113767'></trkpt>
	<trkpt lat='38.7030733' lon='20.7115083'></trkpt>
	<trkpt lat='38.7030783' lon='20.7121933'></trkpt>
	<trkpt lat='38.7049' lon='20.7125017'></trkpt>
	<trkpt lat='38.705715' lon='20.7133917'></trkpt>
	<trkpt lat='38.71335' lon='20.725255'></trkpt>
	<trkpt lat='38.72081' lon='20.7335217'></trkpt>
	<trkpt lat='38.7247733' lon='20.7354467'></trkpt>
	<trkpt lat='38.731605' lon='20.7363'></trkpt>
	<trkpt lat='38.7371183' lon='20.7361767'></trkpt>
	<trkpt lat='38.7922133' lon='20.72669'></trkpt>
	<trkpt lat='38.7960033' lon='20.7268267'></trkpt>
	<trkpt lat='38.80565' lon='20.7280533'></trkpt>
	<trkpt lat='38.8074483' lon='20.728'></trkpt>
	<trkpt lat='38.8339733' lon='20.7134683'></trkpt>
	<trkpt lat='38.835535' lon='20.713005'></trkpt>
	<trkpt lat='38.8363567' lon='20.7129967'></trkpt>
	<trkpt lat='38.8420833' lon='20.7168833'></trkpt>
	<trkpt lat='38.84474' lon='20.7180733'></trkpt>
	<trkpt lat='38.8458217' lon='20.71896'></trkpt>
	<trkpt lat='38.8465917' lon='20.7221467'></trkpt>
	<trkpt lat='38.8479317' lon='20.7225233'></trkpt>
	<trkpt lat='38.86367' lon='20.7216333'></trkpt>
	<trkpt lat='38.86672' lon='20.720605'></trkpt>
	<trkpt lat='38.8696167' lon='20.72103'></trkpt>
	<trkpt lat='38.8717283' lon='20.7196417'></trkpt>
	<trkpt lat='38.87707' lon='20.7192683'></trkpt>
	<trkpt lat='38.8822983' lon='20.718215'></trkpt>
	<trkpt lat='38.8882867' lon='20.7189717'></trkpt>
	<trkpt lat='38.9085' lon='20.7226533'></trkpt>
	<trkpt lat='38.91975' lon='20.7243267'></trkpt>
	<trkpt lat='38.929175' lon='20.7265567'></trkpt>
	<trkpt lat='38.9355767' lon='20.73627'></trkpt>
	<trkpt lat='38.9404533' lon='20.750265'></trkpt>
	<trkpt lat='38.9422967' lon='20.7547883'></trkpt>
	<trkpt lat='38.9431867' lon='20.7561383'></trkpt>
	<trkpt lat='38.949215' lon='20.7594767'></trkpt>
	<trkpt lat='38.9560433' lon='20.7613833'></trkpt>
	<trkpt lat='38.9611067' lon='20.7635867'></trkpt>
	<trkpt lat='38.9624317' lon='20.76387'></trkpt>
	<trkpt lat='38.9635967' lon='20.763705'></trkpt>
	<trkpt lat='38.96602' lon='20.7610067'></trkpt>
	<trkpt lat='38.9663783' lon='20.7601067'></trkpt>
	<trkpt lat='38.9662583' lon='20.7594667'></trkpt>
	<trkpt lat='38.966395' lon='20.7601917'></trkpt>
	<trkpt lat='38.9656933' lon='20.7588833'></trkpt>
	<trkpt lat='38.9656617' lon='20.759125'></trkpt>
	<trkpt lat='38.965465' lon='20.7599983'></trkpt>
	<trkpt lat='38.963715' lon='20.7628983'></trkpt>
	<trkpt lat='38.9627317' lon='20.7634333'></trkpt>
	<trkpt lat='38.9561567' lon='20.7607217'></trkpt>
	<trkpt lat='38.9480583' lon='20.759225'></trkpt>
	<trkpt lat='38.9449783' lon='20.7576117'></trkpt>
	<trkpt lat='38.9435233' lon='20.7564817'></trkpt>
	<trkpt lat='38.9423783' lon='20.7549217'></trkpt>
	<trkpt lat='38.9406517' lon='20.7512483'></trkpt>
	<trkpt lat='38.9373267' lon='20.7399183'></trkpt>
	<trkpt lat='38.93511' lon='20.7348033'></trkpt>
	<trkpt lat='38.9347633' lon='20.7330967'></trkpt>
	<trkpt lat='38.9556983' lon='20.68987'></trkpt>
	<trkpt lat='38.957265' lon='20.6871733'></trkpt>
	<trkpt lat='38.9597317' lon='20.681525'></trkpt>
	<trkpt lat='38.962325' lon='20.6769067'></trkpt>
	<trkpt lat='38.9650117' lon='20.6688883'></trkpt>
	<trkpt lat='38.9713417' lon='20.6529967'></trkpt>
	<trkpt lat='39.0623483' lon='20.470724999999998'></trkpt>
	<trkpt lat='39.070164999999996' lon='20.461465'></trkpt>
	<trkpt lat='39.09328' lon='20.4136917'></trkpt>
	<trkpt lat='39.0943067' lon='20.4136083'></trkpt>
	<trkpt lat='39.1040467' lon='20.4155217'></trkpt>
	<trkpt lat='39.1083467' lon='20.4166683'></trkpt>
	<trkpt lat='39.11148' lon='20.41694'></trkpt>
	<trkpt lat='39.1186867' lon='20.416365'></trkpt>
	<trkpt lat='39.1235333' lon='20.414685'></trkpt>
	<trkpt lat='39.129375' lon='20.4133433'></trkpt>
	<trkpt lat='39.1298783' lon='20.4129483'></trkpt>
	<trkpt lat='39.127245' lon='20.4099283'></trkpt>
	<trkpt lat='39.1186783' lon='20.3967717'></trkpt>
	<trkpt lat='39.1219183' lon='20.3953533'></trkpt>
	<trkpt lat='39.1239317' lon='20.39499'></trkpt>
	<trkpt lat='39.1291417' lon='20.3955'></trkpt>
	<trkpt lat='39.1329133' lon='20.3946533'></trkpt>
	<trkpt lat='39.15457' lon='20.3886717'></trkpt>
	<trkpt lat='39.1556383' lon='20.38829'></trkpt>
	<trkpt lat='39.1561483' lon='20.3874333'></trkpt>
	<trkpt lat='39.1631717' lon='20.347565'></trkpt>
	<trkpt lat='39.1682883' lon='20.31666'></trkpt>
	<trkpt lat='39.1685833' lon='20.3124217'></trkpt>
	<trkpt lat='39.1860883' lon='20.2086933'></trkpt>
	<trkpt lat='39.1861117' lon='20.2070383'></trkpt>
	<trkpt lat='39.185655' lon='20.2054617'></trkpt>
	<trkpt lat='39.184885' lon='20.2046017'></trkpt>
	<trkpt lat='39.18362' lon='20.20356'></trkpt>
	<trkpt lat='39.1817617' lon='20.204035'></trkpt>
	<trkpt lat='39.1817529' lon='20.2046296'></trkpt>
	<trkpt lat='39.182245' lon='20.2045917'></trkpt>
	<trkpt lat='39.1833033' lon='20.2034483'></trkpt>
	<trkpt lat='39.1841683' lon='20.2034617'></trkpt>
	<trkpt lat='39.1887483' lon='20.205205'></trkpt>
	<trkpt lat='39.1910317' lon='20.2048467'></trkpt>
	<trkpt lat='39.1919733' lon='20.20394'></trkpt>
	<trkpt lat='39.1934433' lon='20.2015683'></trkpt>
	<trkpt lat='39.1959233' lon='20.194735'></trkpt>
	<trkpt lat='39.1971417' lon='20.1903833'></trkpt>
	<trkpt lat='39.1969801' lon='20.1897683'></trkpt>
	<trkpt lat='39.19951' lon='20.1926133'></trkpt>
	<trkpt lat='39.2013767' lon='20.19275'></trkpt>
	<trkpt lat='39.20128' lon='20.193625'></trkpt>
	<trkpt lat='39.2016233' lon='20.194625'></trkpt>
	<trkpt lat='39.2038883' lon='20.1972717'></trkpt>
	<trkpt lat='39.205115' lon='20.197335'></trkpt>
	<trkpt lat='39.20628' lon='20.1967583'></trkpt>
	<trkpt lat='39.206415' lon='20.19529'></trkpt>
	<trkpt lat='39.2059433' lon='20.1938017'></trkpt>
	<trkpt lat='39.2051417' lon='20.1927783'></trkpt>
	<trkpt lat='39.20302' lon='20.1922733'></trkpt>
	<trkpt lat='39.203625' lon='20.1921767'></trkpt>
	<trkpt lat='39.2058567' lon='20.1916467'></trkpt>
	<trkpt lat='39.2089333' lon='20.1895917'></trkpt>
	<trkpt lat='39.214315' lon='20.18677'></trkpt>
	<trkpt lat='39.21929' lon='20.1835183'></trkpt>
	<trkpt lat='39.2248333' lon='20.17838'></trkpt>
	<trkpt lat='39.2265317' lon='20.17638'></trkpt>
	<trkpt lat='39.2321833' lon='20.1678717'></trkpt>
	<trkpt lat='39.2365017' lon='20.1589867'></trkpt>
	<trkpt lat='39.243285' lon='20.146795'></trkpt>
	<trkpt lat='39.244885' lon='20.1422583'></trkpt>
	<trkpt lat='39.24562' lon='20.1408867'></trkpt>
	<trkpt lat='39.2475433' lon='20.1387117'></trkpt>
	<trkpt lat='39.249215' lon='20.1326817'></trkpt>
	<trkpt lat='39.2504083' lon='20.1265717'></trkpt>
	<trkpt lat='39.2513067' lon='20.1153967'></trkpt>
	<trkpt lat='39.2512467' lon='20.10415'></trkpt>
	<trkpt lat='39.2531117' lon='20.0817617'></trkpt>
	<trkpt lat='39.2580633' lon='20.04901'></trkpt>
	<trkpt lat='39.2620517' lon='20.0167367'></trkpt>
	<trkpt lat='39.2619067' lon='20.0153367'></trkpt>
	<trkpt lat='39.2565017' lon='20.0080183'></trkpt>
	<trkpt lat='39.2515867' lon='19.9990533'></trkpt>
	<trkpt lat='39.24789' lon='19.9896133'></trkpt>
	<trkpt lat='39.24518' lon='19.98006'></trkpt>
	<trkpt lat='39.239525' lon='19.96645'></trkpt>
	<trkpt lat='39.2348183' lon='19.9492367'></trkpt>
	<trkpt lat='39.231485' lon='19.9383583'></trkpt>
	<trkpt lat='39.2274933' lon='19.9209133'></trkpt>
	<trkpt lat='39.2249283' lon='19.9061933'></trkpt>
	<trkpt lat='39.222775' lon='19.88824'></trkpt>
	<trkpt lat='39.22215' lon='19.87392'></trkpt>
	<trkpt lat='39.2185333' lon='19.85547'></trkpt>
	<trkpt lat='39.2174817' lon='19.8522517'></trkpt>
	<trkpt lat='39.2163883' lon='19.8516833'></trkpt>
	<trkpt lat='39.2151083' lon='19.8516833'></trkpt>
	<trkpt lat='39.2143417' lon='19.850155'></trkpt>
	<trkpt lat='39.21156' lon='19.841395'></trkpt>
	<trkpt lat='39.1816967' lon='19.7186933'></trkpt>
	<trkpt lat='39.1793733' lon='19.7114367'></trkpt>
	<trkpt lat='39.177885' lon='19.7080783'></trkpt>
	<trkpt lat='39.1750383' lon='19.6991617'></trkpt>
	<trkpt lat='39.1729317' lon='19.6912517'></trkpt>
	<trkpt lat='39.1721483' lon='19.6898483'></trkpt>
	<trkpt lat='39.170675' lon='19.68974'></trkpt>
	<trkpt lat='39.1697417' lon='19.6882767'></trkpt>
	<trkpt lat='39.1683783' lon='19.687215'></trkpt>
	<trkpt lat='39.1661767' lon='19.679585'></trkpt>
	<trkpt lat='39.1647783' lon='19.6792283'></trkpt>
	<trkpt lat='39.163735' lon='19.6755983'></trkpt>
	<trkpt lat='39.1622917' lon='19.6684833'></trkpt>
	<trkpt lat='39.1517167' lon='19.6255717'></trkpt>
	<trkpt lat='39.1504183' lon='19.6192867'></trkpt>
	<trkpt lat='39.1459033' lon='19.6016983'></trkpt>
	<trkpt lat='39.121875' lon='19.5022567'></trkpt>
	<trkpt lat='39.1200833' lon='19.4958683'></trkpt>
	<trkpt lat='39.118235' lon='19.487275'></trkpt>
	<trkpt lat='39.1149383' lon='19.4746917'></trkpt>
	<trkpt lat='39.114235' lon='19.470465'></trkpt>
	<trkpt lat='39.111945' lon='19.4620983'></trkpt>
	<trkpt lat='39.103495' lon='19.4265267'></trkpt>
	<trkpt lat='39.1021367' lon='19.4223033'></trkpt>
	<trkpt lat='39.1002317' lon='19.41345'></trkpt>
	<trkpt lat='39.0984983' lon='19.40719'></trkpt>
	<trkpt lat='39.0962183' lon='19.39622'></trkpt>
	<trkpt lat='39.0951583' lon='19.3918967'></trkpt>
	<trkpt lat='39.0943217' lon='19.3898517'></trkpt>
	<trkpt lat='39.0935017' lon='19.3854417'></trkpt>
	<trkpt lat='39.0921567' lon='19.3810817'></trkpt>
	<trkpt lat='39.0841583' lon='19.3489017'></trkpt>
	<trkpt lat='39.08133' lon='19.3357667'></trkpt>
	<trkpt lat='39.07934' lon='19.3293767'></trkpt>
	<trkpt lat='39.06705' lon='19.278425'></trkpt>
	<trkpt lat='39.0652833' lon='19.2722217'></trkpt>
	<trkpt lat='39.0646883' lon='19.2677617'></trkpt>
	<trkpt lat='39.057195' lon='19.2379617'></trkpt>
	<trkpt lat='39.053475' lon='19.220615'></trkpt>
	<trkpt lat='39.0514533' lon='19.2147283'></trkpt>
	<trkpt lat='39.050115' lon='19.2085033'></trkpt>
	<trkpt lat='39.04627' lon='19.1940633'></trkpt>
	<trkpt lat='39.0436883' lon='19.18162'></trkpt>
	<trkpt lat='39.0418167' lon='19.17578'></trkpt>
	<trkpt lat='39.0396217' lon='19.1650683'></trkpt>
	<trkpt lat='39.03885' lon='19.16316'></trkpt>
	<trkpt lat='39.0375533' lon='19.15685'></trkpt>
	<trkpt lat='39.036145' lon='19.1531067'></trkpt>
	<trkpt lat='39.03514' lon='19.1491933'></trkpt>
	<trkpt lat='39.0282333' lon='19.1201283'></trkpt>
	<trkpt lat='39.0269783' lon='19.1161567'></trkpt>
	<trkpt lat='39.0256633' lon='19.10969'></trkpt>
	<trkpt lat='39.0243583' lon='19.1058667'></trkpt>
	<trkpt lat='39.0227783' lon='19.0994933'></trkpt>
	<trkpt lat='39.0206183' lon='19.088865'></trkpt>
	<trkpt lat='39.0182383' lon='19.0809933'></trkpt>
	<trkpt lat='39.0141767' lon='19.064435'></trkpt>
	<trkpt lat='39.0139583' lon='19.0621733'></trkpt>
	<trkpt lat='39.0131267' lon='19.0603417'></trkpt>
	<trkpt lat='39.01083' lon='19.04989'></trkpt>
	<trkpt lat='39.0095367' lon='19.0458533'></trkpt>
	<trkpt lat='39.0092583' lon='19.0436983'></trkpt>
	<trkpt lat='38.9999767' lon='19.0079217'></trkpt>
	<trkpt lat='38.9989333' lon='19.0016217'></trkpt>
	<trkpt lat='38.9981417' lon='18.9999533'></trkpt>
	<trkpt lat='38.9970417' lon='18.99605'></trkpt>
	<trkpt lat='38.9935383' lon='18.982235'></trkpt>
	<trkpt lat='38.992755' lon='18.9781783'></trkpt>
	<trkpt lat='38.987975' lon='18.9598867'></trkpt>
	<trkpt lat='38.985865' lon='18.94955'></trkpt>
	<trkpt lat='38.9844967' lon='18.94569'></trkpt>
	<trkpt lat='38.98321' lon='18.9395867'></trkpt>
	<trkpt lat='38.97957' lon='18.9259933'></trkpt>
	<trkpt lat='38.9788633' lon='18.9216017'></trkpt>
	<trkpt lat='38.9774017' lon='18.9177367'></trkpt>
	<trkpt lat='38.9596833' lon='18.846275'></trkpt>
	<trkpt lat='38.9538333' lon='18.8241667'></trkpt>
	<trkpt lat='38.950905' lon='18.81218'></trkpt>
	<trkpt lat='38.950725' lon='18.8101483'></trkpt>
	<trkpt lat='38.9494383' lon='18.8064567'></trkpt>
	<trkpt lat='38.942175' lon='18.77687'></trkpt>
	<trkpt lat='38.9357117' lon='18.75235'></trkpt>
	<trkpt lat='38.93404' lon='18.7446017'></trkpt>
	<trkpt lat='38.93342' lon='18.7430517'></trkpt>
	<trkpt lat='38.9259267' lon='18.7136433'></trkpt>
	<trkpt lat='38.9228767' lon='18.7002867'></trkpt>
	<trkpt lat='38.921715' lon='18.6969683'></trkpt>
	<trkpt lat='38.9214417' lon='18.695065'></trkpt>
	<trkpt lat='38.9163083' lon='18.6757967'></trkpt>
	<trkpt lat='38.8641567' lon='18.4703583'></trkpt>
	<trkpt lat='38.786695' lon='18.168475'></trkpt>
	<trkpt lat='38.7366333' lon='17.9752133'></trkpt>
	<trkpt lat='38.7153817' lon='17.89433'></trkpt>
	<trkpt lat='38.7145733' lon='17.8898767'></trkpt>
	<trkpt lat='38.7115183' lon='17.8795433'></trkpt>
	<trkpt lat='38.6868917' lon='17.7843633'></trkpt>
	<trkpt lat='38.6804017' lon='17.7607033'></trkpt>
	<trkpt lat='38.6795183' lon='17.7561767'></trkpt>
	<trkpt lat='38.677575' lon='17.749985'></trkpt>
	<trkpt lat='38.674985' lon='17.7391183'></trkpt>
	<trkpt lat='38.6713233' lon='17.7263767'></trkpt>
	<trkpt lat='38.66706' lon='17.709195'></trkpt>
	<trkpt lat='38.658855' lon='17.6787533'></trkpt>
	<trkpt lat='38.6579333' lon='17.6743083'></trkpt>
	<trkpt lat='38.65538' lon='17.6657967'></trkpt>
	<trkpt lat='38.65253' lon='17.6527033'></trkpt>
	<trkpt lat='38.64773' lon='17.63648'></trkpt>
	<trkpt lat='38.647565' lon='17.6342333'></trkpt>
	<trkpt lat='38.64672' lon='17.6323817'></trkpt>
	<trkpt lat='38.6449683' lon='17.6261283'></trkpt>
	<trkpt lat='38.6449033' lon='17.6239017'></trkpt>
	<trkpt lat='38.6423367' lon='17.6154283'></trkpt>
	<trkpt lat='38.6406383' lon='17.6068517'></trkpt>
	<trkpt lat='38.639' lon='17.603045'></trkpt>
	<trkpt lat='38.63721' lon='17.596645'></trkpt>
	<trkpt lat='38.63665' lon='17.5923033'></trkpt>
	<trkpt lat='38.6357033' lon='17.5906483'></trkpt>
	<trkpt lat='38.6327967' lon='17.5777383'></trkpt>
	<trkpt lat='38.6312367' lon='17.5739217'></trkpt>
	<trkpt lat='38.62895' lon='17.5657683'></trkpt>
	<trkpt lat='38.5677133' lon='17.334555'></trkpt>
	<trkpt lat='38.5585817' lon='17.3015683'></trkpt>
	<trkpt lat='38.5132583' lon='17.131915'></trkpt>
	<trkpt lat='38.5119367' lon='17.12792'></trkpt>
	<trkpt lat='38.5100183' lon='17.11954'></trkpt>
	<trkpt lat='38.5063717' lon='17.10712'></trkpt>
	<trkpt lat='38.46621' lon='16.9585883'></trkpt>
	<trkpt lat='38.4638717' lon='16.9499117'></trkpt>
	<trkpt lat='38.4635383' lon='16.947585'></trkpt>
	<trkpt lat='38.462205' lon='16.9438567'></trkpt>
	<trkpt lat='38.4589267' lon='16.931385'></trkpt>
	<trkpt lat='38.4587617' lon='16.929625'></trkpt>
	<trkpt lat='38.4568333' lon='16.9240483'></trkpt>
	<trkpt lat='38.3880917' lon='16.67185'></trkpt>
	<trkpt lat='38.333613299999996' lon='16.4741917'></trkpt>
	<trkpt lat='38.320805' lon='16.4474967'></trkpt>
	<trkpt lat='38.321345' lon='16.43455'></trkpt>
	<trkpt lat='38.322975' lon='16.430355'></trkpt>
	<trkpt lat='38.3248367' lon='16.427455'></trkpt>
	<trkpt lat='38.3246983' lon='16.4262967'></trkpt>
	<trkpt lat='38.324495' lon='16.4262817'></trkpt>
	<trkpt lat='38.3216283' lon='16.4241783'></trkpt>
	<trkpt lat='38.3197767' lon='16.4222583'></trkpt>
	<trkpt lat='38.30832' lon='16.4124417'></trkpt>
	<trkpt lat='38.3000817' lon='16.402725'></trkpt>
	<trkpt lat='38.2969567' lon='16.397675'></trkpt>
	<trkpt lat='38.2939333' lon='16.3965967'></trkpt>
	<trkpt lat='38.290408299999996' lon='16.3943183'></trkpt>
	<trkpt lat='38.2804383' lon='16.3852367'></trkpt>
	<trkpt lat='38.272225' lon='16.3763583'></trkpt>
	<trkpt lat='38.26962' lon='16.3741233'></trkpt>
	<trkpt lat='38.2657733' lon='16.3715683'></trkpt>
	<trkpt lat='38.2572983' lon='16.3634533'></trkpt>
	<trkpt lat='38.118705' lon='16.24601'></trkpt>
	<trkpt lat='38.11632' lon='16.2435167'></trkpt>
	<trkpt lat='38.113765' lon='16.2401667'></trkpt>
	<trkpt lat='38.1098083' lon='16.2361933'></trkpt>
	<trkpt lat='38.09709' lon='16.22569'></trkpt>
	<trkpt lat='38.0946267' lon='16.2226467'></trkpt>
	<trkpt lat='37.95981' lon='16.1111783'></trkpt>
	<trkpt lat='37.9538317' lon='16.1049367'></trkpt>
	<trkpt lat='37.9506217' lon='16.1022867'></trkpt>
	<trkpt lat='37.9424233' lon='16.0944217'></trkpt>
	<trkpt lat='37.9199917' lon='16.0649967'></trkpt>
	<trkpt lat='37.9195367' lon='16.0634517'></trkpt>
	<trkpt lat='37.917245' lon='16.0427483'></trkpt>
	<trkpt lat='37.9175117' lon='16.04142'></trkpt>
	<trkpt lat='37.9181833' lon='16.040625'></trkpt>
	<trkpt lat='37.9214783' lon='16.03838'></trkpt>
	<trkpt lat='37.9217233' lon='16.0378333'></trkpt>
	<trkpt lat='37.9208167' lon='16.0363017'></trkpt>
	<trkpt lat='37.91951' lon='16.03187'></trkpt>
	<trkpt lat='37.9184433' lon='16.02578'></trkpt>
	<trkpt lat='37.916265' lon='16.01994'></trkpt>
	<trkpt lat='37.90915' lon='15.9930733'></trkpt>
	<trkpt lat='37.908545' lon='15.9898583'></trkpt>
	<trkpt lat='37.9090733' lon='15.981255'></trkpt>
	<trkpt lat='37.9079767' lon='15.9755883'></trkpt>
	<trkpt lat='37.90849' lon='15.9677917'></trkpt>
	<trkpt lat='37.914385' lon='15.9540033'></trkpt>
	<trkpt lat='37.92166' lon='15.9350867'></trkpt>
	<trkpt lat='37.9261333' lon='15.9269667'></trkpt>
	<trkpt lat='37.9275717' lon='15.922925'></trkpt>
	<trkpt lat='37.923695' lon='15.9195083'></trkpt>
	<trkpt lat='37.9230967' lon='15.9188367'></trkpt>
	<trkpt lat='37.9228883' lon='15.91795'></trkpt>
	<trkpt lat='37.9220117' lon='15.9063233'></trkpt>
	<trkpt lat='37.9181383' lon='15.880265'></trkpt>
	<trkpt lat='37.917715' lon='15.8739683'></trkpt>
	<trkpt lat='37.9163617' lon='15.864985'></trkpt>
	<trkpt lat='37.9163083' lon='15.8622483'></trkpt>
	<trkpt lat='37.9157567' lon='15.8598767'></trkpt>
	<trkpt lat='37.9151483' lon='15.853135'></trkpt>
	<trkpt lat='37.9138983' lon='15.8466983'></trkpt>
	<trkpt lat='37.913875' lon='15.842405'></trkpt>
	<trkpt lat='37.9144567' lon='15.8385333'></trkpt>
	<trkpt lat='37.914235' lon='15.8264483'></trkpt>
	<trkpt lat='37.9151867' lon='15.811015'></trkpt>
	<trkpt lat='37.9148467' lon='15.8097567'></trkpt>
	<trkpt lat='37.91486' lon='15.801045'></trkpt>
	<trkpt lat='37.9139567' lon='15.796525'></trkpt>
	<trkpt lat='37.9144933' lon='15.7916633'></trkpt>
	<trkpt lat='37.9144917' lon='15.7880567'></trkpt>
	<trkpt lat='37.91558' lon='15.7842317'></trkpt>
	<trkpt lat='37.9147933' lon='15.7850383'></trkpt>
	<trkpt lat='37.91405' lon='15.7847883'></trkpt>
	<trkpt lat='37.9005517' lon='15.7772867'></trkpt>
	<trkpt lat='37.8983567' lon='15.77488'></trkpt>
	<trkpt lat='37.8971633' lon='15.7740567'></trkpt>
	<trkpt lat='37.8757817' lon='15.7624367'></trkpt>
	<trkpt lat='37.8674033' lon='15.7535267'></trkpt>
	<trkpt lat='37.8617' lon='15.74879'></trkpt>
	<trkpt lat='37.6171117' lon='15.61634'></trkpt>
	<trkpt lat='37.4437717' lon='15.52312'></trkpt>
	<trkpt lat='37.4340183' lon='15.517565'></trkpt>
	<trkpt lat='37.3425217' lon='15.4687317'></trkpt>
	<trkpt lat='37.3414017' lon='15.467875'></trkpt>
	<trkpt lat='37.3374533' lon='15.465975'></trkpt>
	<trkpt lat='37.3367083' lon='15.465275'></trkpt>
	<trkpt lat='37.3353233' lon='15.4648483'></trkpt>
	<trkpt lat='37.3319883' lon='15.46283'></trkpt>
	<trkpt lat='37.32774' lon='15.4608183'></trkpt>
	<trkpt lat='37.3265283' lon='15.45988'></trkpt>
	<trkpt lat='37.3243883' lon='15.45901'></trkpt>
	<trkpt lat='37.303775' lon='15.448035'></trkpt>
	<trkpt lat='37.30206' lon='15.4467567'></trkpt>
	<trkpt lat='37.2934117' lon='15.442395'></trkpt>
	<trkpt lat='37.067645' lon='15.3222233'></trkpt>
	<trkpt lat='37.0664783' lon='15.3214333'></trkpt>
	<trkpt lat='37.0603567' lon='15.3127667'></trkpt>
	<trkpt lat='37.0565617' lon='15.3082433'></trkpt>
	<trkpt lat='37.0540767' lon='15.3045'></trkpt>
	<trkpt lat='37.050875' lon='15.2974417'></trkpt>
	<trkpt lat='37.0511417' lon='15.2942633'></trkpt>
	<trkpt lat='37.0534833' lon='15.28866'></trkpt>
	<trkpt lat='37.0557417' lon='15.2848017'></trkpt>
	<trkpt lat='37.05829' lon='15.282145'></trkpt>
	<trkpt lat='37.0592833' lon='15.2803017'></trkpt>
	<trkpt lat='37.0592435' lon='15.2797351'></trkpt>
	<trkpt lat='37.059215' lon='15.2802983'></trkpt>
	<trkpt lat='37.0590817' lon='15.2815667'></trkpt>
	<trkpt lat='37.0545083' lon='15.2884717'></trkpt>
	<trkpt lat='37.0482333' lon='15.2995183'></trkpt>
	<trkpt lat='37.0415417' lon='15.3130783'></trkpt>
	<trkpt lat='37.038845' lon='15.320415'></trkpt>
	<trkpt lat='37.0079917' lon='15.343865'></trkpt>
	<trkpt lat='37.00675' lon='15.3445333'></trkpt>
	<trkpt lat='37.0041467' lon='15.3447517'></trkpt>
	<trkpt lat='37.0015867' lon='15.3447883'></trkpt>
	<trkpt lat='36.9990117' lon='15.3443533'></trkpt>
	<trkpt lat='36.7964867' lon='15.223275'></trkpt>
	<trkpt lat='36.7219583' lon='15.184875'></trkpt>
	<trkpt lat='36.67936' lon='15.1556483'></trkpt>
	<trkpt lat='36.6776683' lon='15.1540433'></trkpt>
	<trkpt lat='36.665936699999996' lon='15.1387233'></trkpt>
	<trkpt lat='36.6612467' lon='15.1325267'></trkpt>
	<trkpt lat='36.6595217' lon='15.12972'></trkpt>
	<trkpt lat='36.6362233' lon='15.0699817'></trkpt>
	<trkpt lat='36.6361217' lon='15.0685817'></trkpt>
	<trkpt lat='36.6449733' lon='15.0568783'></trkpt>
	<trkpt lat='36.6909117' lon='14.9938633'></trkpt>
	<trkpt lat='36.6925833' lon='14.9914217'></trkpt>
	<trkpt lat='36.6943583' lon='14.9879917'></trkpt>
	<trkpt lat='36.6943017' lon='14.9879817'></trkpt>
	<trkpt lat='36.68936' lon='14.9865033'></trkpt>
	<trkpt lat='36.6883917' lon='14.9856917'></trkpt>
	<trkpt lat='36.673695' lon='14.969335'></trkpt>
	<trkpt lat='36.67343' lon='14.9681433'></trkpt>
	<trkpt lat='36.6745233' lon='14.9571017'></trkpt>
	<trkpt lat='36.685095' lon='14.8122333'></trkpt>
	<trkpt lat='36.685635' lon='14.809325'></trkpt>
	<trkpt lat='36.71064' lon='14.6888367'></trkpt>
	<trkpt lat='36.7736867' lon='14.5597517'></trkpt>
	<trkpt lat='36.7774567' lon='14.55107'></trkpt>
	<trkpt lat='36.77829' lon='14.547405'></trkpt>
	<trkpt lat='36.7787217' lon='14.5467883'></trkpt>
	<trkpt lat='36.7801783' lon='14.5468883'></trkpt>
	<trkpt lat='36.7801033' lon='14.5459017'></trkpt>
	<trkpt lat='36.7804717' lon='14.5449517'></trkpt>
	<trkpt lat='36.78105' lon='14.5445733'></trkpt>
	<trkpt lat='36.7811799' lon='14.5454267'></trkpt>
	<trkpt lat='36.781143790924' lon='14.545459425253057'><time>2024-03-04T08:19:49.294Z</time></trkpt>
	<trkpt lat='36.7811883' lon='14.545085'><time>2024-04-24T10:08:37.000Z</time></trkpt>
	<trkpt lat='36.7810183' lon='14.5447367'><time>2024-04-24T10:09:00.000Z</time></trkpt>
	<trkpt lat='36.7802367' lon='14.5453267'><time>2024-04-24T10:10:00.000Z</time></trkpt>
	<trkpt lat='36.7802133' lon='14.54651'><time>2024-04-24T10:11:00.000Z</time></trkpt>
	<trkpt lat='36.7786283' lon='14.54687'><time>2024-04-24T10:13:00.000Z</time></trkpt>
	<trkpt lat='36.7782633' lon='14.549115'><time>2024-04-24T10:15:00.000Z</time></trkpt>
	<trkpt lat='36.77658' lon='14.551785'><time>2024-04-24T10:17:00.000Z</time></trkpt>
	<trkpt lat='36.7696317' lon='14.5650433'><time>2024-04-24T10:26:00.000Z</time></trkpt>
	<trkpt lat='36.7685817' lon='14.565595'><time>2024-04-24T10:27:00.000Z</time></trkpt>
	<trkpt lat='36.7638167' lon='14.572635'><time>2024-04-24T10:32:00.000Z</time></trkpt>
	<trkpt lat='36.7426267' lon='14.6005467'><time>2024-04-24T10:54:00.000Z</time></trkpt>
	<trkpt lat='36.7418233' lon='14.60205'><time>2024-04-24T10:55:00.000Z</time></trkpt>
	<trkpt lat='36.7266633' lon='14.6344617'><time>2024-04-24T11:15:00.000Z</time></trkpt>
	<trkpt lat='36.7201133' lon='14.6494983'><time>2024-04-24T11:24:00.000Z</time></trkpt>
	<trkpt lat='36.709945' lon='14.6745133'><time>2024-04-24T11:39:00.000Z</time></trkpt>
	<trkpt lat='36.70281' lon='14.6942667'><time>2024-04-24T11:51:00.000Z</time></trkpt>
	<trkpt lat='36.6985833' lon='14.708995'><time>2024-04-24T12:00:00.000Z</time></trkpt>
	<trkpt lat='36.66631' lon='14.8789817'><time>2024-04-24T13:50:00.000Z</time></trkpt>
	<trkpt lat='36.636375' lon='15.0343283'><time>2024-04-24T15:31:00.000Z</time></trkpt>
	<trkpt lat='36.6377217' lon='15.071675'><time>2024-04-24T15:55:00.000Z</time></trkpt>
	<trkpt lat='36.6594133' lon='15.1293567'><time>2024-04-24T16:31:00.000Z</time></trkpt>
	<trkpt lat='36.660135' lon='15.13087'><time>2024-04-24T16:32:00.000Z</time></trkpt>
	<trkpt lat='36.6626517' lon='15.1334383'><time>2024-04-24T16:34:00.000Z</time></trkpt>
	<trkpt lat='36.688305' lon='15.1590133'><time>2024-04-24T16:56:00.000Z</time></trkpt>
	<trkpt lat='36.6891433' lon='15.1594083'><time>2024-04-24T16:57:00.000Z</time></trkpt>
	<trkpt lat='36.6911817' lon='15.1544667'><time>2024-04-24T17:02:01.000Z</time></trkpt>
	<trkpt lat='36.691545' lon='15.15102'><time>2024-04-24T17:05:00.000Z</time></trkpt>
	<trkpt lat='36.691395' lon='15.1486283'><time>2024-04-24T17:07:00.000Z</time></trkpt>
	<trkpt lat='36.6904483' lon='15.1451283'><time>2024-04-24T17:10:00.000Z</time></trkpt>
	<trkpt lat='36.6882117' lon='15.142935'><time>2024-04-24T17:13:00.000Z</time></trkpt>
	<trkpt lat='36.68738' lon='15.1416117'><time>2024-04-24T17:16:00.000Z</time></trkpt>
	<trkpt lat='36.6871149' lon='15.1418884'><time>2024-04-24T17:20:00.000Z</time></trkpt>
	<trkpt lat='36.6874017' lon='15.1416333'><time>2024-04-25T09:54:00.000Z</time></trkpt>
	<trkpt lat='36.68749' lon='15.14196'><time>2024-04-25T09:56:00.000Z</time></trkpt>
	<trkpt lat='36.6915017' lon='15.14448'><time>2024-04-25T10:00:00.000Z</time></trkpt>
	<trkpt lat='36.699395' lon='15.16089'><time>2024-04-25T10:12:00.000Z</time></trkpt>
	<trkpt lat='36.7011983' lon='15.1629967'><time>2024-04-25T10:14:00.000Z</time></trkpt>
	<trkpt lat='36.7022917' lon='15.16381'><time>2024-04-25T10:15:00.000Z</time></trkpt>
	<trkpt lat='36.7417933' lon='15.1879233'><time>2024-04-25T10:43:00.000Z</time></trkpt>
	<trkpt lat='36.74643' lon='15.190195'><time>2024-04-25T10:46:00.000Z</time></trkpt>
	<trkpt lat='36.7525317' lon='15.1926633'><time>2024-04-25T10:50:00.000Z</time></trkpt>
	<trkpt lat='36.98156' lon='15.3351083'><time>2024-04-25T14:23:00.000Z</time></trkpt>
	<trkpt lat='37.0027417' lon='15.3448483'><time>2024-04-25T14:43:00.000Z</time></trkpt>
	<trkpt lat='37.0038567' lon='15.3451817'><time>2024-04-25T14:44:00.000Z</time></trkpt>
	<trkpt lat='37.0049267' lon='15.3445917'><time>2024-04-25T14:45:00.000Z</time></trkpt>
	<trkpt lat='37.037075' lon='15.32247'><time>2024-04-25T15:15:00.000Z</time></trkpt>
	<trkpt lat='37.0391067' lon='15.3206833'><time>2024-04-25T15:17:00.000Z</time></trkpt>
	<trkpt lat='37.0524633' lon='15.2912383'><time>2024-04-25T15:39:00.000Z</time></trkpt>
	<trkpt lat='37.0562917' lon='15.285495'><time>2024-04-25T15:45:00.000Z</time></trkpt>
	<trkpt lat='37.05904' lon='15.2833683'><time>2024-04-25T15:49:00.000Z</time></trkpt>
	<trkpt lat='37.0593783' lon='15.2827267'><time>2024-04-25T15:50:00.000Z</time></trkpt>
	<trkpt lat='37.0591017' lon='15.2806533'><time>2024-04-25T15:53:00.000Z</time></trkpt>
	<trkpt lat='37.0590814' lon='15.2811453'><time>2024-04-25T15:57:00.000Z</time></trkpt>
	<trkpt lat='37.0594983' lon='15.27981'><time>2024-05-06T06:05:00.000Z</time></trkpt>
	<trkpt lat='37.0586083' lon='15.282095'><time>2024-05-06T06:09:00.000Z</time></trkpt>
	<trkpt lat='37.0513933' lon='15.2940783'><time>2024-05-06T06:19:00.000Z</time></trkpt>
	<trkpt lat='37.0502767' lon='15.29677'><time>2024-05-06T06:21:00.000Z</time></trkpt>
	<trkpt lat='37.050515' lon='15.2997517'><time>2024-05-06T06:23:00.000Z</time></trkpt>
	<trkpt lat='37.0556517' lon='15.31035'><time>2024-05-06T06:31:00.000Z</time></trkpt>
	<trkpt lat='37.0608033' lon='15.3223283'><time>2024-05-06T06:41:00.000Z</time></trkpt>
	<trkpt lat='37.0620767' lon='15.3244683'><time>2024-05-06T06:43:00.000Z</time></trkpt>
	<trkpt lat='37.0632517' lon='15.3296167'><time>2024-05-06T06:47:00.000Z</time></trkpt>
	<trkpt lat='37.0713267' lon='15.3423017'><time>2024-05-06T06:59:00.000Z</time></trkpt>
	<trkpt lat='37.07418' lon='15.34622'><time>2024-05-06T07:03:00.000Z</time></trkpt>
	<trkpt lat='37.0756217' lon='15.3481617'><time>2024-05-06T07:05:00.000Z</time></trkpt>
	<trkpt lat='37.0788733' lon='15.3513467'><time>2024-05-06T07:09:00.000Z</time></trkpt>
	<trkpt lat='37.0817767' lon='15.3550217'><time>2024-05-06T07:13:00.000Z</time></trkpt>
	<trkpt lat='37.0924183' lon='15.3703683'><time>2024-05-06T07:29:00.000Z</time></trkpt>
	<trkpt lat='37.1057283' lon='15.3873833'><time>2024-05-06T07:47:00.000Z</time></trkpt>
	<trkpt lat='37.124895' lon='15.4096183'><time>2024-05-06T08:11:00.000Z</time></trkpt>
	<trkpt lat='37.1358767' lon='15.4212783'><time>2024-05-06T08:23:00.000Z</time></trkpt>
	<trkpt lat='37.141975' lon='15.42834'><time>2024-05-06T08:31:00.000Z</time></trkpt>
	<trkpt lat='37.1451167' lon='15.4310817'><time>2024-05-06T08:35:00.000Z</time></trkpt>
	<trkpt lat='37.1466383' lon='15.432925'><time>2024-05-06T08:37:00.000Z</time></trkpt>
	<trkpt lat='37.1598967' lon='15.45437'><time>2024-05-06T08:55:00.000Z</time></trkpt>
	<trkpt lat='37.167565' lon='15.4674717'><time>2024-05-06T09:05:00.000Z</time></trkpt>
	<trkpt lat='37.1775417' lon='15.4818783'><time>2024-05-06T09:15:00.000Z</time></trkpt>
	<trkpt lat='37.181345' lon='15.4882267'><time>2024-05-06T09:19:00.000Z</time></trkpt>
	<trkpt lat='37.1914267' lon='15.5029183'><time>2024-05-06T09:29:00.000Z</time></trkpt>
	<trkpt lat='37.196645' lon='15.51404'><time>2024-05-06T09:35:00.000Z</time></trkpt>
	<trkpt lat='37.2164283' lon='15.5470583'><time>2024-05-06T09:55:00.000Z</time></trkpt>
	<trkpt lat='37.2866033' lon='15.6569217'><time>2024-05-06T11:03:00.000Z</time></trkpt>
	<trkpt lat='37.2928083' lon='15.66737'><time>2024-05-06T11:09:00.000Z</time></trkpt>
	<trkpt lat='37.2980017' lon='15.6740167'><time>2024-05-06T11:13:00.000Z</time></trkpt>
	<trkpt lat='37.3008183' lon='15.6769483'><time>2024-05-06T11:15:00.000Z</time></trkpt>
	<trkpt lat='37.3052717' lon='15.68076'><time>2024-05-06T11:19:00.000Z</time></trkpt>
	<trkpt lat='37.306875' lon='15.6827083'><time>2024-05-06T11:21:00.000Z</time></trkpt>
	<trkpt lat='37.3090167' lon='15.6843933'><time>2024-05-06T11:23:00.000Z</time></trkpt>
	<trkpt lat='37.31099' lon='15.68659'><time>2024-05-06T11:25:00.000Z</time></trkpt>
	<trkpt lat='37.3195633' lon='15.6991367'><time>2024-05-06T11:35:00.000Z</time></trkpt>
	<trkpt lat='37.324055' lon='15.7045867'><time>2024-05-06T11:39:00.000Z</time></trkpt>
	<trkpt lat='37.3328983' lon='15.71723'><time>2024-05-06T11:47:00.000Z</time></trkpt>
	<trkpt lat='37.3439733' lon='15.7343483'><time>2024-05-06T11:57:00.000Z</time></trkpt>
	<trkpt lat='37.3477633' lon='15.74213'><time>2024-05-06T12:01:00.000Z</time></trkpt>
	<trkpt lat='37.36048' lon='15.7632867'><time>2024-05-06T12:13:00.000Z</time></trkpt>
	<trkpt lat='37.40703' lon='15.837175'><time>2024-05-06T12:57:00.000Z</time></trkpt>
	<trkpt lat='37.4091333' lon='15.8400867'><time>2024-05-06T12:59:00.000Z</time></trkpt>
	<trkpt lat='37.6095567' lon='16.0657283'><time>2024-05-06T16:09:00.000Z</time></trkpt>
	<trkpt lat='37.731305' lon='16.1880433'><time>2024-05-06T19:01:00.000Z</time></trkpt>
	<trkpt lat='37.74852' lon='16.2173133'><time>2024-05-06T19:33:00.000Z</time></trkpt>
	<trkpt lat='37.763285' lon='16.2448233'><time>2024-05-06T20:01:00.000Z</time></trkpt>
	<trkpt lat='37.77896' lon='16.2727217'><time>2024-05-06T20:28:00.000Z</time></trkpt>
	<trkpt lat='37.83486' lon='16.37011'><time>2024-05-06T21:46:00.000Z</time></trkpt>
	<trkpt lat='37.8473033' lon='16.3927883'><time>2024-05-06T22:02:00.000Z</time></trkpt>
	<trkpt lat='37.8782567' lon='16.4524133'><time>2024-05-06T22:44:00.000Z</time></trkpt>
	<trkpt lat='37.8802117' lon='16.4543817'><time>2024-05-06T22:46:01.000Z</time></trkpt>
	<trkpt lat='37.9040917' lon='16.4714317'><time>2024-05-06T23:08:00.000Z</time></trkpt>
	<trkpt lat='37.940625' lon='16.4983517'><time>2024-05-06T23:40:00.000Z</time></trkpt>
	<trkpt lat='37.9718517' lon='16.5197033'><time>2024-05-07T00:10:00.000Z</time></trkpt>
	<trkpt lat='38.0049517' lon='16.54394'><time>2024-05-07T00:44:00.000Z</time></trkpt>
	<trkpt lat='38.0085017' lon='16.547355'><time>2024-05-07T00:48:00.000Z</time></trkpt>
	<trkpt lat='38.0367367' lon='16.583155'><time>2024-05-07T01:30:00.000Z</time></trkpt>
	<trkpt lat='38.0469883' lon='16.5956483'><time>2024-05-07T01:46:00.000Z</time></trkpt>
	<trkpt lat='38.056405' lon='16.607985'><time>2024-05-07T02:00:00.000Z</time></trkpt>
	<trkpt lat='38.0579433' lon='16.60947'><time>2024-05-07T02:02:00.000Z</time></trkpt>
	<trkpt lat='38.0634633' lon='16.6116833'><time>2024-05-07T02:08:00.000Z</time></trkpt>
	<trkpt lat='38.0708267' lon='16.6140183'><time>2024-05-07T02:16:00.000Z</time></trkpt>
	<trkpt lat='38.1055117' lon='16.6238683'><time>2024-05-07T02:54:00.000Z</time></trkpt>
	<trkpt lat='38.1329' lon='16.6305983'><time>2024-05-07T03:22:00.000Z</time></trkpt>
	<trkpt lat='38.1473733' lon='16.633775'><time>2024-05-07T03:38:00.000Z</time></trkpt>
	<trkpt lat='38.161' lon='16.6362567'><time>2024-05-07T03:54:00.000Z</time></trkpt>
	<trkpt lat='38.1626583' lon='16.6367'><time>2024-05-07T03:56:00.000Z</time></trkpt>
	<trkpt lat='38.1636417' lon='16.6379133'><time>2024-05-07T03:58:00.000Z</time></trkpt>
	<trkpt lat='38.172815' lon='16.6562933'><time>2024-05-07T04:20:00.000Z</time></trkpt>
	<trkpt lat='38.1916433' lon='16.6905567'><time>2024-05-07T04:56:00.000Z</time></trkpt>
	<trkpt lat='38.2125383' lon='16.73042'><time>2024-05-07T05:34:00.000Z</time></trkpt>
	<trkpt lat='38.22606' lon='16.753855'><time>2024-05-07T05:56:00.000Z</time></trkpt>
	<trkpt lat='38.23836' lon='16.773865'><time>2024-05-07T06:14:00.000Z</time></trkpt>
	<trkpt lat='38.2602317' lon='16.8081017'><time>2024-05-07T06:46:01.000Z</time></trkpt>
	<trkpt lat='38.278905' lon='16.835595'><time>2024-05-07T07:18:00.000Z</time></trkpt>
	<trkpt lat='38.2852933' lon='16.84551'><time>2024-05-07T07:30:00.000Z</time></trkpt>
	<trkpt lat='38.2933517' lon='16.8592283'><time>2024-05-07T07:46:00.000Z</time></trkpt>
	<trkpt lat='38.3223' lon='16.9121233'><time>2024-05-07T08:37:00.000Z</time></trkpt>
	<trkpt lat='38.3332217' lon='16.9307617'><time>2024-05-07T08:53:00.000Z</time></trkpt>
	<trkpt lat='38.3548183' lon='16.9659317'><time>2024-05-07T09:27:00.000Z</time></trkpt>
	<trkpt lat='38.3841867' lon='17.0126017'><time>2024-05-07T10:11:00.000Z</time></trkpt>
	<trkpt lat='38.4160567' lon='17.06444'><time>2024-05-07T10:59:00.000Z</time></trkpt>
	<trkpt lat='38.432655' lon='17.090355'><time>2024-05-07T11:23:00.000Z</time></trkpt>
	<trkpt lat='38.4503517' lon='17.1198817'><time>2024-05-07T11:45:00.000Z</time></trkpt>
	<trkpt lat='38.4524717' lon='17.121085'><time>2024-05-07T11:47:00.000Z</time></trkpt>
	<trkpt lat='38.4822083' lon='17.1265783'><time>2024-05-07T12:11:00.000Z</time></trkpt>
	<trkpt lat='38.4844533' lon='17.12786'><time>2024-05-07T12:13:00.000Z</time></trkpt>
	<trkpt lat='38.4861817' lon='17.1303517'><time>2024-05-07T12:15:00.000Z</time></trkpt>
	<trkpt lat='38.497175' lon='17.1518317'><time>2024-05-07T12:29:01.000Z</time></trkpt>
	<trkpt lat='38.500465' lon='17.1576267'><time>2024-05-07T12:33:00.000Z</time></trkpt>
	<trkpt lat='38.5023567' lon='17.1599367'><time>2024-05-07T12:35:00.000Z</time></trkpt>
	<trkpt lat='38.5078417' lon='17.160275'><time>2024-05-07T12:39:00.000Z</time></trkpt>
	<trkpt lat='38.52414' lon='17.1625167'><time>2024-05-07T12:51:00.000Z</time></trkpt>
	<trkpt lat='38.5466583' lon='17.1646433'><time>2024-05-07T13:07:00.000Z</time></trkpt>
	<trkpt lat='38.6850883' lon='17.183635'><time>2024-05-07T14:53:00.000Z</time></trkpt>
	<trkpt lat='38.694195' lon='17.1846667'><time>2024-05-07T14:59:00.000Z</time></trkpt>
	<trkpt lat='38.8514933' lon='17.2064317'><time>2024-05-07T16:55:00.000Z</time></trkpt>
	<trkpt lat='38.856865' lon='17.2074983'><time>2024-05-07T16:59:00.000Z</time></trkpt>
	<trkpt lat='38.8628867' lon='17.207975'><time>2024-05-07T17:05:00.000Z</time></trkpt>
	<trkpt lat='38.8657967' lon='17.2087267'><time>2024-05-07T17:07:00.000Z</time></trkpt>
	<trkpt lat='38.8684683' lon='17.2098967'><time>2024-05-07T17:09:00.000Z</time></trkpt>
	<trkpt lat='38.8713133' lon='17.2105217'><time>2024-05-07T17:11:00.000Z</time></trkpt>
	<trkpt lat='38.880675' lon='17.214195'><time>2024-05-07T17:19:00.000Z</time></trkpt>
	<trkpt lat='38.8873617' lon='17.21874'><time>2024-05-07T17:29:00.000Z</time></trkpt>
	<trkpt lat='39.0130467' lon='17.2297367'><time>2024-05-07T19:05:00.000Z</time></trkpt>
	<trkpt lat='39.01567' lon='17.2293917'><time>2024-05-07T19:07:00.000Z</time></trkpt>
	<trkpt lat='39.0230767' lon='17.226105'><time>2024-05-07T19:13:00.000Z</time></trkpt>
	<trkpt lat='39.0253133' lon='17.224365'><time>2024-05-07T19:15:00.000Z</time></trkpt>
	<trkpt lat='39.0293767' lon='17.2200617'><time>2024-05-07T19:19:00.000Z</time></trkpt>
	<trkpt lat='39.0546767' lon='17.161875'><time>2024-05-07T19:59:00.000Z</time></trkpt>
	<trkpt lat='39.0576933' lon='17.1572683'><time>2024-05-07T20:03:00.000Z</time></trkpt>
	<trkpt lat='39.0719167' lon='17.1387617'><time>2024-05-07T20:19:00.000Z</time></trkpt>
	<trkpt lat='39.0733033' lon='17.137125'><time>2024-05-07T20:21:00.000Z</time></trkpt>
	<trkpt lat='39.0769533' lon='17.13415'><time>2024-05-07T20:31:00.000Z</time></trkpt>
	<trkpt lat='39.0771083' lon='17.1342867'><time>2024-05-07T20:33:00.000Z</time></trkpt>
	<trkpt lat='39.080405' lon='17.1365667'><time>2024-05-10T05:09:25.000Z</time></trkpt>
	<trkpt lat='39.0796917' lon='17.1371167'><time>2024-05-10T05:11:00.000Z</time></trkpt>
	<trkpt lat='39.077355' lon='17.136605'><time>2024-05-10T05:15:00.000Z</time></trkpt>
	<trkpt lat='39.0760183' lon='17.1387733'><time>2024-05-10T05:17:00.000Z</time></trkpt>
	<trkpt lat='39.0763317' lon='17.13987'><time>2024-05-10T05:18:00.000Z</time></trkpt>
	<trkpt lat='39.0796467' lon='17.1443567'><time>2024-05-10T05:23:00.000Z</time></trkpt>
	<trkpt lat='39.0800333' lon='17.1460883'><time>2024-05-10T05:25:00.000Z</time></trkpt>
	<trkpt lat='39.086115' lon='17.155525'><time>2024-05-10T05:34:00.000Z</time></trkpt>
	<trkpt lat='39.092225' lon='17.1641467'><time>2024-05-10T05:43:00.000Z</time></trkpt>
	<trkpt lat='39.1118617' lon='17.1989183'><time>2024-05-10T06:10:00.000Z</time></trkpt>
	<trkpt lat='39.1158417' lon='17.2070133'><time>2024-05-10T06:16:00.000Z</time></trkpt>
	<trkpt lat='39.1177983' lon='17.2119517'><time>2024-05-10T06:20:00.000Z</time></trkpt>
	<trkpt lat='39.1182433' lon='17.2138817'><time>2024-05-10T06:22:00.000Z</time></trkpt>
	<trkpt lat='39.1308583' lon='17.2426817'><time>2024-05-10T06:42:00.000Z</time></trkpt>
	<trkpt lat='39.13573' lon='17.25353'><time>2024-05-10T06:49:00.000Z</time></trkpt>
	<trkpt lat='39.1416933' lon='17.2656383'><time>2024-05-10T06:57:00.000Z</time></trkpt>
	<trkpt lat='39.1526417' lon='17.285565'><time>2024-05-10T07:11:00.000Z</time></trkpt>
	<trkpt lat='39.1631333' lon='17.3018667'><time>2024-05-10T07:23:00.000Z</time></trkpt>
	<trkpt lat='39.174955' lon='17.3181833'><time>2024-05-10T07:36:00.000Z</time></trkpt>
	<trkpt lat='39.188435' lon='17.33605'><time>2024-05-10T07:51:00.000Z</time></trkpt>
	<trkpt lat='39.1985517' lon='17.3480483'><time>2024-05-10T08:02:00.000Z</time></trkpt>
	<trkpt lat='39.2149583' lon='17.3692183'><time>2024-05-10T08:20:00.000Z</time></trkpt>
	<trkpt lat='39.2370033' lon='17.394505'><time>2024-05-10T08:42:00.000Z</time></trkpt>
	<trkpt lat='39.26016' lon='17.41771'><time>2024-05-10T09:05:00.000Z</time></trkpt>
	<trkpt lat='39.2691017' lon='17.4256317'><time>2024-05-10T09:14:00.000Z</time></trkpt>
	<trkpt lat='39.282065' lon='17.4364617'><time>2024-05-10T09:27:00.000Z</time></trkpt>
	<trkpt lat='39.2931733' lon='17.4483183'><time>2024-05-10T09:38:00.000Z</time></trkpt>
	<trkpt lat='39.3006983' lon='17.45575'><time>2024-05-10T09:45:00.000Z</time></trkpt>
	<trkpt lat='39.31243' lon='17.4688483'><time>2024-05-10T09:57:00.000Z</time></trkpt>
	<trkpt lat='39.32029' lon='17.476905'><time>2024-05-10T10:05:00.000Z</time></trkpt>
	<trkpt lat='39.33882' lon='17.4941733'><time>2024-05-10T10:22:00.000Z</time></trkpt>
	<trkpt lat='39.3438717' lon='17.499555'><time>2024-05-10T10:27:00.000Z</time></trkpt>
	<trkpt lat='39.35267' lon='17.508125'><time>2024-05-10T10:35:00.000Z</time></trkpt>
	<trkpt lat='39.3649' lon='17.521045'><time>2024-05-10T10:47:00.000Z</time></trkpt>
	<trkpt lat='39.37684' lon='17.5325567'><time>2024-05-10T10:58:00.000Z</time></trkpt>
	<trkpt lat='39.38089' lon='17.5369967'><time>2024-05-10T11:02:00.000Z</time></trkpt>
	<trkpt lat='39.387375' lon='17.544595'><time>2024-05-10T11:09:00.000Z</time></trkpt>
	<trkpt lat='39.393425' lon='17.5526617'><time>2024-05-10T11:16:00.000Z</time></trkpt>
	<trkpt lat='39.4093567' lon='17.5778517'><time>2024-05-10T11:34:00.000Z</time></trkpt>
	<trkpt lat='39.4158483' lon='17.58668'><time>2024-05-10T11:41:01.000Z</time></trkpt>
	<trkpt lat='39.4230133' lon='17.5976333'><time>2024-05-10T11:50:00.000Z</time></trkpt>
	<trkpt lat='39.42925' lon='17.6059333'><time>2024-05-10T11:58:00.000Z</time></trkpt>
	<trkpt lat='39.5626567' lon='17.878835'><time>2024-05-10T15:41:00.000Z</time></trkpt>
	<trkpt lat='39.5646567' lon='17.8835067'><time>2024-05-10T15:45:00.000Z</time></trkpt>
	<trkpt lat='39.5702283' lon='17.8925917'><time>2024-05-10T15:52:00.000Z</time></trkpt>
	<trkpt lat='39.583815' lon='17.9133933'><time>2024-05-10T16:08:00.000Z</time></trkpt>
	<trkpt lat='39.5936283' lon='17.92935'><time>2024-05-10T16:20:00.000Z</time></trkpt>
	<trkpt lat='39.60666' lon='17.9477483'><time>2024-05-10T16:35:00.000Z</time></trkpt>
	<trkpt lat='39.6126267' lon='17.9567817'><time>2024-05-10T16:42:00.000Z</time></trkpt>
	<trkpt lat='39.62688' lon='17.980845'><time>2024-05-10T16:59:00.000Z</time></trkpt>
	<trkpt lat='39.638065' lon='18.0017533'><time>2024-05-10T17:13:00.000Z</time></trkpt>
	<trkpt lat='39.6478183' lon='18.0225783'><time>2024-05-10T17:27:00.000Z</time></trkpt>
	<trkpt lat='39.653275' lon='18.0321067'><time>2024-05-10T17:35:00.000Z</time></trkpt>
	<trkpt lat='39.6569333' lon='18.0375017'><time>2024-05-10T17:40:00.000Z</time></trkpt>
	<trkpt lat='39.68423' lon='18.10147'><time>2024-05-10T18:24:00.000Z</time></trkpt>
	<trkpt lat='39.695025' lon='18.1255617'><time>2024-05-10T18:40:00.000Z</time></trkpt>
	<trkpt lat='39.6952833' lon='18.1272783'><time>2024-05-10T18:41:00.000Z</time></trkpt>
	<trkpt lat='39.7002233' lon='18.1389167'><time>2024-05-10T18:48:00.000Z</time></trkpt>
	<trkpt lat='39.7035717' lon='18.1495133'><time>2024-05-10T18:54:00.000Z</time></trkpt>
	<trkpt lat='39.7158017' lon='18.1842183'><time>2024-05-10T19:15:00.000Z</time></trkpt>
	<trkpt lat='39.7248817' lon='18.2082383'><time>2024-05-10T19:29:00.000Z</time></trkpt>
	<trkpt lat='39.7840717' lon='18.341795'><time>2024-05-10T21:05:00.000Z</time></trkpt>
	<trkpt lat='39.785895' lon='18.3455633'><time>2024-05-10T21:09:00.000Z</time></trkpt>
	<trkpt lat='39.79373' lon='18.3565583'><time>2024-05-10T21:19:00.000Z</time></trkpt>
	<trkpt lat='39.7951083' lon='18.3610383'><time>2024-05-10T21:24:00.000Z</time></trkpt>
	<trkpt lat='39.7947867' lon='18.3607867'><time>2024-05-10T21:25:00.000Z</time></trkpt>
	<trkpt lat='39.7946525' lon='18.3612065'><time>2024-05-10T21:28:00.000Z</time></trkpt>
	<trkpt lat='39.794875' lon='18.36127'><time>2024-05-13T10:02:09.000Z</time></trkpt>
	<trkpt lat='39.7950083' lon='18.3608717'><time>2024-05-13T10:03:00.000Z</time></trkpt>
	<trkpt lat='39.7941683' lon='18.3576517'><time>2024-05-13T10:08:00.000Z</time></trkpt>
	<trkpt lat='39.7936933' lon='18.3568633'><time>2024-05-13T10:09:00.000Z</time></trkpt>
	<trkpt lat='39.7926867' lon='18.3567667'><time>2024-05-13T10:10:00.000Z</time></trkpt>
	<trkpt lat='39.791815' lon='18.3574767'><time>2024-05-13T10:11:00.000Z</time></trkpt>
	<trkpt lat='39.7915967' lon='18.3588333'><time>2024-05-13T10:12:00.000Z</time></trkpt>
	<trkpt lat='39.7920567' lon='18.3673567'><time>2024-05-13T10:18:00.000Z</time></trkpt>
	<trkpt lat='39.7924833' lon='18.3700917'><time>2024-05-13T10:20:00.000Z</time></trkpt>
	<trkpt lat='39.800365' lon='18.382745'><time>2024-05-13T10:32:00.000Z</time></trkpt>
	<trkpt lat='39.8069533' lon='18.3919633'><time>2024-05-13T10:45:00.000Z</time></trkpt>
	<trkpt lat='39.8109333' lon='18.3962383'><time>2024-05-13T10:51:00.000Z</time></trkpt>
	<trkpt lat='39.81271' lon='18.3974083'><time>2024-05-13T10:54:00.000Z</time></trkpt>
	<trkpt lat='39.9180133' lon='18.44654'><time>2024-05-13T12:57:00.000Z</time></trkpt>
	<trkpt lat='39.9269817' lon='18.4523383'><time>2024-05-13T13:08:00.000Z</time></trkpt>
	<trkpt lat='39.9301533' lon='18.4548867'><time>2024-05-13T13:12:00.000Z</time></trkpt>
	<trkpt lat='40.0640233' lon='18.5154983'><time>2024-05-13T15:22:00.000Z</time></trkpt>
	<trkpt lat='40.1068833' lon='18.5352567'><time>2024-05-13T16:01:00.000Z</time></trkpt>
	<trkpt lat='40.1075' lon='18.5352133'><time>2024-05-13T16:02:00.000Z</time></trkpt>
	<trkpt lat='40.141765' lon='18.5159183'><time>2024-05-13T16:41:00.000Z</time></trkpt>
	<trkpt lat='40.1490583' lon='18.5031133'><time>2024-05-13T16:55:00.000Z</time></trkpt>
	<trkpt lat='40.1517083' lon='18.4958383'><time>2024-05-13T17:02:00.000Z</time></trkpt>
	<trkpt lat='40.151775' lon='18.4936'><time>2024-05-13T17:05:00.000Z</time></trkpt>
	<trkpt lat='40.149255' lon='18.4900133'><time>2024-05-13T17:12:00.000Z</time></trkpt>
	<trkpt lat='40.1492517' lon='18.49029'><time>2024-05-13T17:13:00.000Z</time></trkpt>
	<trkpt lat='40.1496117' lon='18.4903583'><time>2024-05-13T17:15:00.000Z</time></trkpt>
	<trkpt lat='40.1496417' lon='18.4903567'><time>2024-05-14T06:16:09.000Z</time></trkpt>
	<trkpt lat='40.1511417' lon='18.491815'><time>2024-05-14T06:19:00.000Z</time></trkpt>
	<trkpt lat='40.1543783' lon='18.4939433'><time>2024-05-14T06:22:00.000Z</time></trkpt>
	<trkpt lat='40.3186333' lon='18.4672383'><time>2024-05-14T08:19:00.000Z</time></trkpt>
	<trkpt lat='40.3299167' lon='18.4664667'><time>2024-05-14T08:27:00.000Z</time></trkpt>
	<trkpt lat='40.3422567' lon='18.4662067'><time>2024-05-14T08:36:00.000Z</time></trkpt>
	<trkpt lat='40.3490533' lon='18.467395'><time>2024-05-14T08:41:00.000Z</time></trkpt>
	<trkpt lat='40.3859883' lon='18.472285'><time>2024-05-14T09:09:00.000Z</time></trkpt>
	<trkpt lat='40.3983217' lon='18.4742517'><time>2024-05-14T09:18:00.000Z</time></trkpt>
	<trkpt lat='40.4092017' lon='18.4765617'><time>2024-05-14T09:26:00.000Z</time></trkpt>
	<trkpt lat='40.4215817' lon='18.47711'><time>2024-05-14T09:35:00.000Z</time></trkpt>
	<trkpt lat='40.4408167' lon='18.4786417'><time>2024-05-14T09:49:00.000Z</time></trkpt>
	<trkpt lat='40.452135' lon='18.4804433'><time>2024-05-14T09:57:00.000Z</time></trkpt>
	<trkpt lat='40.4664883' lon='18.4833433'><time>2024-05-14T10:07:00.000Z</time></trkpt>
	<trkpt lat='40.499425' lon='18.487095'><time>2024-05-14T10:29:00.000Z</time></trkpt>
	<trkpt lat='40.5087717' lon='18.48872'><time>2024-05-14T10:35:00.000Z</time></trkpt>
	<trkpt lat='40.5312833' lon='18.4903433'><time>2024-05-14T10:49:00.000Z</time></trkpt>
	<trkpt lat='40.5425933' lon='18.491665'><time>2024-05-14T10:56:00.000Z</time></trkpt>
	<trkpt lat='40.5624133' lon='18.4932783'><time>2024-05-14T11:08:00.000Z</time></trkpt>
	<trkpt lat='40.5693233' lon='18.4942367'><time>2024-05-14T11:12:00.000Z</time></trkpt>
	<trkpt lat='40.579295' lon='18.4951183'><time>2024-05-14T11:18:00.000Z</time></trkpt>
	<trkpt lat='40.5863667' lon='18.4954683'><time>2024-05-14T11:22:00.000Z</time></trkpt>
	<trkpt lat='40.5933967' lon='18.4963683'><time>2024-05-14T11:26:00.000Z</time></trkpt>
	<trkpt lat='40.6052983' lon='18.497'><time>2024-05-14T11:33:00.000Z</time></trkpt>
	<trkpt lat='40.6105617' lon='18.49697'><time>2024-05-14T11:36:00.000Z</time></trkpt>
	<trkpt lat='40.634125' lon='18.4996767'><time>2024-05-14T11:50:00.000Z</time></trkpt>
	<trkpt lat='40.661585' lon='18.5013083'><time>2024-05-14T12:07:00.000Z</time></trkpt>
	<trkpt lat='40.6679867' lon='18.502105'><time>2024-05-14T12:11:00.000Z</time></trkpt>
	<trkpt lat='40.6777783' lon='18.5024'><time>2024-05-14T12:17:00.000Z</time></trkpt>
	<trkpt lat='40.718245' lon='18.5049667'><time>2024-05-14T12:42:00.000Z</time></trkpt>
	<trkpt lat='40.7442967' lon='18.5052833'><time>2024-05-14T12:58:00.000Z</time></trkpt>
	<trkpt lat='40.7559483' lon='18.506195'><time>2024-05-14T13:05:01.000Z</time></trkpt>
	<trkpt lat='40.7967117' lon='18.5042217'><time>2024-05-14T13:30:00.000Z</time></trkpt>
	<trkpt lat='40.816815' lon='18.5021833'><time>2024-05-14T13:42:00.000Z</time></trkpt>
	<trkpt lat='40.8268433' lon='18.5016617'><time>2024-05-14T13:48:00.000Z</time></trkpt>
	<trkpt lat='40.8369383' lon='18.50063'><time>2024-05-14T13:54:01.000Z</time></trkpt>
	<trkpt lat='40.8728067' lon='18.4990183'><time>2024-05-14T14:16:00.000Z</time></trkpt>
	<trkpt lat='40.88486' lon='18.4988733'><time>2024-05-14T14:23:00.000Z</time></trkpt>
	<trkpt lat='40.89996' lon='18.498155'><time>2024-05-14T14:32:00.000Z</time></trkpt>
	<trkpt lat='40.903565' lon='18.4986783'><time>2024-05-14T14:34:00.000Z</time></trkpt>
	<trkpt lat='40.908765' lon='18.49842'><time>2024-05-14T14:37:00.000Z</time></trkpt>
	<trkpt lat='40.9172667' lon='18.4985883'><time>2024-05-14T14:42:00.000Z</time></trkpt>
	<trkpt lat='40.9188333' lon='18.4994533'><time>2024-05-14T14:43:00.000Z</time></trkpt>
	<trkpt lat='40.9402867' lon='18.4992817'><time>2024-05-14T14:56:00.000Z</time></trkpt>
	<trkpt lat='40.943785' lon='18.498965'><time>2024-05-14T14:58:00.000Z</time></trkpt>
	<trkpt lat='40.9503817' lon='18.499075'><time>2024-05-14T15:02:00.000Z</time></trkpt>
	<trkpt lat='40.9653967' lon='18.49862'><time>2024-05-14T15:11:00.000Z</time></trkpt>
	<trkpt lat='40.9719783' lon='18.4979633'><time>2024-05-14T15:15:00.000Z</time></trkpt>
	<trkpt lat='40.9989567' lon='18.4970983'><time>2024-05-14T15:31:00.000Z</time></trkpt>
	<trkpt lat='41.0086533' lon='18.4963333'><time>2024-05-14T15:37:01.000Z</time></trkpt>
	<trkpt lat='41.0203233' lon='18.497115'><time>2024-05-14T15:44:00.000Z</time></trkpt>
	<trkpt lat='41.0307767' lon='18.496995'><time>2024-05-14T15:50:00.000Z</time></trkpt>
	<trkpt lat='41.0529867' lon='18.49883'><time>2024-05-14T16:04:00.000Z</time></trkpt>
	<trkpt lat='41.0640917' lon='18.5004067'><time>2024-05-14T16:11:00.000Z</time></trkpt>
	<trkpt lat='41.0779733' lon='18.50108'><time>2024-05-14T16:20:00.000Z</time></trkpt>
	<trkpt lat='41.0811383' lon='18.5009483'><time>2024-05-14T16:22:00.000Z</time></trkpt>
	<trkpt lat='41.0857283' lon='18.50134'><time>2024-05-14T16:25:00.000Z</time></trkpt>
	<trkpt lat='41.0947283' lon='18.5011433'><time>2024-05-14T16:31:00.000Z</time></trkpt>
	<trkpt lat='41.10082' lon='18.5013967'><time>2024-05-14T16:35:00.000Z</time></trkpt>
	<trkpt lat='41.1051867' lon='18.5019517'><time>2024-05-14T16:38:00.000Z</time></trkpt>
	<trkpt lat='41.1168383' lon='18.5019417'><time>2024-05-14T16:46:00.000Z</time></trkpt>
	<trkpt lat='41.1321517' lon='18.5026867'><time>2024-05-14T16:57:00.000Z</time></trkpt>
	<trkpt lat='41.1376267' lon='18.50359'><time>2024-05-14T17:01:01.000Z</time></trkpt>
	<trkpt lat='41.141705' lon='18.5038333'><time>2024-05-14T17:04:00.000Z</time></trkpt>
	<trkpt lat='41.1552867' lon='18.5033233'><time>2024-05-14T17:14:00.000Z</time></trkpt>
	<trkpt lat='41.16558' lon='18.5035667'><time>2024-05-14T17:21:00.000Z</time></trkpt>
	<trkpt lat='41.1862867' lon='18.5026367'><time>2024-05-14T17:35:00.000Z</time></trkpt>
	<trkpt lat='41.2132967' lon='18.5000717'><time>2024-05-14T17:54:00.000Z</time></trkpt>
	<trkpt lat='41.2333017' lon='18.4993267'><time>2024-05-14T18:07:00.000Z</time></trkpt>
	<trkpt lat='41.243615' lon='18.4980333'><time>2024-05-14T18:14:00.000Z</time></trkpt>
	<trkpt lat='41.2577417' lon='18.4967967'><time>2024-05-14T18:23:00.000Z</time></trkpt>
	<trkpt lat='41.273155' lon='18.496025'><time>2024-05-14T18:33:00.000Z</time></trkpt>
	<trkpt lat='41.2778517' lon='18.4954033'><time>2024-05-14T18:36:00.000Z</time></trkpt>
	<trkpt lat='41.2823267' lon='18.4954'><time>2024-05-14T18:39:00.000Z</time></trkpt>
	<trkpt lat='41.3041433' lon='18.49363'><time>2024-05-14T18:54:00.000Z</time></trkpt>
	<trkpt lat='41.3129483' lon='18.4938033'><time>2024-05-14T19:00:00.000Z</time></trkpt>
	<trkpt lat='41.324885' lon='18.4930533'><time>2024-05-14T19:08:00.000Z</time></trkpt>
	<trkpt lat='41.3528433' lon='18.49231'><time>2024-05-14T19:27:00.000Z</time></trkpt>
	<trkpt lat='41.3660133' lon='18.492575'><time>2024-05-14T19:36:00.000Z</time></trkpt>
	<trkpt lat='41.3750917' lon='18.4922517'><time>2024-05-14T19:42:00.000Z</time></trkpt>
	<trkpt lat='41.379465' lon='18.49173'><time>2024-05-14T19:45:00.000Z</time></trkpt>
	<trkpt lat='41.38243' lon='18.4918633'><time>2024-05-14T19:47:00.000Z</time></trkpt>
	<trkpt lat='41.3912133' lon='18.491465'><time>2024-05-14T19:53:00.000Z</time></trkpt>
	<trkpt lat='41.4243567' lon='18.4915967'><time>2024-05-14T20:15:00.000Z</time></trkpt>
	<trkpt lat='41.440935' lon='18.4922867'><time>2024-05-14T20:25:00.000Z</time></trkpt>
	<trkpt lat='41.453945' lon='18.492045'><time>2024-05-14T20:33:00.000Z</time></trkpt>
	<trkpt lat='41.471715' lon='18.4925917'><time>2024-05-14T20:44:00.000Z</time></trkpt>
	<trkpt lat='41.4891117' lon='18.4926467'><time>2024-05-14T20:55:00.000Z</time></trkpt>
	<trkpt lat='41.517625' lon='18.49169'><time>2024-05-14T21:14:00.000Z</time></trkpt>
	<trkpt lat='41.5205583' lon='18.491985'><time>2024-05-14T21:16:00.000Z</time></trkpt>
	<trkpt lat='41.528445' lon='18.4917667'><time>2024-05-14T21:21:00.000Z</time></trkpt>
	<trkpt lat='41.5331417' lon='18.4911333'><time>2024-05-14T21:24:00.000Z</time></trkpt>
	<trkpt lat='41.581825' lon='18.489275'><time>2024-05-14T21:55:00.000Z</time></trkpt>
	<trkpt lat='41.6258183' lon='18.4905483'><time>2024-05-14T22:24:00.000Z</time></trkpt>
	<trkpt lat='41.6379433' lon='18.4899167'><time>2024-05-14T22:32:00.000Z</time></trkpt>
	<trkpt lat='41.645105' lon='18.4899067'><time>2024-05-14T22:37:00.000Z</time></trkpt>
	<trkpt lat='41.660495' lon='18.4899817'><time>2024-05-14T22:47:00.000Z</time></trkpt>
	<trkpt lat='41.6798433' lon='18.490945'><time>2024-05-14T23:00:00.000Z</time></trkpt>
	<trkpt lat='41.682865' lon='18.4908233'><time>2024-05-14T23:02:00.000Z</time></trkpt>
	<trkpt lat='41.6920233' lon='18.4916883'><time>2024-05-14T23:08:00.000Z</time></trkpt>
	<trkpt lat='41.718175' lon='18.4926317'><time>2024-05-14T23:25:00.000Z</time></trkpt>
	<trkpt lat='41.7314917' lon='18.4938367'><time>2024-05-14T23:34:00.000Z</time></trkpt>
	<trkpt lat='41.7328217' lon='18.4941967'><time>2024-05-14T23:35:00.000Z</time></trkpt>
	<trkpt lat='41.7471633' lon='18.495105'><time>2024-05-14T23:45:00.000Z</time></trkpt>
	<trkpt lat='41.7692483' lon='18.497205'><time>2024-05-15T00:00:00.000Z</time></trkpt>
	<trkpt lat='41.7758567' lon='18.494195'><time>2024-05-15T00:05:00.000Z</time></trkpt>
	<trkpt lat='41.7932883' lon='18.4852867'><time>2024-05-15T00:18:00.000Z</time></trkpt>
	<trkpt lat='41.8038433' lon='18.4807183'><time>2024-05-15T00:26:00.000Z</time></trkpt>
	<trkpt lat='41.8171933' lon='18.4740217'><time>2024-05-15T00:36:00.000Z</time></trkpt>
	<trkpt lat='41.8420017' lon='18.4626533'><time>2024-05-15T00:55:00.000Z</time></trkpt>
	<trkpt lat='41.8573817' lon='18.4542283'><time>2024-05-15T01:08:00.000Z</time></trkpt>
	<trkpt lat='41.877285' lon='18.4442167'><time>2024-05-15T01:24:00.000Z</time></trkpt>
	<trkpt lat='41.8992433' lon='18.43189'><time>2024-05-15T01:42:00.000Z</time></trkpt>
	<trkpt lat='41.9204883' lon='18.4194083'><time>2024-05-15T01:59:00.000Z</time></trkpt>
	<trkpt lat='41.926625' lon='18.4155017'><time>2024-05-15T02:04:00.000Z</time></trkpt>
	<trkpt lat='41.9362317' lon='18.4105233'><time>2024-05-15T02:12:00.000Z</time></trkpt>
	<trkpt lat='41.9536267' lon='18.400655'><time>2024-05-15T02:26:00.000Z</time></trkpt>
	<trkpt lat='41.9941933' lon='18.3766417'><time>2024-05-15T02:59:00.000Z</time></trkpt>
	<trkpt lat='42.0095183' lon='18.3668683'><time>2024-05-15T03:11:00.000Z</time></trkpt>
	<trkpt lat='42.0134017' lon='18.3640267'><time>2024-05-15T03:14:00.000Z</time></trkpt>
	<trkpt lat='42.11285' lon='18.3141933'><time>2024-05-15T04:24:01.000Z</time></trkpt>
	<trkpt lat='42.125755' lon='18.3059183'><time>2024-05-15T04:34:00.000Z</time></trkpt>
	<trkpt lat='42.13478' lon='18.2989'><time>2024-05-15T04:41:00.000Z</time></trkpt>
	<trkpt lat='42.1455083' lon='18.2915717'><time>2024-05-15T04:49:00.000Z</time></trkpt>
	<trkpt lat='42.1577667' lon='18.2823483'><time>2024-05-15T04:58:00.000Z</time></trkpt>
	<trkpt lat='42.1850733' lon='18.26338'><time>2024-05-15T05:19:00.000Z</time></trkpt>
	<trkpt lat='42.1889083' lon='18.2603383'><time>2024-05-15T05:22:00.000Z</time></trkpt>
	<trkpt lat='42.2019717' lon='18.2515333'><time>2024-05-15T05:32:01.000Z</time></trkpt>
	<trkpt lat='42.2117067' lon='18.244345'><time>2024-05-15T05:40:01.000Z</time></trkpt>
	<trkpt lat='42.21509' lon='18.242225'><time>2024-05-15T05:43:00.000Z</time></trkpt>
	<trkpt lat='42.2365417' lon='18.2327583'><time>2024-05-15T05:58:00.000Z</time></trkpt>
	<trkpt lat='42.2424167' lon='18.2297517'><time>2024-05-15T06:02:01.000Z</time></trkpt>
	<trkpt lat='42.2447' lon='18.2256683'><time>2024-05-15T06:04:00.000Z</time></trkpt>
	<trkpt lat='42.2535717' lon='18.2062117'><time>2024-05-15T06:13:00.000Z</time></trkpt>
	<trkpt lat='42.2664633' lon='18.1802883'><time>2024-05-15T06:25:00.000Z</time></trkpt>
	<trkpt lat='42.2684267' lon='18.1773883'><time>2024-05-15T06:27:00.000Z</time></trkpt>
	<trkpt lat='42.2728817' lon='18.17257'><time>2024-05-15T06:30:00.000Z</time></trkpt>
	<trkpt lat='42.2744067' lon='18.16827'><time>2024-05-15T06:32:00.000Z</time></trkpt>
	<trkpt lat='42.27569' lon='18.1664683'><time>2024-05-15T06:33:00.000Z</time></trkpt>
	<trkpt lat='42.280705' lon='18.1626433'><time>2024-05-15T06:36:01.000Z</time></trkpt>
	<trkpt lat='42.282585' lon='18.1619283'><time>2024-05-15T06:37:00.000Z</time></trkpt>
	<trkpt lat='42.2853433' lon='18.1587217'><time>2024-05-15T06:39:00.000Z</time></trkpt>
	<trkpt lat='42.290015' lon='18.1553217'><time>2024-05-15T06:42:00.000Z</time></trkpt>
	<trkpt lat='42.2933483' lon='18.1542067'><time>2024-05-15T06:44:00.000Z</time></trkpt>
	<trkpt lat='42.29677' lon='18.1537067'><time>2024-05-15T06:46:00.000Z</time></trkpt>
	<trkpt lat='42.311105' lon='18.1488467'><time>2024-05-15T06:55:00.000Z</time></trkpt>
	<trkpt lat='42.3144117' lon='18.1481283'><time>2024-05-15T06:57:00.000Z</time></trkpt>
	<trkpt lat='42.3483367' lon='18.1372067'><time>2024-05-15T07:18:00.000Z</time></trkpt>
	<trkpt lat='42.367385' lon='18.1314083'><time>2024-05-15T07:30:00.000Z</time></trkpt>
	<trkpt lat='42.3704283' lon='18.1302267'><time>2024-05-15T07:32:00.000Z</time></trkpt>
	<trkpt lat='42.4077983' lon='18.1185633'><time>2024-05-15T07:58:00.000Z</time></trkpt>
	<trkpt lat='42.6097' lon='18.054185'><time>2024-05-15T10:38:00.000Z</time></trkpt>
	<trkpt lat='42.63768' lon='18.0451133'><time>2024-05-15T11:04:00.000Z</time></trkpt>
	<trkpt lat='42.6490583' lon='18.0398117'><time>2024-05-15T11:15:00.000Z</time></trkpt>
	<trkpt lat='42.6512967' lon='18.0393'><time>2024-05-15T11:17:00.000Z</time></trkpt>
	<trkpt lat='42.6546567' lon='18.0395867'><time>2024-05-15T11:20:00.000Z</time></trkpt>
	<trkpt lat='42.6564367' lon='18.0405283'><time>2024-05-15T11:22:00.000Z</time></trkpt>
	<trkpt lat='42.659915' lon='18.0438583'><time>2024-05-15T11:26:00.000Z</time></trkpt>
	<trkpt lat='42.6614633' lon='18.046485'><time>2024-05-15T11:29:00.000Z</time></trkpt>
	<trkpt lat='42.66272' lon='18.0477667'><time>2024-05-15T11:31:00.000Z</time></trkpt>
	<trkpt lat='42.6666317' lon='18.0648733'><time>2024-05-15T11:43:00.000Z</time></trkpt>
	<trkpt lat='42.6669267' lon='18.0691033'><time>2024-05-15T11:46:00.000Z</time></trkpt>
	<trkpt lat='42.6662467' lon='18.0728817'><time>2024-05-15T11:49:00.000Z</time></trkpt>
	<trkpt lat='42.66441' lon='18.0775933'><time>2024-05-15T11:53:00.000Z</time></trkpt>
	<trkpt lat='42.6601083' lon='18.0838067'><time>2024-05-15T11:59:00.000Z</time></trkpt>
	<trkpt lat='42.6588383' lon='18.0851967'><time>2024-05-15T12:01:00.000Z</time></trkpt>
	<trkpt lat='42.6588833' lon='18.0847117'><time>2024-05-15T12:02:00.000Z</time></trkpt>
	<trkpt lat='42.6592761' lon='18.0851402'><time>2024-05-15T12:05:00.000Z</time></trkpt>
	<trkpt lat='42.6591617' lon='18.0848233'><time>2024-05-15T13:10:00.000Z</time></trkpt>
	<trkpt lat='42.65979' lon='18.0838683'><time>2024-05-15T13:11:00.000Z</time></trkpt>
	<trkpt lat='42.663705' lon='18.07929'><time>2024-05-15T13:16:00.000Z</time></trkpt>
	<trkpt lat='42.66549' lon='18.076205'><time>2024-05-15T13:19:00.000Z</time></trkpt>
	<trkpt lat='42.6687517' lon='18.067175'><time>2024-05-15T13:26:00.000Z</time></trkpt>
	<trkpt lat='42.6734633' lon='18.0568983'><time>2024-05-15T13:34:00.000Z</time></trkpt>
	<trkpt lat='42.6751117' lon='18.0521633'><time>2024-05-15T13:37:00.000Z</time></trkpt>
	<trkpt lat='42.6784817' lon='18.0395483'><time>2024-05-15T13:46:00.000Z</time></trkpt>
	<trkpt lat='42.6826533' lon='18.0212417'><time>2024-05-15T13:59:00.000Z</time></trkpt>
	<trkpt lat='42.6850483' lon='18.0073283'><time>2024-05-15T14:09:00.000Z</time></trkpt>
	<trkpt lat='42.6852517' lon='18.0030067'><time>2024-05-15T14:12:00.000Z</time></trkpt>
	<trkpt lat='42.6842783' lon='18.00041'><time>2024-05-15T14:14:00.000Z</time></trkpt>
	<trkpt lat='42.6836067' lon='17.9997467'><time>2024-05-15T14:15:00.000Z</time></trkpt>
	<trkpt lat='42.683185' lon='17.9995833'><time>2024-05-15T14:16:00.000Z</time></trkpt>
	<trkpt lat='42.6828317' lon='17.9998183'><time>2024-05-15T14:17:00.000Z</time></trkpt>
	<trkpt lat='42.6792367' lon='18.0033083'><time>2024-05-15T14:23:00.000Z</time></trkpt>
	<trkpt lat='42.6786536' lon='18.0042669'><time>2024-05-15T14:27:00.000Z</time></trkpt>
	<trkpt lat='42.6788633' lon='18.0041133'><time>2024-05-15T14:29:00.000Z</time></trkpt>
	<trkpt lat='42.6792' lon='18.002775'><time>2024-05-17T11:14:00.000Z</time></trkpt>
	<trkpt lat='42.6791917' lon='18.0030017'><time>2024-05-17T11:15:00.000Z</time></trkpt>
	<trkpt lat='42.68096' lon='18.0010583'><time>2024-05-17T11:18:00.000Z</time></trkpt>
	<trkpt lat='42.682755' lon='17.998355'><time>2024-05-17T11:21:00.000Z</time></trkpt>
	<trkpt lat='42.6870983' lon='17.9893533'><time>2024-05-17T11:31:00.000Z</time></trkpt>
	<trkpt lat='42.690385' lon='17.9867967'><time>2024-05-17T11:35:00.000Z</time></trkpt>
	<trkpt lat='42.6912667' lon='17.984605'><time>2024-05-17T11:37:00.000Z</time></trkpt>
	<trkpt lat='42.69445' lon='17.9810967'><time>2024-05-17T11:41:00.000Z</time></trkpt>
	<trkpt lat='42.7013033' lon='17.97199'><time>2024-05-17T11:50:00.000Z</time></trkpt>
	<trkpt lat='42.711955' lon='17.95648'><time>2024-05-17T12:03:00.000Z</time></trkpt>
	<trkpt lat='42.7263017' lon='17.9343917'><time>2024-05-17T12:20:00.000Z</time></trkpt>
	<trkpt lat='42.73933' lon='17.8920483'><time>2024-05-17T12:48:00.000Z</time></trkpt>
	<trkpt lat='42.7520033' lon='17.8773733'><time>2024-05-17T13:00:00.000Z</time></trkpt>
	<trkpt lat='42.7571417' lon='17.8726917'><time>2024-05-17T13:04:00.000Z</time></trkpt>
	<trkpt lat='42.7585983' lon='17.8720033'><time>2024-05-17T13:05:00.000Z</time></trkpt>
	<trkpt lat='42.7645883' lon='17.8705517'><time>2024-05-17T13:09:00.000Z</time></trkpt>
	<trkpt lat='42.7708133' lon='17.870175'><time>2024-05-17T13:14:00.000Z</time></trkpt>
	<trkpt lat='42.772035' lon='17.870645'><time>2024-05-17T13:15:00.000Z</time></trkpt>
	<trkpt lat='42.77311' lon='17.871595'><time>2024-05-17T13:16:00.000Z</time></trkpt>
	<trkpt lat='42.7773533' lon='17.8779067'><time>2024-05-17T13:22:00.000Z</time></trkpt>
	<trkpt lat='42.78045' lon='17.8814967'><time>2024-05-17T13:26:00.000Z</time></trkpt>
	<trkpt lat='42.7808117' lon='17.8827767'><time>2024-05-17T13:27:00.000Z</time></trkpt>
	<trkpt lat='42.7808483' lon='17.8855383'><time>2024-05-17T13:30:00.000Z</time></trkpt>
	<trkpt lat='42.7841533' lon='17.8865133'><time>2024-05-17T13:37:00.000Z</time></trkpt>
	<trkpt lat='42.7866002' lon='17.8867233'><time>2024-05-17T13:44:00.000Z</time></trkpt>
	<trkpt lat='42.7860233' lon='17.88591'><time>2024-05-19T08:14:00.000Z</time></trkpt>
	<trkpt lat='42.7800717' lon='17.87928'><time>2024-05-19T08:24:00.000Z</time></trkpt>
	<trkpt lat='42.77536' lon='17.87322'><time>2024-05-19T08:31:00.000Z</time></trkpt>
	<trkpt lat='42.7730333' lon='17.8621817'><time>2024-05-19T08:40:00.000Z</time></trkpt>
	<trkpt lat='42.7640333' lon='17.7993583'><time>2024-05-19T09:54:00.000Z</time></trkpt>
	<trkpt lat='42.75564' lon='17.7810267'><time>2024-05-19T10:14:00.000Z</time></trkpt>
	<trkpt lat='42.755235' lon='17.7742333'><time>2024-05-19T10:19:00.000Z</time></trkpt>
	<trkpt lat='42.7590967' lon='17.7570833'><time>2024-05-19T10:36:00.000Z</time></trkpt>
	<trkpt lat='42.758985' lon='17.7521483'><time>2024-05-19T10:42:00.000Z</time></trkpt>
	<trkpt lat='42.7691633' lon='17.7300417'><time>2024-05-19T11:06:00.000Z</time></trkpt>
	<trkpt lat='42.7756917' lon='17.7149'><time>2024-05-19T11:21:00.000Z</time></trkpt>
	<trkpt lat='42.7904367' lon='17.6635533'><time>2024-05-19T12:16:00.000Z</time></trkpt>
	<trkpt lat='42.7901967' lon='17.6622717'><time>2024-05-19T12:18:00.000Z</time></trkpt>
	<trkpt lat='42.7829833' lon='17.64999'><time>2024-05-19T12:27:00.000Z</time></trkpt>
	<trkpt lat='42.7707967' lon='17.6312633'><time>2024-05-19T12:41:56.000Z</time></trkpt>
	<trkpt lat='42.7680467' lon='17.6244267'><time>2024-05-19T12:47:00.000Z</time></trkpt>
	<trkpt lat='42.7645283' lon='17.612715'><time>2024-05-19T12:56:00.000Z</time></trkpt>
	<trkpt lat='42.7623516' lon='17.6042534'><time>2024-05-19T13:05:00.000Z</time></trkpt>
	<trkpt lat='42.7620833' lon='17.604135'><time>2024-05-19T13:06:00.000Z</time></trkpt>
	<trkpt lat='42.7622817' lon='17.6053017'><time>2024-05-19T13:08:00.000Z</time></trkpt>
	<trkpt lat='42.7631433' lon='17.6065417'><time>2024-05-19T13:10:00.000Z</time></trkpt>
	<trkpt lat='42.7648717' lon='17.6084867'><time>2024-05-19T13:14:00.000Z</time></trkpt>
	<trkpt lat='42.7653183' lon='17.60851'><time>2024-05-19T13:15:00.000Z</time></trkpt>
	<trkpt lat='42.7707317' lon='17.597285'><time>2024-05-19T13:24:00.000Z</time></trkpt>
	<trkpt lat='42.7758067' lon='17.5991817'><time>2024-05-19T13:31:00.000Z</time></trkpt>
	<trkpt lat='42.7822667' lon='17.6002583'><time>2024-05-19T13:38:00.000Z</time></trkpt>
	<trkpt lat='42.7911833' lon='17.5997583'><time>2024-05-19T13:48:00.000Z</time></trkpt>
	<trkpt lat='42.8072517' lon='17.597635'><time>2024-05-19T14:04:00.000Z</time></trkpt>
	<trkpt lat='42.8124083' lon='17.5965167'><time>2024-05-19T14:09:00.000Z</time></trkpt>
	<trkpt lat='42.81733' lon='17.5946867'><time>2024-05-19T14:14:00.000Z</time></trkpt>
	<trkpt lat='42.822095' lon='17.5924217'><time>2024-05-19T14:19:00.000Z</time></trkpt>
	<trkpt lat='42.8297983' lon='17.5877383'><time>2024-05-19T14:27:00.000Z</time></trkpt>
	<trkpt lat='42.8228733' lon='17.57969'><time>2024-05-19T14:36:00.000Z</time></trkpt>
	<trkpt lat='42.8184733' lon='17.572685'><time>2024-05-19T14:42:00.000Z</time></trkpt>
	<trkpt lat='42.814635' lon='17.565355'><time>2024-05-19T14:48:00.000Z</time></trkpt>
	<trkpt lat='42.806155' lon='17.5461833'><time>2024-05-19T15:06:00.000Z</time></trkpt>
	<trkpt lat='42.8075217' lon='17.5462117'><time>2024-05-19T15:09:00.000Z</time></trkpt>
	<trkpt lat='42.8281733' lon='17.49685'><time>2024-05-19T15:43:00.000Z</time></trkpt>
	<trkpt lat='42.872655' lon='17.4230383'><time>2024-05-19T16:37:00.000Z</time></trkpt>
	<trkpt lat='42.878395' lon='17.4267617'><time>2024-05-19T16:42:00.000Z</time></trkpt>
	<trkpt lat='42.885075' lon='17.43549'><time>2024-05-19T16:49:00.000Z</time></trkpt>
	<trkpt lat='42.8854167' lon='17.4390383'><time>2024-05-19T16:51:00.000Z</time></trkpt>
	<trkpt lat='42.8849883' lon='17.4444083'><time>2024-05-19T16:54:00.000Z</time></trkpt>
	<trkpt lat='42.8855' lon='17.44894'><time>2024-05-19T16:59:00.000Z</time></trkpt>
	<trkpt lat='42.8854666' lon='17.4484068'><time>2024-05-19T17:04:00.000Z</time></trkpt>
	<trkpt lat='42.8855017' lon='17.4491233'><time>2024-05-20T08:06:00.000Z</time></trkpt>
	<trkpt lat='42.8851933' lon='17.4469067'><time>2024-05-20T08:10:00.000Z</time></trkpt>
	<trkpt lat='42.8854083' lon='17.44254'><time>2024-05-20T08:14:00.000Z</time></trkpt>
	<trkpt lat='42.8865833' lon='17.4373333'><time>2024-05-20T08:18:12.000Z</time></trkpt>
	<trkpt lat='42.9444717' lon='17.21403'><time>2024-05-20T10:59:00.000Z</time></trkpt>
	<trkpt lat='42.9452183' lon='17.2088083'><time>2024-05-20T11:02:00.000Z</time></trkpt>
	<trkpt lat='42.94571' lon='17.200085'><time>2024-05-20T11:07:00.000Z</time></trkpt>
	<trkpt lat='42.9450683' lon='17.18973'><time>2024-05-20T11:13:00.000Z</time></trkpt>
	<trkpt lat='42.9423867' lon='17.1759983'><time>2024-05-20T11:21:00.000Z</time></trkpt>
	<trkpt lat='42.939775' lon='17.1660667'><time>2024-05-20T11:27:00.000Z</time></trkpt>
	<trkpt lat='42.9396267' lon='17.1643067'><time>2024-05-20T11:28:00.000Z</time></trkpt>
	<trkpt lat='42.9399817' lon='17.1626133'><time>2024-05-20T11:29:00.000Z</time></trkpt>
	<trkpt lat='42.9418067' lon='17.1602133'><time>2024-05-20T11:31:00.000Z</time></trkpt>
	<trkpt lat='42.9519717' lon='17.1525983'><time>2024-05-20T11:40:00.000Z</time></trkpt>
	<trkpt lat='42.95394' lon='17.1507567'><time>2024-05-20T11:42:00.000Z</time></trkpt>
	<trkpt lat='42.95535' lon='17.1483167'><time>2024-05-20T11:45:00.000Z</time></trkpt>
	<trkpt lat='42.954825' lon='17.14811'><time>2024-05-20T11:46:00.000Z</time></trkpt>
	<trkpt lat='42.9545183' lon='17.1485717'><time>2024-05-20T11:47:00.000Z</time></trkpt>
	<trkpt lat='42.9548' lon='17.1493133'><time>2024-05-20T11:48:00.000Z</time></trkpt>
	<trkpt lat='42.9552167' lon='17.148605'><time>2024-05-20T11:49:00.000Z</time></trkpt>
	<trkpt lat='42.949895' lon='17.1598783'><time>2024-05-20T13:05:24.000Z</time></trkpt>
	<trkpt lat='42.949895' lon='17.1598783'><time>2024-05-20T13:05:24.000Z</time></trkpt>
	<trkpt lat='42.9500583' lon='17.15824'><time>2024-05-20T13:07:00.000Z</time></trkpt>
	<trkpt lat='42.9500583' lon='17.15824'><time>2024-05-20T13:07:00.000Z</time></trkpt>
	<trkpt lat='42.951285' lon='17.1548333'><time>2024-05-20T13:10:00.000Z</time></trkpt>
	<trkpt lat='42.951285' lon='17.1548333'><time>2024-05-20T13:10:00.000Z</time></trkpt>
	<trkpt lat='42.9549217' lon='17.148425'><time>2024-05-20T13:15:00.000Z</time></trkpt>
	<trkpt lat='42.9549217' lon='17.148425'><time>2024-05-20T13:15:00.000Z</time></trkpt>
	<trkpt lat='42.9552233' lon='17.1485783'><time>2024-05-20T13:16:00.000Z</time></trkpt>
	<trkpt lat='42.9552233' lon='17.1485783'><time>2024-05-20T13:16:00.000Z</time></trkpt>
	<trkpt lat='42.9544822' lon='17.1485992'><time>2024-05-20T13:18:00.000Z</time></trkpt>
	<trkpt lat='42.9544743' lon='17.148556'><time>2024-05-20T13:20:00.000Z</time></trkpt>
	<trkpt lat='42.9546283' lon='17.1490967'><time>2024-05-20T13:22:00.000Z</time></trkpt>
	<trkpt lat='42.9553217' lon='17.1490167'><time>2024-05-20T13:23:00.000Z</time></trkpt>
	<trkpt lat='42.960585' lon='17.14644'><time>2024-05-20T13:29:00.000Z</time></trkpt>
	<trkpt lat='42.9612833' lon='17.1460717'><time>2024-05-20T13:30:00.000Z</time></trkpt>
	<trkpt lat='42.9629183' lon='17.1442667'><time>2024-05-20T13:33:00.000Z</time></trkpt>
	<trkpt lat='42.9709483' lon='17.1262483'><time>2024-05-20T13:55:00.000Z</time></trkpt>
	<trkpt lat='42.98078' lon='17.0710617'><time>2024-05-20T14:51:00.000Z</time></trkpt>
	<trkpt lat='42.9879067' lon='17.0512067'><time>2024-05-20T15:08:00.000Z</time></trkpt>
	<trkpt lat='42.9905717' lon='17.04468'><time>2024-05-20T15:13:00.000Z</time></trkpt>
	<trkpt lat='42.9967533' lon='17.02645'><time>2024-05-20T15:27:00.000Z</time></trkpt>
	<trkpt lat='43.0050067' lon='17.0035517'><time>2024-05-20T15:45:00.000Z</time></trkpt>
	<trkpt lat='43.0057583' lon='17.0028417'><time>2024-05-20T15:46:00.000Z</time></trkpt>
	<trkpt lat='43.0111667' lon='17.0019867'><time>2024-05-20T15:51:00.000Z</time></trkpt>
	<trkpt lat='43.0240633' lon='17.0239783'><time>2024-05-20T16:09:00.000Z</time></trkpt>
	<trkpt lat='43.028415' lon='17.0268033'><time>2024-05-20T16:15:00.000Z</time></trkpt>
	<trkpt lat='43.0284317' lon='17.0265633'><time>2024-05-20T16:16:00.000Z</time></trkpt>
	<trkpt lat='43.0286017' lon='17.02688'><time>2024-05-20T16:18:00.000Z</time></trkpt>
	<trkpt lat='43.028345' lon='17.0269517'><time>2024-05-20T16:19:00.000Z</time></trkpt>
	<trkpt lat='43.027915' lon='17.02646'><time>2024-05-24T08:16:00.000Z</time></trkpt>
	<trkpt lat='43.0275783' lon='17.02581'><time>2024-05-24T08:18:00.000Z</time></trkpt>
	<trkpt lat='43.0255417' lon='17.0249067'><time>2024-05-24T08:22:00.000Z</time></trkpt>
	<trkpt lat='43.0250233' lon='17.0243533'><time>2024-05-24T08:23:00.000Z</time></trkpt>
	<trkpt lat='43.0240467' lon='17.0220733'><time>2024-05-24T08:27:00.000Z</time></trkpt>
	<trkpt lat='43.0245033' lon='17.0187167'><time>2024-05-24T08:32:00.000Z</time></trkpt>
	<trkpt lat='43.0266167' lon='17.0100717'><time>2024-05-24T08:48:00.000Z</time></trkpt>
	<trkpt lat='43.0312667' lon='16.9971583'><time>2024-05-24T08:57:00.000Z</time></trkpt>
	<trkpt lat='43.0845933' lon='16.8019067'><time>2024-05-24T10:59:00.000Z</time></trkpt>
	<trkpt lat='43.0864717' lon='16.7961883'><time>2024-05-24T11:04:00.000Z</time></trkpt>
	<trkpt lat='43.0973683' lon='16.7555167'><time>2024-05-24T11:31:00.000Z</time></trkpt>
	<trkpt lat='43.0977333' lon='16.755005'><time>2024-05-24T11:32:00.000Z</time></trkpt>
	<trkpt lat='43.0997833' lon='16.7555683'><time>2024-05-24T11:35:00.000Z</time></trkpt>
	<trkpt lat='43.102255' lon='16.7554817'><time>2024-05-24T11:37:43.000Z</time></trkpt>
	<trkpt lat='43.1112017' lon='16.7527317'><time>2024-05-24T11:47:00.000Z</time></trkpt>
	<trkpt lat='43.1147133' lon='16.7510867'><time>2024-05-24T11:51:00.000Z</time></trkpt>
	<trkpt lat='43.1193983' lon='16.7477583'><time>2024-05-24T11:57:00.000Z</time></trkpt>
	<trkpt lat='43.11661' lon='16.7470917'><time>2024-05-24T12:01:00.000Z</time></trkpt>
	<trkpt lat='43.1125317' lon='16.7448283'><time>2024-05-24T12:06:00.000Z</time></trkpt>
	<trkpt lat='43.1033867' lon='16.73769'><time>2024-05-24T12:18:00.000Z</time></trkpt>
	<trkpt lat='43.1011333' lon='16.7356867'><time>2024-05-24T12:21:00.000Z</time></trkpt>
	<trkpt lat='43.1010983' lon='16.73535'><time>2024-05-24T12:22:00.000Z</time></trkpt>
	<trkpt lat='43.1021383' lon='16.7352983'><time>2024-05-24T12:23:00.000Z</time></trkpt>
	<trkpt lat='43.1083833' lon='16.7323767'><time>2024-05-24T12:30:00.000Z</time></trkpt>
	<trkpt lat='43.10969' lon='16.7314767'><time>2024-05-24T12:32:00.000Z</time></trkpt>
	<trkpt lat='43.1150767' lon='16.72437'><time>2024-05-24T12:41:00.000Z</time></trkpt>
	<trkpt lat='43.120505' lon='16.7131733'><time>2024-05-24T12:51:00.000Z</time></trkpt>
	<trkpt lat='43.1193367' lon='16.7131117'><time>2024-05-24T12:52:00.000Z</time></trkpt>
	<trkpt lat='43.1142117' lon='16.711475'><time>2024-05-24T12:56:00.000Z</time></trkpt>
	<trkpt lat='43.1084667' lon='16.7091683'><time>2024-05-24T13:01:00.000Z</time></trkpt>
	<trkpt lat='43.1036267' lon='16.7068017'><time>2024-05-24T13:06:00.000Z</time></trkpt>
	<trkpt lat='43.1082133' lon='16.7033733'><time>2024-05-24T13:12:00.000Z</time></trkpt>
	<trkpt lat='43.1134683' lon='16.700695'><time>2024-05-24T13:17:00.000Z</time></trkpt>
	<trkpt lat='43.1157567' lon='16.700215'><time>2024-05-24T13:19:00.000Z</time></trkpt>
	<trkpt lat='43.1181117' lon='16.697855'><time>2024-05-24T13:22:00.000Z</time></trkpt>
	<trkpt lat='43.1155583' lon='16.6978317'><time>2024-05-24T13:24:00.000Z</time></trkpt>
	<trkpt lat='43.11441' lon='16.6973683'><time>2024-05-24T13:25:00.000Z</time></trkpt>
	<trkpt lat='43.11048' lon='16.6950467'><time>2024-05-24T13:29:00.000Z</time></trkpt>
	<trkpt lat='43.1057667' lon='16.6915617'><time>2024-05-24T13:34:00.000Z</time></trkpt>
	<trkpt lat='43.1047833' lon='16.69144'><time>2024-05-24T13:35:00.000Z</time></trkpt>
	<trkpt lat='43.1011683' lon='16.6933517'><time>2024-05-24T13:39:00.000Z</time></trkpt>
	<trkpt lat='43.1002733' lon='16.693515'><time>2024-05-24T13:40:00.000Z</time></trkpt>
	<trkpt lat='43.099715' lon='16.6935767'><time>2024-05-24T13:41:00.000Z</time></trkpt>
	<trkpt lat='43.0970917' lon='16.692455'><time>2024-05-24T13:45:00.000Z</time></trkpt>
	<trkpt lat='43.0968067' lon='16.6926875'><time>2024-05-24T13:49:00.000Z</time></trkpt>
	<trkpt lat='43.0968605' lon='16.692326'><time>2024-05-25T05:24:00.000Z</time></trkpt>
	<trkpt lat='43.099485' lon='16.692985'><time>2024-05-25T05:29:00.000Z</time></trkpt>
	<trkpt lat='43.100945' lon='16.692525'><time>2024-05-25T05:31:00.000Z</time></trkpt>
	<trkpt lat='43.1015733' lon='16.6912333'><time>2024-05-25T05:33:00.000Z</time></trkpt>
	<trkpt lat='43.1328083' lon='16.5507083'><time>2024-05-25T07:48:00.000Z</time></trkpt>
	<trkpt lat='43.1351783' lon='16.54041'><time>2024-05-25T07:54:00.000Z</time></trkpt>
	<trkpt lat='43.1362617' lon='16.5371433'><time>2024-05-25T07:56:00.000Z</time></trkpt>
	<trkpt lat='43.1398967' lon='16.5203533'><time>2024-05-25T08:07:00.000Z</time></trkpt>
	<trkpt lat='43.1621633' lon='16.4429717'><time>2024-05-25T08:59:00.000Z</time></trkpt>
	<trkpt lat='43.168465' lon='16.42446'><time>2024-05-25T09:10:00.000Z</time></trkpt>
	<trkpt lat='43.17014' lon='16.4216867'><time>2024-05-25T09:12:00.000Z</time></trkpt>
	<trkpt lat='43.187625' lon='16.3704633'><time>2024-05-25T09:46:00.000Z</time></trkpt>
	<trkpt lat='43.1892933' lon='16.3679017'><time>2024-05-25T09:48:00.000Z</time></trkpt>
	<trkpt lat='43.19323' lon='16.3633483'><time>2024-05-25T09:52:00.000Z</time></trkpt>
	<trkpt lat='43.194375' lon='16.3626667'><time>2024-05-25T09:53:00.000Z</time></trkpt>
	<trkpt lat='43.19517' lon='16.3626733'><time>2024-05-25T09:54:00.000Z</time></trkpt>
	<trkpt lat='43.329245' lon='16.4049717'><time>2024-05-25T12:10:00.000Z</time></trkpt>
	<trkpt lat='43.3341017' lon='16.404865'><time>2024-05-25T12:18:00.000Z</time></trkpt>
	<trkpt lat='43.3366417' lon='16.40543'><time>2024-05-25T12:21:00.000Z</time></trkpt>
	<trkpt lat='43.3451183' lon='16.4052833'><time>2024-05-25T12:28:00.000Z</time></trkpt>
	<trkpt lat='43.34623' lon='16.4056633'><time>2024-05-25T12:29:00.000Z</time></trkpt>
	<trkpt lat='43.3593667' lon='16.4050167'><time>2024-05-25T12:40:00.000Z</time></trkpt>
	<trkpt lat='43.3750833' lon='16.4052733'><time>2024-05-25T12:54:00.000Z</time></trkpt>
	<trkpt lat='43.4059617' lon='16.4049617'><time>2024-05-25T13:24:00.000Z</time></trkpt>
	<trkpt lat='43.40805' lon='16.405005'><time>2024-05-25T13:26:00.000Z</time></trkpt>
	<trkpt lat='43.4100667' lon='16.4055033'><time>2024-05-25T13:28:00.000Z</time></trkpt>
	<trkpt lat='43.4124583' lon='16.40498'><time>2024-05-25T13:30:00.000Z</time></trkpt>
	<trkpt lat='43.4147333' lon='16.4049233'><time>2024-05-25T13:32:00.000Z</time></trkpt>
	<trkpt lat='43.4391483' lon='16.4048233'><time>2024-05-25T13:51:00.000Z</time></trkpt>
	<trkpt lat='43.4426417' lon='16.4057133'><time>2024-05-25T13:54:00.000Z</time></trkpt>
	<trkpt lat='43.457685' lon='16.4073217'><time>2024-05-25T14:08:00.000Z</time></trkpt>
	<trkpt lat='43.468995' lon='16.4073183'><time>2024-05-25T14:17:00.000Z</time></trkpt>
	<trkpt lat='43.4717817' lon='16.4068317'><time>2024-05-25T14:19:00.000Z</time></trkpt>
	<trkpt lat='43.47453' lon='16.4057533'><time>2024-05-25T14:21:00.000Z</time></trkpt>
	<trkpt lat='43.48576' lon='16.3996067'><time>2024-05-25T14:29:00.000Z</time></trkpt>
	<trkpt lat='43.488475' lon='16.39763'><time>2024-05-25T14:31:00.000Z</time></trkpt>
	<trkpt lat='43.4940667' lon='16.39116'><time>2024-05-25T14:36:00.000Z</time></trkpt>
	<trkpt lat='43.4973883' lon='16.3886367'><time>2024-05-25T14:39:00.000Z</time></trkpt>
	<trkpt lat='43.5049133' lon='16.3853383'><time>2024-05-25T14:46:00.000Z</time></trkpt>
	<trkpt lat='43.5090867' lon='16.3842683'><time>2024-05-25T14:51:00.000Z</time></trkpt>
	<trkpt lat='43.5100017' lon='16.3843883'><time>2024-05-25T14:51:54.000Z</time></trkpt>
	<trkpt lat='43.5112733' lon='16.386045'><time>2024-05-25T14:54:00.000Z</time></trkpt>
	<trkpt lat='43.5164467' lon='16.395705'><time>2024-05-25T15:07:00.000Z</time></trkpt>
	<trkpt lat='43.5173783' lon='16.39991'><time>2024-05-25T15:11:00.000Z</time></trkpt>
	<trkpt lat='43.5179167' lon='16.40457'><time>2024-05-25T15:14:00.000Z</time></trkpt>
	<trkpt lat='43.5173983' lon='16.4142'><time>2024-05-25T15:20:00.000Z</time></trkpt>
	<trkpt lat='43.51752' lon='16.41711'><time>2024-05-25T15:22:00.000Z</time></trkpt>
	<trkpt lat='43.5186983' lon='16.4197767'><time>2024-05-25T15:25:00.000Z</time></trkpt>
	<trkpt lat='43.5191183' lon='16.4200033'><time>2024-05-25T15:28:00.000Z</time></trkpt>
	<trkpt lat='43.51897' lon='16.42045'><time>2024-05-25T15:32:00.000Z</time></trkpt>
	<trkpt lat='43.519216' lon='16.4194099'><time>2024-05-29T06:27:00.000Z</time></trkpt>
	<trkpt lat='43.5178829' lon='16.4192264'><time>2024-05-29T06:30:00.000Z</time></trkpt>
	<trkpt lat='43.5193134' lon='16.418794'><time>2024-05-29T06:31:00.000Z</time></trkpt>
	<trkpt lat='43.5192433' lon='16.4191858'><time>2024-05-29T06:32:00.000Z</time></trkpt>
	<trkpt lat='43.5196078' lon='16.4181597'><time>2024-05-29T06:33:00.000Z</time></trkpt>
	<trkpt lat='43.5195383' lon='16.4189346'><time>2024-05-29T06:34:00.000Z</time></trkpt>
	<trkpt lat='43.5198519' lon='16.4186409'><time>2024-05-29T06:38:00.000Z</time></trkpt>
	<trkpt lat='43.5191417' lon='16.419645'><time>2024-06-20T06:37:00.000Z</time></trkpt>
	<trkpt lat='43.5192983' lon='16.4190233'><time>2024-06-20T06:39:00.000Z</time></trkpt>
	<trkpt lat='43.518492' lon='16.4144885'><time>2024-06-20T06:42:00.000Z</time></trkpt>
	<trkpt lat='43.5174461' lon='16.3969448'><time>2024-06-20T06:53:00.000Z</time></trkpt>
	<trkpt lat='43.5165028' lon='16.3939273'><time>2024-06-20T06:55:00.000Z</time></trkpt>
	<trkpt lat='43.5147203' lon='16.3899526'><time>2024-06-20T06:58:00.000Z</time></trkpt>
	<trkpt lat='43.5118493' lon='16.3860438'><time>2024-06-20T07:02:00.000Z</time></trkpt>
	<trkpt lat='43.5126531' lon='16.3854891'><time>2024-06-20T07:04:00.000Z</time></trkpt>
	<trkpt lat='43.5135355' lon='16.3855915'><time>2024-06-20T07:05:00.000Z</time></trkpt>
	<trkpt lat='43.5122795' lon='16.3853653'><time>2024-06-20T07:07:00.000Z</time></trkpt>
	<trkpt lat='43.5128929' lon='16.3838986'><time>2024-06-20T07:10:00.000Z</time></trkpt>
	<trkpt lat='43.512065' lon='16.38375'><time>2024-06-20T07:11:00.000Z</time></trkpt>
	<trkpt lat='43.5077985' lon='16.3842396'><time>2024-06-20T07:15:00.000Z</time></trkpt>
	<trkpt lat='43.5022925' lon='16.3866671'><time>2024-06-20T07:20:00.000Z</time></trkpt>
	<trkpt lat='43.49894' lon='16.3885711'><time>2024-06-20T07:23:00.000Z</time></trkpt>
	<trkpt lat='43.4900296' lon='16.3945711'><time>2024-06-20T07:31:00.000Z</time></trkpt>
	<trkpt lat='43.4876628' lon='16.3956695'><time>2024-06-20T07:33:00.000Z</time></trkpt>
	<trkpt lat='43.4864298' lon='16.3955401'><time>2024-06-20T07:34:00.000Z</time></trkpt>
	<trkpt lat='43.4854338' lon='16.3945796'><time>2024-06-20T07:35:00.000Z</time></trkpt>
	<trkpt lat='43.4828798' lon='16.390647'><time>2024-06-20T07:38:00.000Z</time></trkpt>
	<trkpt lat='43.4808388' lon='16.3860378'><time>2024-06-20T07:41:00.000Z</time></trkpt>
	<trkpt lat='43.480785' lon='16.3825151'><time>2024-06-20T07:43:00.000Z</time></trkpt>
	<trkpt lat='43.4794478' lon='16.3688048'><time>2024-06-20T07:51:00.000Z</time></trkpt>
	<trkpt lat='43.4764283' lon='16.3297233'><time>2024-06-20T08:15:00.000Z</time></trkpt>
	<trkpt lat='43.4732101' lon='16.2712801'><time>2024-06-20T08:52:00.000Z</time></trkpt>
	<trkpt lat='43.4721068' lon='16.2418576'><time>2024-06-20T09:11:00.000Z</time></trkpt>
	<trkpt lat='43.4719505' lon='16.2408748'><time>2024-06-20T09:12:00.000Z</time></trkpt>
	<trkpt lat='43.4688108' lon='16.2391106'><time>2024-06-20T09:16:00.000Z</time></trkpt>
	<trkpt lat='43.4675035' lon='16.2391171'><time>2024-06-20T09:17:00.000Z</time></trkpt>
	<trkpt lat='43.4737621' lon='16.2304701'><time>2024-06-20T09:26:00.000Z</time></trkpt>
	<trkpt lat='43.473835' lon='16.229799'><time>2024-06-20T09:27:00.000Z</time></trkpt>
	<trkpt lat='43.4689115' lon='16.2263913'><time>2024-06-20T09:33:00.000Z</time></trkpt>
	<trkpt lat='43.4641443' lon='16.2224193'><time>2024-06-20T09:39:00.000Z</time></trkpt>
	<trkpt lat='43.4586536' lon='16.2162565'><time>2024-06-20T09:46:00.000Z</time></trkpt>
	<trkpt lat='43.4659963' lon='16.2110966'><time>2024-06-20T09:53:00.000Z</time></trkpt>
	<trkpt lat='43.4682651' lon='16.2089538'><time>2024-06-20T09:55:00.000Z</time></trkpt>
	<trkpt lat='43.4683074' lon='16.2083531'><time>2024-06-20T09:56:00.000Z</time></trkpt>
	<trkpt lat='43.4623515' lon='16.2073035'><time>2024-06-20T10:00:00.000Z</time></trkpt>
	<trkpt lat='43.4585298' lon='16.2076171'><time>2024-06-20T10:03:00.000Z</time></trkpt>
	<trkpt lat='43.455306' lon='16.2050475'><time>2024-06-20T10:06:00.000Z</time></trkpt>
	<trkpt lat='43.4499266' lon='16.1997078'><time>2024-06-20T10:12:00.000Z</time></trkpt>
	<trkpt lat='43.4499243' lon='16.1993036'><time>2024-06-20T10:13:00.000Z</time></trkpt>
	<trkpt lat='43.4520036' lon='16.198643'><time>2024-06-20T10:15:00.000Z</time></trkpt>
	<trkpt lat='43.4551333' lon='16.1970921'><time>2024-06-20T10:18:00.000Z</time></trkpt>
	<trkpt lat='43.4611803' lon='16.1936493'><time>2024-06-20T10:23:00.000Z</time></trkpt>
	<trkpt lat='43.4648375' lon='16.1908206'><time>2024-06-20T10:26:00.000Z</time></trkpt>
	<trkpt lat='43.465485' lon='16.1899626'><time>2024-06-20T10:27:00.000Z</time></trkpt>
	<trkpt lat='43.4613564' lon='16.1898166'><time>2024-06-20T10:30:00.000Z</time></trkpt>
	<trkpt lat='43.4591716' lon='16.1884836'><time>2024-06-20T10:32:00.000Z</time></trkpt>
	<trkpt lat='43.4555041' lon='16.1853755'><time>2024-06-20T10:36:00.000Z</time></trkpt>
	<trkpt lat='43.4586066' lon='16.18412'><time>2024-06-20T10:40:00.000Z</time></trkpt>
	<trkpt lat='43.4637115' lon='16.18077'><time>2024-06-20T10:44:00.000Z</time></trkpt>
	<trkpt lat='43.4674675' lon='16.1774788'><time>2024-06-20T10:47:00.000Z</time></trkpt>
	<trkpt lat='43.4718055' lon='16.1721271'><time>2024-06-20T10:51:00.000Z</time></trkpt>
	<trkpt lat='43.4666461' lon='16.169681'><time>2024-06-20T10:56:00.000Z</time></trkpt>
	<trkpt lat='43.4617011' lon='16.167904'><time>2024-06-20T11:00:00.000Z</time></trkpt>
	<trkpt lat='43.4630219' lon='16.1659061'><time>2024-06-20T11:02:00.000Z</time></trkpt>
	<trkpt lat='43.4713965' lon='16.1572651'><time>2024-06-20T11:09:00.000Z</time></trkpt>
	<trkpt lat='43.4717625' lon='16.1563838'><time>2024-06-20T11:10:00.000Z</time></trkpt>
	<trkpt lat='43.4641418' lon='16.1537821'><time>2024-06-20T11:17:00.000Z</time></trkpt>
	<trkpt lat='43.4658391' lon='16.1517213'><time>2024-06-20T11:19:00.000Z</time></trkpt>
	<trkpt lat='43.468351' lon='16.1494591'><time>2024-06-20T11:21:00.000Z</time></trkpt>
	<trkpt lat='43.4755336' lon='16.1451295'><time>2024-06-20T11:26:00.000Z</time></trkpt>
	<trkpt lat='43.4769671' lon='16.1448295'><time>2024-06-20T11:27:00.000Z</time></trkpt>
	<trkpt lat='43.476772' lon='16.144189'><time>2024-06-20T11:28:00.000Z</time></trkpt>
	<trkpt lat='43.4754113' lon='16.1427743'><time>2024-06-20T11:30:00.000Z</time></trkpt>
	<trkpt lat='43.4700245' lon='16.1393641'><time>2024-06-20T11:35:00.000Z</time></trkpt>
	<trkpt lat='43.4670133' lon='16.1369476'><time>2024-06-20T11:38:00.000Z</time></trkpt>
	<trkpt lat='43.4566636' lon='16.1269871'><time>2024-06-20T11:49:00.000Z</time></trkpt>
	<trkpt lat='43.4564439' lon='16.1262486'><time>2024-06-20T11:50:00.000Z</time></trkpt>
	<trkpt lat='43.459097' lon='16.1247383'><time>2024-06-20T11:52:00.000Z</time></trkpt>
	<trkpt lat='43.4680048' lon='16.1216491'><time>2024-06-20T11:58:00.000Z</time></trkpt>
	<trkpt lat='43.4674571' lon='16.1216008'><time>2024-06-20T11:59:00.000Z</time></trkpt>
	<trkpt lat='43.4667566' lon='16.1209944'><time>2024-06-20T12:00:00.000Z</time></trkpt>
	<trkpt lat='43.4607326' lon='16.1152896'><time>2024-06-20T12:06:00.000Z</time></trkpt>
	<trkpt lat='43.4548578' lon='16.1086143'><time>2024-06-20T12:13:00.000Z</time></trkpt>
	<trkpt lat='43.4503418' lon='16.1028765'><time>2024-06-20T12:19:00.000Z</time></trkpt>
	<trkpt lat='43.4594971' lon='16.102642'><time>2024-06-20T12:26:00.000Z</time></trkpt>
	<trkpt lat='43.4645836' lon='16.1018063'><time>2024-06-20T12:30:00.000Z</time></trkpt>
	<trkpt lat='43.4678039' lon='16.1005693'><time>2024-06-20T12:33:00.000Z</time></trkpt>
	<trkpt lat='43.4616254' lon='16.0965215'><time>2024-06-20T12:40:00.000Z</time></trkpt>
	<trkpt lat='43.4580951' lon='16.0932708'><time>2024-06-20T12:45:00.000Z</time></trkpt>
	<trkpt lat='43.4649343' lon='16.0924838'><time>2024-06-20T12:51:00.000Z</time></trkpt>
	<trkpt lat='43.4685735' lon='16.091344'><time>2024-06-20T12:54:00.000Z</time></trkpt>
	<trkpt lat='43.4707915' lon='16.0901741'><time>2024-06-20T12:56:00.000Z</time></trkpt>
	<trkpt lat='43.4692773' lon='16.0887988'><time>2024-06-20T12:58:00.000Z</time></trkpt>
	<trkpt lat='43.4650198' lon='16.0836378'><time>2024-06-20T13:05:00.000Z</time></trkpt>
	<trkpt lat='43.4597906' lon='16.0761788'><time>2024-06-20T13:14:00.000Z</time></trkpt>
	<trkpt lat='43.4605631' lon='16.0765873'><time>2024-06-20T13:15:00.000Z</time></trkpt>
	<trkpt lat='43.4684473' lon='16.075654'><time>2024-06-20T13:21:00.000Z</time></trkpt>
	<trkpt lat='43.4722681' lon='16.074492'><time>2024-06-20T13:24:00.000Z</time></trkpt>
	<trkpt lat='43.4761385' lon='16.0725271'><time>2024-06-20T13:27:00.000Z</time></trkpt>
	<trkpt lat='43.476037' lon='16.0720703'><time>2024-06-20T13:28:00.000Z</time></trkpt>
	<trkpt lat='43.468018' lon='16.0638505'><time>2024-06-20T13:37:00.000Z</time></trkpt>
	<trkpt lat='43.4641288' lon='16.0585298'><time>2024-06-20T13:41:00.000Z</time></trkpt>
	<trkpt lat='43.457486' lon='16.044903'><time>2024-06-20T13:50:00.000Z</time></trkpt>
	<trkpt lat='43.4562813' lon='16.0429701'><time>2024-06-20T13:52:00.000Z</time></trkpt>
	<trkpt lat='43.454654' lon='16.0414458'><time>2024-06-20T13:54:00.000Z</time></trkpt>
	<trkpt lat='43.4526795' lon='16.0387418'><time>2024-06-20T13:56:00.000Z</time></trkpt>
	<trkpt lat='43.4517878' lon='16.0370948'><time>2024-06-20T13:57:00.000Z</time></trkpt>
	<trkpt lat='43.4469918' lon='16.0272723'><time>2024-06-20T14:04:00.000Z</time></trkpt>
	<trkpt lat='43.4432768' lon='16.0179998'><time>2024-06-20T14:11:00.000Z</time></trkpt>
	<trkpt lat='43.4529578' lon='16.0221246'><time>2024-06-20T14:18:00.000Z</time></trkpt>
	<trkpt lat='43.4623221' lon='16.0242385'><time>2024-06-20T14:25:00.000Z</time></trkpt>
	<trkpt lat='43.465832' lon='16.0245115'><time>2024-06-20T14:28:00.000Z</time></trkpt>
	<trkpt lat='43.4625898' lon='16.0199286'><time>2024-06-20T14:33:00.000Z</time></trkpt>
	<trkpt lat='43.4609818' lon='16.0167821'><time>2024-06-20T14:35:00.000Z</time></trkpt>
	<trkpt lat='43.4549205' lon='16.000987'><time>2024-06-20T14:46:00.000Z</time></trkpt>
	<trkpt lat='43.4479843' lon='15.9802413'><time>2024-06-20T15:00:00.000Z</time></trkpt>
	<trkpt lat='43.448102' lon='15.9797495'><time>2024-06-20T15:01:00.000Z</time></trkpt>
	<trkpt lat='43.459141' lon='15.9860075'><time>2024-06-20T15:10:00.000Z</time></trkpt>
	<trkpt lat='43.4683403' lon='15.9904495'><time>2024-06-20T15:17:00.000Z</time></trkpt>
	<trkpt lat='43.4776473' lon='15.9932411'><time>2024-06-20T15:24:00.000Z</time></trkpt>
	<trkpt lat='43.4803646' lon='15.9939276'><time>2024-06-20T15:26:00.000Z</time></trkpt>
	<trkpt lat='43.4811383' lon='15.9938498'><time>2024-06-20T15:27:00.000Z</time></trkpt>
	<trkpt lat='43.4789415' lon='15.9882596'><time>2024-06-20T15:32:00.000Z</time></trkpt>
	<trkpt lat='43.477548' lon='15.9828395'><time>2024-06-20T15:36:00.000Z</time></trkpt>
	<trkpt lat='43.4763526' lon='15.9761071'><time>2024-06-20T15:41:00.000Z</time></trkpt>
	<trkpt lat='43.475675' lon='15.9673511'><time>2024-06-20T15:48:00.000Z</time></trkpt>
	<trkpt lat='43.4743365' lon='15.9605093'><time>2024-06-20T15:54:00.000Z</time></trkpt>
	<trkpt lat='43.488518' lon='15.9675688'><time>2024-06-20T16:06:00.000Z</time></trkpt>
	<trkpt lat='43.4885188' lon='15.9663628'><time>2024-06-20T16:08:00.000Z</time></trkpt>
	<trkpt lat='43.4895785' lon='15.9634655'><time>2024-06-20T16:12:00.000Z</time></trkpt>
	<trkpt lat='43.4906465' lon='15.9629403'><time>2024-06-20T16:13:00.000Z</time></trkpt>
	<trkpt lat='43.4935038' lon='15.960589'><time>2024-06-20T16:16:00.000Z</time></trkpt>
	<trkpt lat='43.4972231' lon='15.9569261'><time>2024-06-20T16:20:00.000Z</time></trkpt>
	<trkpt lat='43.503405' lon='15.9498663'><time>2024-06-20T16:27:00.000Z</time></trkpt>
	<trkpt lat='43.5044051' lon='15.9492168'><time>2024-06-20T16:28:00.000Z</time></trkpt>
	<trkpt lat='43.5078015' lon='15.9478205'><time>2024-06-20T16:31:00.000Z</time></trkpt>
	<trkpt lat='43.5115903' lon='15.9494823'><time>2024-06-20T16:34:00.000Z</time></trkpt>
	<trkpt lat='43.5128948' lon='15.9496305'><time>2024-06-20T16:35:00.000Z</time></trkpt>
	<trkpt lat='43.5167596' lon='15.949026'><time>2024-06-20T16:38:00.000Z</time></trkpt>
	<trkpt lat='43.5180751' lon='15.949358'><time>2024-06-20T16:39:00.000Z</time></trkpt>
	<trkpt lat='43.519193' lon='15.950442'><time>2024-06-20T16:40:00.000Z</time></trkpt>
	<trkpt lat='43.5198578' lon='15.9521141'><time>2024-06-20T16:41:00.000Z</time></trkpt>
	<trkpt lat='43.519904' lon='15.9541046'><time>2024-06-20T16:42:00.000Z</time></trkpt>
	<trkpt lat='43.5183273' lon='15.9681956'><time>2024-06-20T16:49:00.000Z</time></trkpt>
	<trkpt lat='43.5184855' lon='15.9722436'><time>2024-06-20T16:51:00.000Z</time></trkpt>
	<trkpt lat='43.5190993' lon='15.9740545'><time>2024-06-20T16:52:00.000Z</time></trkpt>
	<trkpt lat='43.5217336' lon='15.9757855'><time>2024-06-20T16:54:00.000Z</time></trkpt>
	<trkpt lat='43.5253146' lon='15.9767456'><time>2024-06-20T16:58:00.000Z</time></trkpt>
	<trkpt lat='43.5259983' lon='15.976593'><time>2024-06-20T16:59:00.000Z</time></trkpt>
	<trkpt lat='43.5264653' lon='15.9759668'><time>2024-06-20T17:00:00.000Z</time></trkpt>
	<trkpt lat='43.5274486' lon='15.9734318'><time>2024-06-20T17:03:00.000Z</time></trkpt>
	<trkpt lat='43.5282065' lon='15.9734583'><time>2024-06-20T17:04:00.000Z</time></trkpt>
	<trkpt lat='43.5297593' lon='15.9739151'><time>2024-06-20T17:06:00.000Z</time></trkpt>
	<trkpt lat='43.5325365' lon='15.9763185'><time>2024-06-20T17:10:00.000Z</time></trkpt>
	<trkpt lat='43.5356243' lon='15.9773631'><time>2024-06-20T17:14:00.000Z</time></trkpt>
	<trkpt lat='43.5375893' lon='15.9788828'><time>2024-06-20T17:17:00.000Z</time></trkpt>
	<trkpt lat='43.5383161' lon='15.9790585'><time>2024-06-20T17:18:00.000Z</time></trkpt>
	<trkpt lat='43.5385528' lon='15.9788171'><time>2024-06-20T17:19:00.000Z</time></trkpt>
	<trkpt lat='43.5384128' lon='15.9792646'><time>2024-06-20T17:24:00.000Z</time></trkpt>
	<trkpt lat='43.5385975' lon='15.9786878'><time>2024-06-21T07:15:13.000Z</time></trkpt>
	<trkpt lat='43.5287444' lon='15.9777533'><time>2024-06-21T07:26:00.000Z</time></trkpt>
	<trkpt lat='43.5232391' lon='15.9759591'><time>2024-06-21T07:31:00.000Z</time></trkpt>
	<trkpt lat='43.521109' lon='15.9747808'><time>2024-06-21T07:33:00.000Z</time></trkpt>
	<trkpt lat='43.5201768' lon='15.9738698'><time>2024-06-21T07:34:00.000Z</time></trkpt>
	<trkpt lat='43.5190755' lon='15.9713061'><time>2024-06-21T07:36:00.000Z</time></trkpt>
	<trkpt lat='43.519246' lon='15.9698413'><time>2024-06-21T07:37:00.000Z</time></trkpt>
	<trkpt lat='43.5201778' lon='15.9654814'><time>2024-06-21T07:40:00.000Z</time></trkpt>
	<trkpt lat='43.522204' lon='15.9586795'><time>2024-06-21T07:45:00.000Z</time></trkpt>
	<trkpt lat='43.5573345' lon='15.8674883'><time>2024-06-21T08:49:00.000Z</time></trkpt>
	<trkpt lat='43.6188901' lon='15.7854226'><time>2024-06-21T10:01:00.000Z</time></trkpt>
	<trkpt lat='43.6256279' lon='15.7760626'><time>2024-06-21T10:09:00.000Z</time></trkpt>
	<trkpt lat='43.6763458' lon='15.6583571'><time>2024-06-21T11:36:00.000Z</time></trkpt>
	<trkpt lat='43.6796616' lon='15.6496363'><time>2024-06-21T11:42:00.000Z</time></trkpt>
	<trkpt lat='43.6869295' lon='15.6342998'><time>2024-06-21T11:53:00.000Z</time></trkpt>
	<trkpt lat='43.6921643' lon='15.6268293'><time>2024-06-21T11:59:00.000Z</time></trkpt>
	<trkpt lat='43.7351333' lon='15.5574133'><time>2024-06-21T12:49:00.000Z</time></trkpt>
	<trkpt lat='43.7967253' lon='15.4747923'><time>2024-06-21T13:56:00.000Z</time></trkpt>
	<trkpt lat='43.8071475' lon='15.4596135'><time>2024-06-21T14:09:00.000Z</time></trkpt>
	<trkpt lat='43.8072283' lon='15.457645'><time>2024-06-21T14:11:00.000Z</time></trkpt>
	<trkpt lat='43.8058673' lon='15.448679'><time>2024-06-21T14:19:00.000Z</time></trkpt>
	<trkpt lat='43.8051656' lon='15.424782'><time>2024-06-21T14:41:00.000Z</time></trkpt>
	<trkpt lat='43.8066871' lon='15.4258878'><time>2024-06-21T14:46:00.000Z</time></trkpt>
	<trkpt lat='43.8155596' lon='15.4296694'><time>2024-06-21T14:56:00.000Z</time></trkpt>
	<trkpt lat='43.8350841' lon='15.437'><time>2024-06-21T15:14:00.000Z</time></trkpt>
	<trkpt lat='43.8412996' lon='15.440003'><time>2024-06-21T15:20:00.000Z</time></trkpt>
	<trkpt lat='43.8480765' lon='15.4421648'><time>2024-06-21T15:27:00.000Z</time></trkpt>
	<trkpt lat='43.8468986' lon='15.4382755'><time>2024-06-21T15:31:00.000Z</time></trkpt>
	<trkpt lat='43.843439' lon='15.4302991'><time>2024-06-21T15:39:00.000Z</time></trkpt>
	<trkpt lat='43.8413555' lon='15.4219348'><time>2024-06-21T15:45:00.000Z</time></trkpt>
	<trkpt lat='43.8383673' lon='15.4121511'><time>2024-06-21T15:53:00.000Z</time></trkpt>
	<trkpt lat='43.8384855' lon='15.411477'><time>2024-06-21T15:54:00.000Z</time></trkpt>
	<trkpt lat='43.8429493' lon='15.4052848'><time>2024-06-21T16:00:00.000Z</time></trkpt>
	<trkpt lat='43.8738778' lon='15.3507378'><time>2024-06-21T16:41:00.000Z</time></trkpt>
	<trkpt lat='43.878821' lon='15.3455346'><time>2024-06-21T16:46:00.000Z</time></trkpt>
	<trkpt lat='43.8796205' lon='15.3442685'><time>2024-06-21T16:47:00.000Z</time></trkpt>
	<trkpt lat='43.8857791' lon='15.3251035'><time>2024-06-21T16:59:00.000Z</time></trkpt>
	<trkpt lat='43.8883196' lon='15.3189256'><time>2024-06-21T17:03:00.000Z</time></trkpt>
	<trkpt lat='43.8908911' lon='15.3009945'><time>2024-06-21T17:13:00.000Z</time></trkpt>
	<trkpt lat='43.8925403' lon='15.284826'><time>2024-06-21T17:22:00.000Z</time></trkpt>
	<trkpt lat='43.8924755' lon='15.2829686'><time>2024-06-21T17:23:00.000Z</time></trkpt>
	<trkpt lat='43.8916515' lon='15.2794503'><time>2024-06-21T17:25:00.000Z</time></trkpt>
	<trkpt lat='43.8907875' lon='15.2779461'><time>2024-06-21T17:26:00.000Z</time></trkpt>
	<trkpt lat='43.8896566' lon='15.2770368'><time>2024-06-21T17:27:00.000Z</time></trkpt>
	<trkpt lat='43.8885466' lon='15.2771296'><time>2024-06-21T17:28:00.000Z</time></trkpt>
	<trkpt lat='43.8881781' lon='15.2769511'><time>2024-06-21T17:29:00.000Z</time></trkpt>
	<trkpt lat='43.8881733' lon='15.2765406'><time>2024-06-21T17:30:00.000Z</time></trkpt>
	<trkpt lat='43.8878928' lon='15.2768825'><time>2024-06-21T17:33:00.000Z</time></trkpt>
	<trkpt lat='43.8881536' lon='15.2765991'><time>2024-06-22T06:14:20.000Z</time></trkpt>
	<trkpt lat='43.891056' lon='15.2772698'><time>2024-06-22T06:19:00.000Z</time></trkpt>
	<trkpt lat='43.9038698' lon='15.2833306'><time>2024-06-22T06:35:00.000Z</time></trkpt>
	<trkpt lat='43.9035708' lon='15.281051'><time>2024-06-22T06:37:00.000Z</time></trkpt>
	<trkpt lat='43.903486' lon='15.2716938'><time>2024-06-22T06:43:00.000Z</time></trkpt>
	<trkpt lat='43.9043183' lon='15.2519381'><time>2024-06-22T06:55:00.000Z</time></trkpt>
	<trkpt lat='43.9062491' lon='15.2309336'><time>2024-06-22T07:10:00.000Z</time></trkpt>
	<trkpt lat='43.908031' lon='15.2316269'><time>2024-06-22T07:12:00.000Z</time></trkpt>
	<trkpt lat='43.9137989' lon='15.2359243'><time>2024-06-22T07:17:00.000Z</time></trkpt>
	<trkpt lat='43.9281998' lon='15.2445046'><time>2024-06-22T07:30:00.000Z</time></trkpt>
	<trkpt lat='43.9284791' lon='15.2363765'><time>2024-06-22T07:35:00.000Z</time></trkpt>
	<trkpt lat='43.9281318' lon='15.2294433'><time>2024-06-22T07:40:00.000Z</time></trkpt>
	<trkpt lat='43.9339961' lon='15.2324453'><time>2024-06-22T07:46:00.000Z</time></trkpt>
	<trkpt lat='43.940735' lon='15.2369773'><time>2024-06-22T07:52:00.000Z</time></trkpt>
	<trkpt lat='43.9457193' lon='15.2398798'><time>2024-06-22T07:56:00.000Z</time></trkpt>
	<trkpt lat='43.952901' lon='15.2429255'><time>2024-06-22T08:02:00.000Z</time></trkpt>
	<trkpt lat='43.9728045' lon='15.2527443'><time>2024-06-22T08:20:00.000Z</time></trkpt>
	<trkpt lat='43.9766828' lon='15.256266'><time>2024-06-22T08:25:00.000Z</time></trkpt>
	<trkpt lat='43.9869428' lon='15.2601031'><time>2024-06-22T08:35:00.000Z</time></trkpt>
	<trkpt lat='43.986672' lon='15.2580178'><time>2024-06-22T08:38:00.000Z</time></trkpt>
	<trkpt lat='43.9858306' lon='15.2564235'><time>2024-06-22T08:40:00.000Z</time></trkpt>
	<trkpt lat='43.9851739' lon='15.253626'><time>2024-06-22T08:42:00.000Z</time></trkpt>
	<trkpt lat='43.9836098' lon='15.2440781'><time>2024-06-22T08:49:00.000Z</time></trkpt>
	<trkpt lat='43.9815731' lon='15.2350348'><time>2024-06-22T08:55:00.000Z</time></trkpt>
	<trkpt lat='43.9761053' lon='15.2150785'><time>2024-06-22T09:08:00.000Z</time></trkpt>
	<trkpt lat='43.9742623' lon='15.2055641'><time>2024-06-22T09:14:00.000Z</time></trkpt>
	<trkpt lat='43.9735815' lon='15.1973263'><time>2024-06-22T09:19:00.000Z</time></trkpt>
	<trkpt lat='43.9725948' lon='15.1914736'><time>2024-06-22T09:23:00.000Z</time></trkpt>
	<trkpt lat='43.9707123' lon='15.1837181'><time>2024-06-22T09:28:00.000Z</time></trkpt>
	<trkpt lat='43.966134' lon='15.1678538'><time>2024-06-22T09:38:00.000Z</time></trkpt>
	<trkpt lat='43.965141' lon='15.1629169'><time>2024-06-22T09:41:00.000Z</time></trkpt>
	<trkpt lat='43.9645069' lon='15.1568225'><time>2024-06-22T09:45:00.000Z</time></trkpt>
	<trkpt lat='43.9661453' lon='15.158009'><time>2024-06-22T09:47:00.000Z</time></trkpt>
	<trkpt lat='43.970443' lon='15.1602755'><time>2024-06-22T09:51:00.000Z</time></trkpt>
	<trkpt lat='43.9750718' lon='15.1619966'><time>2024-06-22T09:55:00.000Z</time></trkpt>
	<trkpt lat='43.9823658' lon='15.163989'><time>2024-06-22T10:01:00.000Z</time></trkpt>
	<trkpt lat='43.98733' lon='15.164984'><time>2024-06-22T10:05:00.000Z</time></trkpt>
	<trkpt lat='43.9912118' lon='15.1653351'><time>2024-06-22T10:08:00.000Z</time></trkpt>
	<trkpt lat='43.9915329' lon='15.1648415'><time>2024-06-22T10:09:00.000Z</time></trkpt>
	<trkpt lat='43.9887551' lon='15.1559868'><time>2024-06-22T10:15:00.000Z</time></trkpt>
	<trkpt lat='43.9863316' lon='15.1467691'><time>2024-06-22T10:21:00.000Z</time></trkpt>
	<trkpt lat='43.9856231' lon='15.1418351'><time>2024-06-22T10:24:00.000Z</time></trkpt>
	<trkpt lat='43.9847026' lon='15.1293555'><time>2024-06-22T10:32:00.000Z</time></trkpt>
	<trkpt lat='43.9861208' lon='15.1301223'><time>2024-06-22T10:34:00.000Z</time></trkpt>
	<trkpt lat='44.0001558' lon='15.1405143'><time>2024-06-22T10:47:00.000Z</time></trkpt>
	<trkpt lat='44.0025493' lon='15.1421055'><time>2024-06-22T10:49:00.000Z</time></trkpt>
	<trkpt lat='44.0029331' lon='15.141791'><time>2024-06-22T10:50:00.000Z</time></trkpt>
	<trkpt lat='44.0025553' lon='15.1375048'><time>2024-06-22T10:53:00.000Z</time></trkpt>
	<trkpt lat='44.0006921' lon='15.1268036'><time>2024-06-22T11:00:00.000Z</time></trkpt>
	<trkpt lat='43.9979206' lon='15.1049328'><time>2024-06-22T11:16:00.000Z</time></trkpt>
	<trkpt lat='43.9996168' lon='15.10565'><time>2024-06-22T11:19:00.000Z</time></trkpt>
	<trkpt lat='44.0079911' lon='15.1127656'><time>2024-06-22T11:29:00.000Z</time></trkpt>
	<trkpt lat='44.0116678' lon='15.1149721'><time>2024-06-22T11:33:00.000Z</time></trkpt>
	<trkpt lat='44.0102276' lon='15.0970453'><time>2024-06-22T11:47:00.000Z</time></trkpt>
	<trkpt lat='44.010349' lon='15.091576'><time>2024-06-22T11:51:00.000Z</time></trkpt>
	<trkpt lat='44.0106896' lon='15.0914361'><time>2024-06-22T11:52:00.000Z</time></trkpt>
	<trkpt lat='44.0212736' lon='15.0994695'><time>2024-06-22T12:04:00.000Z</time></trkpt>
	<trkpt lat='44.0242305' lon='15.101313'><time>2024-06-22T12:07:00.000Z</time></trkpt>
	<trkpt lat='44.0246386' lon='15.1012131'><time>2024-06-22T12:08:00.000Z</time></trkpt>
	<trkpt lat='44.0233068' lon='15.0852853'><time>2024-06-22T12:21:00.000Z</time></trkpt>
	<trkpt lat='44.0235833' lon='15.0812121'><time>2024-06-22T12:24:00.000Z</time></trkpt>
	<trkpt lat='44.0318653' lon='15.0892525'><time>2024-06-22T12:33:00.000Z</time></trkpt>
	<trkpt lat='44.0352858' lon='15.0917398'><time>2024-06-22T12:36:00.000Z</time></trkpt>
	<trkpt lat='44.0344633' lon='15.0856996'><time>2024-06-22T12:40:00.000Z</time></trkpt>
	<trkpt lat='44.0336618' lon='15.0743276'><time>2024-06-22T12:47:00.000Z</time></trkpt>
	<trkpt lat='44.033715' lon='15.0707021'><time>2024-06-22T12:49:00.000Z</time></trkpt>
	<trkpt lat='44.0341285' lon='15.0699306'><time>2024-06-22T12:50:00.000Z</time></trkpt>
	<trkpt lat='44.0383941' lon='15.073635'><time>2024-06-22T12:54:00.000Z</time></trkpt>
	<trkpt lat='44.0383803' lon='15.071445'><time>2024-06-22T12:56:00.000Z</time></trkpt>
	<trkpt lat='44.0482833' lon='15.0807173'><time>2024-06-22T13:06:00.000Z</time></trkpt>
	<trkpt lat='44.0494138' lon='15.0813868'><time>2024-06-22T13:07:00.000Z</time></trkpt>
	<trkpt lat='44.0487781' lon='15.0742516'><time>2024-06-22T13:12:00.000Z</time></trkpt>
	<trkpt lat='44.0466681' lon='15.0596698'><time>2024-06-22T13:20:00.000Z</time></trkpt>
	<trkpt lat='44.0456345' lon='15.0428198'><time>2024-06-22T13:29:00.000Z</time></trkpt>
	<trkpt lat='44.0457895' lon='15.0371228'><time>2024-06-22T13:32:00.000Z</time></trkpt>
	<trkpt lat='44.0462925' lon='15.0371975'><time>2024-06-22T13:33:00.000Z</time></trkpt>
	<trkpt lat='44.0530798' lon='15.0450673'><time>2024-06-22T13:40:00.000Z</time></trkpt>
	<trkpt lat='44.0601063' lon='15.0509778'><time>2024-06-22T13:46:00.000Z</time></trkpt>
	<trkpt lat='44.0688145' lon='15.056884'><time>2024-06-22T13:53:00.000Z</time></trkpt>
	<trkpt lat='44.0714676' lon='15.0583165'><time>2024-06-22T13:55:00.000Z</time></trkpt>
	<trkpt lat='44.0726673' lon='15.0585828'><time>2024-06-22T13:56:00.000Z</time></trkpt>
	<trkpt lat='44.071765' lon='15.0536999'><time>2024-06-22T13:59:00.000Z</time></trkpt>
	<trkpt lat='44.0691566' lon='15.0445425'><time>2024-06-22T14:04:00.000Z</time></trkpt>
	<trkpt lat='44.0683671' lon='15.0407333'><time>2024-06-22T14:06:00.000Z</time></trkpt>
	<trkpt lat='44.066236' lon='15.0276465'><time>2024-06-22T14:13:00.000Z</time></trkpt>
	<trkpt lat='44.0661118' lon='15.0255616'><time>2024-06-22T14:14:00.000Z</time></trkpt>
	<trkpt lat='44.0665783' lon='15.0250381'><time>2024-06-22T14:15:00.000Z</time></trkpt>
	<trkpt lat='44.0734778' lon='15.0303418'><time>2024-06-22T14:21:00.000Z</time></trkpt>
	<trkpt lat='44.077206' lon='15.0324963'><time>2024-06-22T14:24:00.000Z</time></trkpt>
	<trkpt lat='44.0928923' lon='15.0373113'><time>2024-06-22T14:35:00.000Z</time></trkpt>
	<trkpt lat='44.0988605' lon='15.0381196'><time>2024-06-22T14:39:00.000Z</time></trkpt>
	<trkpt lat='44.1113331' lon='15.0379886'><time>2024-06-22T14:47:00.000Z</time></trkpt>
	<trkpt lat='44.1185126' lon='15.0388246'><time>2024-06-22T14:52:00.000Z</time></trkpt>
	<trkpt lat='44.1198321' lon='15.0387231'><time>2024-06-22T14:53:00.000Z</time></trkpt>
	<trkpt lat='44.1130666' lon='15.0228243'><time>2024-06-22T15:04:00.000Z</time></trkpt>
	<trkpt lat='44.1064485' lon='15.0089583'><time>2024-06-22T15:13:00.000Z</time></trkpt>
	<trkpt lat='44.1052979' lon='15.0059625'><time>2024-06-22T15:15:00.000Z</time></trkpt>
	<trkpt lat='44.1043748' lon='15.0017195'><time>2024-06-22T15:18:00.000Z</time></trkpt>
	<trkpt lat='44.1041813' lon='14.9961525'><time>2024-06-22T15:23:00.000Z</time></trkpt>
	<trkpt lat='44.1077258' lon='15.0000148'><time>2024-06-22T15:28:00.000Z</time></trkpt>
	<trkpt lat='44.1109733' lon='15.0019903'><time>2024-06-22T15:31:00.000Z</time></trkpt>
	<trkpt lat='44.1145733' lon='15.0029238'><time>2024-06-22T15:34:00.000Z</time></trkpt>
	<trkpt lat='44.1254631' lon='15.0028096'><time>2024-06-22T15:42:00.000Z</time></trkpt>
	<trkpt lat='44.1299103' lon='15.0058525'><time>2024-06-22T15:46:00.000Z</time></trkpt>
	<trkpt lat='44.1305073' lon='15.0058066'><time>2024-06-22T15:47:00.000Z</time></trkpt>
	<trkpt lat='44.1303671' lon='15.0025471'><time>2024-06-22T15:49:00.000Z</time></trkpt>
	<trkpt lat='44.1297528' lon='14.9989521'><time>2024-06-22T15:51:00.000Z</time></trkpt>
	<trkpt lat='44.1271265' lon='14.9907698'><time>2024-06-22T15:56:00.000Z</time></trkpt>
	<trkpt lat='44.1253038' lon='14.9822865'><time>2024-06-22T16:01:00.000Z</time></trkpt>
	<trkpt lat='44.1216973' lon='14.9750134'><time>2024-06-22T16:06:00.000Z</time></trkpt>
	<trkpt lat='44.1272214' lon='14.9743798'><time>2024-06-22T16:11:00.000Z</time></trkpt>
	<trkpt lat='44.1302601' lon='14.975383'><time>2024-06-22T16:14:00.000Z</time></trkpt>
	<trkpt lat='44.1356326' lon='14.9778081'><time>2024-06-22T16:20:00.000Z</time></trkpt>
	<trkpt lat='44.139174' lon='14.9800716'><time>2024-06-22T16:25:00.000Z</time></trkpt>
	<trkpt lat='44.1408055' lon='14.981723'><time>2024-06-22T16:28:00.000Z</time></trkpt>
	<trkpt lat='44.1438415' lon='14.9814974'><time>2024-06-22T16:32:00.000Z</time></trkpt>
	<trkpt lat='44.1545486' lon='14.9790978'><time>2024-06-22T16:42:00.000Z</time></trkpt>
	<trkpt lat='44.1576676' lon='14.9791926'><time>2024-06-22T16:46:00.000Z</time></trkpt>
	<trkpt lat='44.1563136' lon='14.978268'><time>2024-06-22T16:48:00.000Z</time></trkpt>
	<trkpt lat='44.1554501' lon='14.9768343'><time>2024-06-22T16:49:00.000Z</time></trkpt>
	<trkpt lat='44.1551251' lon='14.9750231'><time>2024-06-22T16:50:00.000Z</time></trkpt>
	<trkpt lat='44.1553923' lon='14.9732958'><time>2024-06-22T16:51:00.000Z</time></trkpt>
	<trkpt lat='44.1561051' lon='14.9719305'><time>2024-06-22T16:52:00.000Z</time></trkpt>
	<trkpt lat='44.2029506' lon='14.9106418'><time>2024-06-22T17:40:00.000Z</time></trkpt>
	<trkpt lat='44.2075498' lon='14.902614'><time>2024-06-22T17:47:00.000Z</time></trkpt>
	<trkpt lat='44.2076608' lon='14.9035128'><time>2024-06-22T17:51:00.000Z</time></trkpt>
	<trkpt lat='44.208277' lon='14.901264'><time>2024-06-23T06:22:03.000Z</time></trkpt>
	<trkpt lat='44.2082525' lon='14.9034015'><time>2024-06-23T06:25:00.000Z</time></trkpt>
	<trkpt lat='44.2088976' lon='14.9081673'><time>2024-06-23T06:29:00.000Z</time></trkpt>
	<trkpt lat='44.2104861' lon='14.9116676'><time>2024-06-23T06:32:00.000Z</time></trkpt>
	<trkpt lat='44.2115261' lon='14.9127966'><time>2024-06-23T06:33:00.000Z</time></trkpt>
	<trkpt lat='44.2176423' lon='14.9118131'><time>2024-06-23T06:39:00.000Z</time></trkpt>
	<trkpt lat='44.221733' lon='14.9093281'><time>2024-06-23T06:43:00.000Z</time></trkpt>
	<trkpt lat='44.2296111' lon='14.9028068'><time>2024-06-23T06:53:00.000Z</time></trkpt>
	<trkpt lat='44.2400036' lon='14.8906243'><time>2024-06-23T07:05:00.000Z</time></trkpt>
	<trkpt lat='44.2458543' lon='14.8815468'><time>2024-06-23T07:11:00.000Z</time></trkpt>
	<trkpt lat='44.2468851' lon='14.8792448'><time>2024-06-23T07:13:00.000Z</time></trkpt>
	<trkpt lat='44.2560423' lon='14.8665143'><time>2024-06-23T07:23:00.000Z</time></trkpt>
	<trkpt lat='44.2815209' lon='14.8235755'><time>2024-06-23T07:56:00.000Z</time></trkpt>
	<trkpt lat='44.2853475' lon='14.8159073'><time>2024-06-23T08:00:00.000Z</time></trkpt>
	<trkpt lat='44.3027553' lon='14.7836576'><time>2024-06-23T08:18:00.000Z</time></trkpt>
	<trkpt lat='44.3179191' lon='14.7535823'><time>2024-06-23T08:33:00.000Z</time></trkpt>
	<trkpt lat='44.3190373' lon='14.752238'><time>2024-06-23T08:34:00.000Z</time></trkpt>
	<trkpt lat='44.3746548' lon='14.6481288'><time>2024-06-23T09:40:00.000Z</time></trkpt>
	<trkpt lat='44.3783561' lon='14.6415726'><time>2024-06-23T09:44:00.000Z</time></trkpt>
	<trkpt lat='44.3796228' lon='14.6399291'><time>2024-06-23T09:45:00.000Z</time></trkpt>
	<trkpt lat='44.3797335' lon='14.636559'><time>2024-06-23T09:47:00.000Z</time></trkpt>
	<trkpt lat='44.3812396' lon='14.6338095'><time>2024-06-23T09:49:00.000Z</time></trkpt>
	<trkpt lat='44.3861033' lon='14.6257899'><time>2024-06-23T09:57:00.000Z</time></trkpt>
	<trkpt lat='44.3886608' lon='14.6243686'><time>2024-06-23T10:01:00.000Z</time></trkpt>
	<trkpt lat='44.4167345' lon='14.5756776'><time>2024-06-23T10:45:00.000Z</time></trkpt>
	<trkpt lat='44.4180795' lon='14.5726561'><time>2024-06-23T10:49:00.000Z</time></trkpt>
	<trkpt lat='44.4153656' lon='14.564461'><time>2024-06-23T10:57:00.000Z</time></trkpt>
	<trkpt lat='44.4075931' lon='14.5501081'><time>2024-06-23T11:09:00.000Z</time></trkpt>
	<trkpt lat='44.4056951' lon='14.5455881'><time>2024-06-23T11:13:00.000Z</time></trkpt>
	<trkpt lat='44.4004068' lon='14.5307646'><time>2024-06-23T11:27:00.000Z</time></trkpt>
	<trkpt lat='44.399813' lon='14.5298025'><time>2024-06-23T11:29:00.000Z</time></trkpt>
	<trkpt lat='44.400115' lon='14.5300996'><time>2024-06-23T11:30:00.000Z</time></trkpt>
	<trkpt lat='44.4044635' lon='14.5306416'><time>2024-06-23T11:34:00.000Z</time></trkpt>
	<trkpt lat='44.4101205' lon='14.532255'><time>2024-06-23T11:39:00.000Z</time></trkpt>
	<trkpt lat='44.4249926' lon='14.538526'><time>2024-06-23T11:52:00.000Z</time></trkpt>
	<trkpt lat='44.4341215' lon='14.5410021'><time>2024-06-23T12:00:00.000Z</time></trkpt>
	<trkpt lat='44.4383574' lon='14.5416483'><time>2024-06-23T12:04:00.000Z</time></trkpt>
	<trkpt lat='44.4369063' lon='14.5385875'><time>2024-06-23T12:07:00.000Z</time></trkpt>
	<trkpt lat='44.4322833' lon='14.5242528'><time>2024-06-23T12:18:00.000Z</time></trkpt>
	<trkpt lat='44.4246288' lon='14.5042366'><time>2024-06-23T12:35:00.000Z</time></trkpt>
	<trkpt lat='44.4293958' lon='14.5060696'><time>2024-06-23T12:40:00.000Z</time></trkpt>
	<trkpt lat='44.4396645' lon='14.5077576'><time>2024-06-23T12:49:00.000Z</time></trkpt>
	<trkpt lat='44.448529' lon='14.5080586'><time>2024-06-23T12:57:00.000Z</time></trkpt>
	<trkpt lat='44.4615755' lon='14.50775'><time>2024-06-23T13:10:00.000Z</time></trkpt>
	<trkpt lat='44.4640158' lon='14.5079648'><time>2024-06-23T13:13:00.000Z</time></trkpt>
	<trkpt lat='44.4684999' lon='14.5090208'><time>2024-06-23T13:20:00.000Z</time></trkpt>
	<trkpt lat='44.5191266' lon='14.4418736'><time>2024-06-23T14:19:00.000Z</time></trkpt>
	<trkpt lat='44.5430163' lon='14.4225051'><time>2024-06-23T14:40:00.000Z</time></trkpt>
	<trkpt lat='44.547865' lon='14.419087'><time>2024-06-23T14:44:00.000Z</time></trkpt>
	<trkpt lat='44.5554453' lon='14.415083'><time>2024-06-23T14:50:00.000Z</time></trkpt>
	<trkpt lat='44.563059' lon='14.4115908'><time>2024-06-23T14:56:00.000Z</time></trkpt>
	<trkpt lat='44.5675878' lon='14.4103951'><time>2024-06-23T15:00:00.000Z</time></trkpt>
	<trkpt lat='44.5707923' lon='14.408235'><time>2024-06-23T15:04:00.000Z</time></trkpt>
	<trkpt lat='44.570519' lon='14.4082683'><time>2024-06-23T15:05:00.000Z</time></trkpt>
	<trkpt lat='44.5705773' lon='14.40764'><time>2024-06-23T15:08:00.000Z</time></trkpt>
	<trkpt lat='44.5706171' lon='14.4078146'><time>2024-06-25T06:35:00.000Z</time></trkpt>
	<trkpt lat='44.5621413' lon='14.4109114'><time>2024-06-25T06:47:00.000Z</time></trkpt>
	<trkpt lat='44.5599523' lon='14.4104403'><time>2024-06-25T06:49:00.000Z</time></trkpt>
	<trkpt lat='44.5586666' lon='14.4096803'><time>2024-06-25T06:50:00.000Z</time></trkpt>
	<trkpt lat='44.551831' lon='14.3904116'><time>2024-06-25T07:03:00.000Z</time></trkpt>
	<trkpt lat='44.55741' lon='14.3297181'><time>2024-06-25T07:52:00.000Z</time></trkpt>
	<trkpt lat='44.5580253' lon='14.3280046'><time>2024-06-25T07:53:00.000Z</time></trkpt>
	<trkpt lat='44.6366263' lon='14.1655068'><time>2024-06-25T10:00:00.000Z</time></trkpt>
	<trkpt lat='44.6505543' lon='14.1384943'><time>2024-06-25T10:26:00.000Z</time></trkpt>
	<trkpt lat='44.6782348' lon='14.0804471'><time>2024-06-25T11:09:00.000Z</time></trkpt>
	<trkpt lat='44.6821213' lon='14.0738408'><time>2024-06-25T11:13:00.000Z</time></trkpt>
	<trkpt lat='44.701107' lon='14.033691'><time>2024-06-25T11:39:00.000Z</time></trkpt>
	<trkpt lat='44.715275' lon='14.0062783'><time>2024-06-25T11:56:00.000Z</time></trkpt>
	<trkpt lat='44.727161' lon='13.981001'><time>2024-06-25T12:12:00.000Z</time></trkpt>
	<trkpt lat='44.7320483' lon='13.96966'><time>2024-06-25T12:19:00.000Z</time></trkpt>
	<trkpt lat='44.7640883' lon='13.90014'><time>2024-06-25T13:08:00.000Z</time></trkpt>
	<trkpt lat='44.7655183' lon='13.898495'><time>2024-06-25T13:10:00.000Z</time></trkpt>
	<trkpt lat='44.766785' lon='13.896265'><time>2024-06-25T13:12:00.000Z</time></trkpt>
	<trkpt lat='44.8326133' lon='13.8260017'><time>2024-06-25T14:42:00.000Z</time></trkpt>
	<trkpt lat='44.8519267' lon='13.8197533'><time>2024-06-25T14:59:00.000Z</time></trkpt>
	<trkpt lat='44.858125' lon='13.81911'><time>2024-06-25T15:05:00.000Z</time></trkpt>
	<trkpt lat='44.858675' lon='13.81913'><time>2024-06-25T15:06:00.000Z</time></trkpt>
	<trkpt lat='44.8586667' lon='13.8195233'><time>2024-06-25T15:10:00.000Z</time></trkpt>
	<trkpt lat='45.4291633' lon='12.365365'><time>2024-07-03T05:28:03.000Z</time></trkpt>
	<trkpt lat='45.4291515' lon='12.3650794'><time>2024-07-03T05:29:00.000Z</time></trkpt>
	<trkpt lat='45.4294263' lon='12.366364'><time>2024-07-03T05:30:00.000Z</time></trkpt>
	<trkpt lat='45.4273195' lon='12.3704093'><time>2024-07-03T05:33:00.000Z</time></trkpt>
	<trkpt lat='45.4272483' lon='12.3719'><time>2024-07-03T05:34:00.000Z</time></trkpt>
	<trkpt lat='45.4312117' lon='12.3807883'><time>2024-07-03T05:42:00.000Z</time></trkpt>
	<trkpt lat='45.4340123' lon='12.3840748'><time>2024-07-03T05:46:00.000Z</time></trkpt>
	<trkpt lat='45.4351543' lon='12.3861983'><time>2024-07-03T05:48:00.000Z</time></trkpt>
	<trkpt lat='45.4356671' lon='12.388564'><time>2024-07-03T05:50:00.000Z</time></trkpt>
	<trkpt lat='45.4353817' lon='12.3923117'><time>2024-07-03T05:53:00.000Z</time></trkpt>
	<trkpt lat='45.4344548' lon='12.396121'><time>2024-07-03T05:56:00.000Z</time></trkpt>
	<trkpt lat='45.4299551' lon='12.4102123'><time>2024-07-03T06:06:00.000Z</time></trkpt>
	<trkpt lat='45.4232617' lon='12.4266'><time>2024-07-03T06:18:00.000Z</time></trkpt>
	<trkpt lat='45.4214056' lon='12.4301533'><time>2024-07-03T06:21:00.000Z</time></trkpt>
	<trkpt lat='45.4191317' lon='12.433605'><time>2024-07-03T06:24:00.000Z</time></trkpt>
	<trkpt lat='45.4185403' lon='12.4350881'><time>2024-07-03T06:25:00.000Z</time></trkpt>
	<trkpt lat='45.4170555' lon='12.4443501'><time>2024-07-03T06:30:00.000Z</time></trkpt>
	<trkpt lat='45.4133808' lon='12.4851585'><time>2024-07-03T06:52:00.000Z</time></trkpt>
	<trkpt lat='45.3580983' lon='12.7869'><time>2024-07-03T10:01:00.000Z</time></trkpt>
	<trkpt lat='45.3029117' lon='13.0826667'><time>2024-07-03T13:09:00.000Z</time></trkpt>
	<trkpt lat='45.3016606' lon='13.0891116'><time>2024-07-03T13:15:00.000Z</time></trkpt>
	<trkpt lat='45.3001' lon='13.09334'><time>2024-07-03T13:19:00.000Z</time></trkpt>
	<trkpt lat='45.30015' lon='13.0948583'><time>2024-07-03T13:20:02.000Z</time></trkpt>
	<trkpt lat='45.2951416' lon='13.1201776'><time>2024-07-03T13:36:00.000Z</time></trkpt>
	<trkpt lat='45.2605333' lon='13.305035'><time>2024-07-03T15:27:00.000Z</time></trkpt>
	<trkpt lat='45.2093067' lon='13.5743533'><time>2024-07-03T17:49:00.000Z</time></trkpt>
	<trkpt lat='45.2065083' lon='13.5888683'><time>2024-07-03T17:57:00.000Z</time></trkpt>
	<trkpt lat='45.2047883' lon='13.5922367'><time>2024-07-03T18:01:00.000Z</time></trkpt>
	<trkpt lat='45.2046565' lon='13.5928865'><time>2024-07-03T18:02:00.000Z</time></trkpt>
	<trkpt lat='45.2047983' lon='13.5925621'><time>2024-07-03T18:03:00.000Z</time></trkpt>
	<trkpt lat='45.2049398' lon='13.5927705'><time>2024-07-03T18:06:00.000Z</time></trkpt>
	<trkpt lat='45.2046717' lon='13.5927333'><time>2024-07-05T08:50:00.000Z</time></trkpt>
	<trkpt lat='45.2042217' lon='13.5933383'><time>2024-07-05T08:51:00.000Z</time></trkpt>
	<trkpt lat='45.2063413' lon='13.588983'><time>2024-07-05T08:55:00.000Z</time></trkpt>
	<trkpt lat='45.2080731' lon='13.5810885'><time>2024-07-05T09:00:00.000Z</time></trkpt>
	<trkpt lat='45.2083283' lon='13.574625'><time>2024-07-05T09:04:00.000Z</time></trkpt>
	<trkpt lat='45.204271' lon='13.5648135'><time>2024-07-05T09:14:00.000Z</time></trkpt>
	<trkpt lat='45.201735' lon='13.5609967'><time>2024-07-05T09:19:00.000Z</time></trkpt>
	<trkpt lat='45.1997198' lon='13.5604366'><time>2024-07-05T09:24:00.000Z</time></trkpt>
	<trkpt lat='45.1933' lon='13.556955'><time>2024-07-05T09:31:00.000Z</time></trkpt>
	<trkpt lat='45.1913415' lon='13.5564893'><time>2024-07-05T09:33:00.000Z</time></trkpt>
	<trkpt lat='45.1834' lon='13.556735'><time>2024-07-05T09:42:00.000Z</time></trkpt>
	<trkpt lat='45.177758' lon='13.5573706'><time>2024-07-05T09:49:00.000Z</time></trkpt>
	<trkpt lat='45.1700853' lon='13.5590936'><time>2024-07-05T09:58:00.000Z</time></trkpt>
	<trkpt lat='45.1548523' lon='13.5590973'><time>2024-07-05T10:13:00.000Z</time></trkpt>
	<trkpt lat='45.1376883' lon='13.56259'><time>2024-07-05T10:30:00.000Z</time></trkpt>
	<trkpt lat='45.1153517' lon='13.5658817'><time>2024-07-05T10:50:00.000Z</time></trkpt>
	<trkpt lat='45.1064278' lon='13.56913'><time>2024-07-05T10:59:00.000Z</time></trkpt>
	<trkpt lat='45.0938763' lon='13.573153'><time>2024-07-05T11:11:00.000Z</time></trkpt>
	<trkpt lat='45.084586' lon='13.5768693'><time>2024-07-05T11:19:00.000Z</time></trkpt>
	<trkpt lat='45.0721076' lon='13.581096'><time>2024-07-05T11:31:00.000Z</time></trkpt>
	<trkpt lat='45.0696038' lon='13.582342'><time>2024-07-05T11:34:00.000Z</time></trkpt>
	<trkpt lat='44.9798686' lon='13.6490676'><time>2024-07-05T13:54:00.000Z</time></trkpt>
	<trkpt lat='44.9775183' lon='13.6511017'><time>2024-07-05T13:56:00.000Z</time></trkpt>
	<trkpt lat='44.9540333' lon='13.6682233'><time>2024-07-05T14:15:00.000Z</time></trkpt>
	<trkpt lat='44.900925' lon='13.7101567'><time>2024-07-05T14:57:00.000Z</time></trkpt>
	<trkpt lat='44.8998675' lon='13.7115065'><time>2024-07-05T14:58:00.000Z</time></trkpt>
	<trkpt lat='44.89118' lon='13.73'><time>2024-07-05T15:09:00.000Z</time></trkpt>
	<trkpt lat='44.8536148' lon='13.8073841'><time>2024-07-05T15:56:00.000Z</time></trkpt>
	<trkpt lat='44.853165' lon='13.80925'><time>2024-07-05T15:57:00.000Z</time></trkpt>
	<trkpt lat='44.8527708' lon='13.8150983'><time>2024-07-05T16:00:00.000Z</time></trkpt>
	<trkpt lat='44.8529933' lon='13.817025'><time>2024-07-05T16:01:00.000Z</time></trkpt>
	<trkpt lat='44.8536001' lon='13.8186946'><time>2024-07-05T16:02:00.000Z</time></trkpt>
	<trkpt lat='44.8548341' lon='13.819207'><time>2024-07-05T16:03:00.000Z</time></trkpt>
	<trkpt lat='44.8591267' lon='13.8191417'><time>2024-07-05T16:08:00.000Z</time></trkpt>
	<trkpt lat='44.858315' lon='13.819405'><time>2024-07-05T16:11:00.000Z</time></trkpt>
	<trkpt lat='44.8582186' lon='13.8189136'><time>2024-07-06T07:47:01.000Z</time></trkpt>
	<trkpt lat='44.8583117' lon='13.8197883'><time>2024-07-06T07:49:00.000Z</time></trkpt>
	<trkpt lat='44.8573266' lon='13.8199355'><time>2024-07-06T07:50:00.000Z</time></trkpt>
	<trkpt lat='44.85409' lon='13.81984'><time>2024-07-06T07:53:00.000Z</time></trkpt>
	<trkpt lat='44.8532067' lon='13.8195'><time>2024-07-06T07:54:00.000Z</time></trkpt>
	<trkpt lat='44.8505583' lon='13.81484'><time>2024-07-06T07:59:00.000Z</time></trkpt>
	<trkpt lat='44.8444617' lon='13.8081133'><time>2024-07-06T08:05:00.000Z</time></trkpt>
	<trkpt lat='44.8406578' lon='13.8054295'><time>2024-07-06T08:08:00.000Z</time></trkpt>
	<trkpt lat='44.838035' lon='13.8041843'><time>2024-07-06T08:10:00.000Z</time></trkpt>
	<trkpt lat='44.8316133' lon='13.7997217'><time>2024-07-06T08:15:00.000Z</time></trkpt>
	<trkpt lat='44.8276101' lon='13.7978971'><time>2024-07-06T08:18:00.000Z</time></trkpt>
	<trkpt lat='44.815715' lon='13.7955983'><time>2024-07-06T08:27:00.000Z</time></trkpt>
	<trkpt lat='44.7969781' lon='13.7941925'><time>2024-07-06T08:41:00.000Z</time></trkpt>
	<trkpt lat='44.7867856' lon='13.7923711'><time>2024-07-06T08:49:00.000Z</time></trkpt>
	<trkpt lat='44.775458' lon='13.7918021'><time>2024-07-06T08:58:00.000Z</time></trkpt>
	<trkpt lat='44.7692345' lon='13.7903051'><time>2024-07-06T09:03:00.000Z</time></trkpt>
	<trkpt lat='44.7586867' lon='13.7867583'><time>2024-07-06T09:12:00.000Z</time></trkpt>
	<trkpt lat='44.7536267' lon='13.7846933'><time>2024-07-06T09:17:00.000Z</time></trkpt>
	<trkpt lat='44.7550866' lon='13.7869101'><time>2024-07-06T09:19:00.000Z</time></trkpt>
	<trkpt lat='44.7563267' lon='13.7903183'><time>2024-07-06T09:21:01.000Z</time></trkpt>
	<trkpt lat='44.7629083' lon='13.8040083'><time>2024-07-06T09:29:00.000Z</time></trkpt>
	<trkpt lat='44.7649291' lon='13.8091603'><time>2024-07-06T09:32:00.000Z</time></trkpt>
	<trkpt lat='44.768005' lon='13.8193283'><time>2024-07-06T09:38:00.000Z</time></trkpt>
	<trkpt lat='44.7745965' lon='13.8435493'><time>2024-07-06T09:52:01.000Z</time></trkpt>
	<trkpt lat='44.78042' lon='13.8608717'><time>2024-07-06T10:02:00.000Z</time></trkpt>
	<trkpt lat='44.7819445' lon='13.8682146'><time>2024-07-06T10:06:00.000Z</time></trkpt>
	<trkpt lat='44.783905' lon='13.8808233'><time>2024-07-06T10:13:00.000Z</time></trkpt>
	<trkpt lat='44.7845567' lon='13.892125'><time>2024-07-06T10:19:00.000Z</time></trkpt>
	<trkpt lat='44.7841383' lon='13.8940883'><time>2024-07-06T10:21:00.000Z</time></trkpt>
	<trkpt lat='44.780795' lon='13.8903067'><time>2024-07-06T10:25:00.000Z</time></trkpt>
	<trkpt lat='44.7737033' lon='13.8855417'><time>2024-07-06T10:31:00.000Z</time></trkpt>
	<trkpt lat='44.7680333' lon='13.8812091'><time>2024-07-06T10:36:00.000Z</time></trkpt>
	<trkpt lat='44.754821' lon='13.8682056'><time>2024-07-06T10:48:00.000Z</time></trkpt>
	<trkpt lat='44.7556083' lon='13.8788417'><time>2024-07-06T10:54:00.000Z</time></trkpt>
	<trkpt lat='44.755065' lon='13.88807'><time>2024-07-06T10:59:00.000Z</time></trkpt>
	<trkpt lat='44.755144' lon='13.8940486'><time>2024-07-06T11:02:00.000Z</time></trkpt>
	<trkpt lat='44.754705' lon='13.8981433'><time>2024-07-06T11:04:00.000Z</time></trkpt>
	<trkpt lat='44.7553583' lon='13.92119'><time>2024-07-06T11:16:00.000Z</time></trkpt>
	<trkpt lat='44.7549581' lon='13.9359723'><time>2024-07-06T11:24:00.000Z</time></trkpt>
	<trkpt lat='44.7549671' lon='13.9621526'><time>2024-07-06T11:39:00.000Z</time></trkpt>
	<trkpt lat='44.7569467' lon='13.9992667'><time>2024-07-06T11:59:00.000Z</time></trkpt>
	<trkpt lat='44.7567317' lon='14.021415'><time>2024-07-06T12:11:00.000Z</time></trkpt>
	<trkpt lat='44.7561165' lon='14.036501'><time>2024-07-06T12:19:00.000Z</time></trkpt>
	<trkpt lat='44.7566183' lon='14.0696533'><time>2024-07-06T12:36:00.000Z</time></trkpt>
	<trkpt lat='44.7562183' lon='14.07708'><time>2024-07-06T12:40:00.000Z</time></trkpt>
	<trkpt lat='44.75591' lon='14.0962917'><time>2024-07-06T12:50:00.000Z</time></trkpt>
	<trkpt lat='44.7550335' lon='14.1117331'><time>2024-07-06T12:58:00.000Z</time></trkpt>
	<trkpt lat='44.7532418' lon='14.1308626'><time>2024-07-06T13:08:00.000Z</time></trkpt>
	<trkpt lat='44.7514438' lon='14.1417313'><time>2024-07-06T13:14:00.000Z</time></trkpt>
	<trkpt lat='44.7493138' lon='14.1581803'><time>2024-07-06T13:23:00.000Z</time></trkpt>
	<trkpt lat='44.7474685' lon='14.1675156'><time>2024-07-06T13:28:00.000Z</time></trkpt>
	<trkpt lat='44.745775' lon='14.184005'><time>2024-07-06T13:37:00.000Z</time></trkpt>
	<trkpt lat='44.7443835' lon='14.1936936'><time>2024-07-06T13:42:00.000Z</time></trkpt>
	<trkpt lat='44.7430017' lon='14.2013133'><time>2024-07-06T13:46:00.000Z</time></trkpt>
	<trkpt lat='44.7404804' lon='14.211818'><time>2024-07-06T13:52:00.000Z</time></trkpt>
	<trkpt lat='44.7394326' lon='14.2180941'><time>2024-07-06T13:56:00.000Z</time></trkpt>
	<trkpt lat='44.7397167' lon='14.2295017'><time>2024-07-06T14:02:00.000Z</time></trkpt>
	<trkpt lat='44.7394533' lon='14.233015'><time>2024-07-06T14:04:00.000Z</time></trkpt>
	<trkpt lat='44.738777' lon='14.236596'><time>2024-07-06T14:06:00.000Z</time></trkpt>
	<trkpt lat='44.738435' lon='14.2420267'><time>2024-07-06T14:09:00.000Z</time></trkpt>
	<trkpt lat='44.738604' lon='14.2555654'><time>2024-07-06T14:16:00.000Z</time></trkpt>
	<trkpt lat='44.7369467' lon='14.26777'><time>2024-07-06T14:22:00.000Z</time></trkpt>
	<trkpt lat='44.7388296' lon='14.2748833'><time>2024-07-06T14:26:00.000Z</time></trkpt>
	<trkpt lat='44.7387993' lon='14.2793033'><time>2024-07-06T14:28:00.000Z</time></trkpt>
	<trkpt lat='44.7314398' lon='14.3321706'><time>2024-07-06T14:54:00.000Z</time></trkpt>
	<trkpt lat='44.7295168' lon='14.3408639'><time>2024-07-06T14:59:00.000Z</time></trkpt>
	<trkpt lat='44.73033' lon='14.3435933'><time>2024-07-06T15:02:00.000Z</time></trkpt>
	<trkpt lat='44.7029388' lon='14.3687661'><time>2024-07-06T15:29:00.000Z</time></trkpt>
	<trkpt lat='44.7018206' lon='14.369627'><time>2024-07-06T15:30:00.000Z</time></trkpt>
	<trkpt lat='44.7006283' lon='14.369915'><time>2024-07-06T15:31:00.000Z</time></trkpt>
	<trkpt lat='44.6988967' lon='14.3692917'><time>2024-07-06T15:33:00.000Z</time></trkpt>
	<trkpt lat='44.6974078' lon='14.369626'><time>2024-07-06T15:38:00.000Z</time></trkpt>
	<trkpt lat='44.6965333' lon='14.36946'><time>2024-07-06T15:40:00.000Z</time></trkpt>
	<trkpt lat='44.6972233' lon='14.3692411'><time>2024-07-06T15:44:00.000Z</time></trkpt>
	<trkpt lat='44.6976381' lon='14.3703128'><time>2024-07-06T15:46:00.000Z</time></trkpt>
	<trkpt lat='44.6979608' lon='14.3703608'><time>2024-07-06T15:47:00.000Z</time></trkpt>
	<trkpt lat='44.6983085' lon='14.3698865'><time>2024-07-06T15:50:00.000Z</time></trkpt>
	<trkpt lat='44.6980386' lon='14.3698096'><time>2024-07-07T08:44:00.000Z</time></trkpt>
	<trkpt lat='44.6987617' lon='14.36959'><time>2024-07-07T08:46:00.000Z</time></trkpt>
	<trkpt lat='44.6999933' lon='14.37014'><time>2024-07-07T08:48:00.000Z</time></trkpt>
	<trkpt lat='44.7016367' lon='14.37005'><time>2024-07-07T08:50:00.000Z</time></trkpt>
	<trkpt lat='44.7033986' lon='14.3691238'><time>2024-07-07T08:52:00.000Z</time></trkpt>
	<trkpt lat='44.7061643' lon='14.3670233'><time>2024-07-07T08:55:00.000Z</time></trkpt>
	<trkpt lat='44.7105681' lon='14.3622428'><time>2024-07-07T09:00:00.000Z</time></trkpt>
	<trkpt lat='44.7181217' lon='14.3521533'><time>2024-07-07T09:11:00.000Z</time></trkpt>
	<trkpt lat='44.7189067' lon='14.3500483'><time>2024-07-07T09:13:00.000Z</time></trkpt>
	<trkpt lat='44.7184388' lon='14.344264'><time>2024-07-07T09:18:00.000Z</time></trkpt>
	<trkpt lat='44.7188867' lon='14.33795'><time>2024-07-07T09:24:00.000Z</time></trkpt>
	<trkpt lat='44.7186986' lon='14.3361'><time>2024-07-07T09:25:00.000Z</time></trkpt>
	<trkpt lat='44.7174417' lon='14.3305867'><time>2024-07-07T09:28:00.000Z</time></trkpt>
	<trkpt lat='44.7145151' lon='14.3236896'><time>2024-07-07T09:33:00.000Z</time></trkpt>
	<trkpt lat='44.7029983' lon='14.306155'><time>2024-07-07T09:47:00.000Z</time></trkpt>
	<trkpt lat='44.697605' lon='14.300485'><time>2024-07-07T09:54:00.000Z</time></trkpt>
	<trkpt lat='44.6952867' lon='14.298615'><time>2024-07-07T09:57:00.000Z</time></trkpt>
	<trkpt lat='44.6894736' lon='14.2948671'><time>2024-07-07T10:05:00.000Z</time></trkpt>
	<trkpt lat='44.6847017' lon='14.2901317'><time>2024-07-07T10:13:00.000Z</time></trkpt>
	<trkpt lat='44.6842733' lon='14.2900928'><time>2024-07-07T10:14:00.000Z</time></trkpt>
	<trkpt lat='44.68238' lon='14.3033467'><time>2024-07-07T10:25:00.000Z</time></trkpt>
	<trkpt lat='44.680465' lon='14.3113683'><time>2024-07-07T10:31:00.000Z</time></trkpt>
	<trkpt lat='44.6785833' lon='14.3174517'><time>2024-07-07T10:36:00.000Z</time></trkpt>
	<trkpt lat='44.6750543' lon='14.3340485'><time>2024-07-07T10:48:00.000Z</time></trkpt>
	<trkpt lat='44.672075' lon='14.34102'><time>2024-07-07T10:53:00.000Z</time></trkpt>
	<trkpt lat='44.6650917' lon='14.3242483'><time>2024-07-07T11:10:00.000Z</time></trkpt>
	<trkpt lat='44.6636933' lon='14.321555'><time>2024-07-07T11:13:00.000Z</time></trkpt>
	<trkpt lat='44.6579443' lon='14.3132385'><time>2024-07-07T11:25:00.000Z</time></trkpt>
	<trkpt lat='44.656015' lon='14.3113567'><time>2024-07-07T11:29:00.000Z</time></trkpt>
	<trkpt lat='44.652865' lon='14.308975'><time>2024-07-07T11:35:00.000Z</time></trkpt>
	<trkpt lat='44.6464733' lon='14.3059867'><time>2024-07-07T11:46:00.000Z</time></trkpt>
	<trkpt lat='44.6422633' lon='14.3053217'><time>2024-07-07T11:51:00.000Z</time></trkpt>
	<trkpt lat='44.6392053' lon='14.3056148'><time>2024-07-07T11:55:00.000Z</time></trkpt>
	<trkpt lat='44.6308516' lon='14.3081553'><time>2024-07-07T12:08:00.000Z</time></trkpt>
	<trkpt lat='44.6279076' lon='14.3085561'><time>2024-07-07T12:13:00.000Z</time></trkpt>
	<trkpt lat='44.6253717' lon='14.30841'><time>2024-07-07T12:19:00.000Z</time></trkpt>
	<trkpt lat='44.6219315' lon='14.3071043'><time>2024-07-07T12:28:00.000Z</time></trkpt>
	<trkpt lat='44.6183065' lon='14.3035766'><time>2024-07-07T12:37:00.000Z</time></trkpt>
	<trkpt lat='44.6163751' lon='14.3023346'><time>2024-07-07T12:41:00.000Z</time></trkpt>
	<trkpt lat='44.6122433' lon='14.3006683'><time>2024-07-07T12:48:00.000Z</time></trkpt>
	<trkpt lat='44.6055558' lon='14.2994873'><time>2024-07-07T12:57:00.000Z</time></trkpt>
	<trkpt lat='44.5978851' lon='14.2975515'><time>2024-07-07T13:07:00.000Z</time></trkpt>
	<trkpt lat='44.5955633' lon='14.2978717'><time>2024-07-07T13:10:00.000Z</time></trkpt>
	<trkpt lat='44.5976033' lon='14.302445'><time>2024-07-07T13:16:00.000Z</time></trkpt>
	<trkpt lat='44.5996346' lon='14.3118416'><time>2024-07-07T13:25:00.000Z</time></trkpt>
	<trkpt lat='44.6003033' lon='14.3180633'><time>2024-07-07T13:30:00.000Z</time></trkpt>
	<trkpt lat='44.600105' lon='14.3273483'><time>2024-07-07T13:37:00.000Z</time></trkpt>
	<trkpt lat='44.59882' lon='14.33427'><time>2024-07-07T13:42:00.000Z</time></trkpt>
	<trkpt lat='44.597265' lon='14.3401317'><time>2024-07-07T13:46:00.000Z</time></trkpt>
	<trkpt lat='44.5936936' lon='14.3504531'><time>2024-07-07T13:53:00.000Z</time></trkpt>
	<trkpt lat='44.59225' lon='14.3571383'><time>2024-07-07T13:57:00.000Z</time></trkpt>
	<trkpt lat='44.5909245' lon='14.3613273'><time>2024-07-07T14:00:00.000Z</time></trkpt>
	<trkpt lat='44.588175' lon='14.3595217'><time>2024-07-07T14:03:00.000Z</time></trkpt>
	<trkpt lat='44.5854767' lon='14.356455'><time>2024-07-07T14:06:00.000Z</time></trkpt>
	<trkpt lat='44.5793735' lon='14.350971'><time>2024-07-07T14:13:00.000Z</time></trkpt>
	<trkpt lat='44.5748917' lon='14.3477667'><time>2024-07-07T14:18:00.000Z</time></trkpt>
	<trkpt lat='44.5705217' lon='14.3465933'><time>2024-07-07T14:24:00.000Z</time></trkpt>
	<trkpt lat='44.5674213' lon='14.3465343'><time>2024-07-07T14:29:00.000Z</time></trkpt>
	<trkpt lat='44.5669267' lon='14.3466583'><time>2024-07-07T14:30:00.000Z</time></trkpt>
	<trkpt lat='44.5692983' lon='14.3513033'><time>2024-07-07T14:34:00.000Z</time></trkpt>
	<trkpt lat='44.5710133' lon='14.356115'><time>2024-07-07T14:37:00.000Z</time></trkpt>
	<trkpt lat='44.5719558' lon='14.3617358'><time>2024-07-07T14:40:00.000Z</time></trkpt>
	<trkpt lat='44.5718067' lon='14.3627783'><time>2024-07-07T14:41:00.000Z</time></trkpt>
	<trkpt lat='44.56401' lon='14.3622333'><time>2024-07-07T14:48:00.000Z</time></trkpt>
	<trkpt lat='44.5537748' lon='14.3639691'><time>2024-07-07T14:58:00.000Z</time></trkpt>
	<trkpt lat='44.5353139' lon='14.369965'><time>2024-07-07T15:19:00.000Z</time></trkpt>
	<trkpt lat='44.536645' lon='14.37149'><time>2024-07-07T15:21:00.000Z</time></trkpt>
	<trkpt lat='44.5385231' lon='14.3748105'><time>2024-07-07T15:24:00.000Z</time></trkpt>
	<trkpt lat='44.5417983' lon='14.3827583'><time>2024-07-07T15:31:00.000Z</time></trkpt>
	<trkpt lat='44.5434139' lon='14.3910823'><time>2024-07-07T15:39:00.000Z</time></trkpt>
	<trkpt lat='44.543605' lon='14.3949383'><time>2024-07-07T15:42:00.000Z</time></trkpt>
	<trkpt lat='44.544005' lon='14.3964795'><time>2024-07-07T15:43:00.000Z</time></trkpt>
	<trkpt lat='44.548942' lon='14.4049743'><time>2024-07-07T15:52:00.000Z</time></trkpt>
	<trkpt lat='44.549977' lon='14.4062076'><time>2024-07-07T15:54:00.000Z</time></trkpt>
	<trkpt lat='44.5532035' lon='14.4077556'><time>2024-07-07T15:58:00.000Z</time></trkpt>
	<trkpt lat='44.5597564' lon='14.4100506'><time>2024-07-07T16:04:00.000Z</time></trkpt>
	<trkpt lat='44.56091' lon='14.4100617'><time>2024-07-07T16:05:00.000Z</time></trkpt>
	<trkpt lat='44.57102' lon='14.406905'><time>2024-07-07T16:14:00.000Z</time></trkpt>
	<trkpt lat='44.5714133' lon='14.4061217'><time>2024-07-07T16:15:00.000Z</time></trkpt>
	<trkpt lat='44.5712583' lon='14.4053446'><time>2024-07-07T16:17:00.000Z</time></trkpt>
	<trkpt lat='44.57163' lon='14.4060533'><time>2024-07-07T16:19:00.000Z</time></trkpt>
	<trkpt lat='44.5717215' lon='14.4058093'><time>2024-07-07T16:20:00.000Z</time></trkpt>
	<trkpt lat='44.5714067' lon='14.405785'><time>2024-07-07T16:21:00.000Z</time></trkpt>
	<trkpt lat='44.5715268' lon='14.4062284'><time>2024-07-08T10:52:00.000Z</time></trkpt>
	<trkpt lat='44.5714783' lon='14.406685'><time>2024-07-08T10:54:00.000Z</time></trkpt>
	<trkpt lat='44.5654306' lon='14.412359'><time>2024-07-08T11:00:00.000Z</time></trkpt>
	<trkpt lat='44.5644853' lon='14.413581'><time>2024-07-08T11:01:00.000Z</time></trkpt>
	<trkpt lat='44.562004' lon='14.4175768'><time>2024-07-08T11:04:00.000Z</time></trkpt>
	<trkpt lat='44.559935' lon='14.4222067'><time>2024-07-08T11:07:00.000Z</time></trkpt>
	<trkpt lat='44.5591183' lon='14.4229'><time>2024-07-08T11:08:00.000Z</time></trkpt>
	<trkpt lat='44.5580909' lon='14.4226348'><time>2024-07-08T11:09:00.000Z</time></trkpt>
	<trkpt lat='44.550725' lon='14.4183517'><time>2024-07-08T11:16:00.000Z</time></trkpt>
	<trkpt lat='44.5496441' lon='14.4179841'><time>2024-07-08T11:17:00.000Z</time></trkpt>
	<trkpt lat='44.5457158' lon='14.4182103'><time>2024-07-08T11:21:00.000Z</time></trkpt>
	<trkpt lat='44.5435043' lon='14.4189938'><time>2024-07-08T11:23:00.000Z</time></trkpt>
	<trkpt lat='44.5372301' lon='14.4241543'><time>2024-07-08T11:30:00.000Z</time></trkpt>
	<trkpt lat='44.533295' lon='14.4265883'><time>2024-07-08T11:34:00.000Z</time></trkpt>
	<trkpt lat='44.5236121' lon='14.4374693'><time>2024-07-08T11:47:00.000Z</time></trkpt>
	<trkpt lat='44.5154185' lon='14.4456541'><time>2024-07-08T11:57:00.000Z</time></trkpt>
	<trkpt lat='44.5043183' lon='14.4551883'><time>2024-07-08T12:08:00.000Z</time></trkpt>
	<trkpt lat='44.4780705' lon='14.479123'><time>2024-07-08T12:39:00.000Z</time></trkpt>
	<trkpt lat='44.4668917' lon='14.4911583'><time>2024-07-08T12:55:00.000Z</time></trkpt>
	<trkpt lat='44.454222' lon='14.505753'><time>2024-07-08T13:12:00.000Z</time></trkpt>
	<trkpt lat='44.4478533' lon='14.514316'><time>2024-07-08T13:21:00.000Z</time></trkpt>
	<trkpt lat='44.4420574' lon='14.5235713'><time>2024-07-08T13:30:00.000Z</time></trkpt>
	<trkpt lat='44.4332298' lon='14.538201'><time>2024-07-08T13:43:00.000Z</time></trkpt>
	<trkpt lat='44.4272433' lon='14.54985'><time>2024-07-08T13:53:00.000Z</time></trkpt>
	<trkpt lat='44.4266208' lon='14.5520958'><time>2024-07-08T13:55:00.000Z</time></trkpt>
	<trkpt lat='44.4272333' lon='14.58161'><time>2024-07-08T14:15:00.000Z</time></trkpt>
	<trkpt lat='44.426334' lon='14.5944923'><time>2024-07-08T14:24:00.000Z</time></trkpt>
	<trkpt lat='44.4263271' lon='14.6005291'><time>2024-07-08T14:28:00.000Z</time></trkpt>
	<trkpt lat='44.426804' lon='14.6098876'><time>2024-07-08T14:34:00.000Z</time></trkpt>
	<trkpt lat='44.4276133' lon='14.6176967'><time>2024-07-08T14:39:00.000Z</time></trkpt>
	<trkpt lat='44.4279594' lon='14.6283671'><time>2024-07-08T14:45:00.000Z</time></trkpt>
	<trkpt lat='44.4288067' lon='14.6398317'><time>2024-07-08T14:51:00.000Z</time></trkpt>
	<trkpt lat='44.4290267' lon='14.655195'><time>2024-07-08T14:59:00.000Z</time></trkpt>
	<trkpt lat='44.4284201' lon='14.6819968'><time>2024-07-08T15:14:00.000Z</time></trkpt>
	<trkpt lat='44.42675' lon='14.6910017'><time>2024-07-08T15:21:00.000Z</time></trkpt>
	<trkpt lat='44.4246245' lon='14.693646'><time>2024-07-08T15:24:00.000Z</time></trkpt>
	<trkpt lat='44.409585' lon='14.7085233'><time>2024-07-08T15:39:00.000Z</time></trkpt>
	<trkpt lat='44.4052467' lon='14.7114233'><time>2024-07-08T15:43:00.000Z</time></trkpt>
	<trkpt lat='44.40301' lon='14.712155'><time>2024-07-08T15:45:00.000Z</time></trkpt>
	<trkpt lat='44.399627' lon='14.7130864'><time>2024-07-08T15:48:00.000Z</time></trkpt>
	<trkpt lat='44.3986394' lon='14.7128875'><time>2024-07-08T15:49:00.000Z</time></trkpt>
	<trkpt lat='44.3892808' lon='14.7088776'><time>2024-07-08T15:58:00.000Z</time></trkpt>
	<trkpt lat='44.3884567' lon='14.7081183'><time>2024-07-08T15:59:00.000Z</time></trkpt>
	<trkpt lat='44.3881795' lon='14.7073863'><time>2024-07-08T16:00:00.000Z</time></trkpt>
	<trkpt lat='44.3873831' lon='14.7023734'><time>2024-07-08T16:06:00.000Z</time></trkpt>
	<trkpt lat='44.3873217' lon='14.70273'><time>2024-07-08T16:10:00.000Z</time></trkpt>
	<trkpt lat='44.3875423' lon='14.7024153'><time>2024-07-09T09:27:00.000Z</time></trkpt>
	<trkpt lat='44.3876406' lon='14.7033901'><time>2024-07-09T09:29:00.000Z</time></trkpt>
	<trkpt lat='44.3870283' lon='14.7049367'><time>2024-07-09T09:31:00.000Z</time></trkpt>
	<trkpt lat='44.3843938' lon='14.7096978'><time>2024-07-09T09:38:00.000Z</time></trkpt>
	<trkpt lat='44.3822878' lon='14.7150968'><time>2024-07-09T09:47:00.000Z</time></trkpt>
	<trkpt lat='44.381215' lon='14.7199817'><time>2024-07-09T09:54:38.000Z</time></trkpt>
	<trkpt lat='44.3797893' lon='14.724129'><time>2024-07-09T10:01:00.000Z</time></trkpt>
	<trkpt lat='44.3763006' lon='14.7248766'><time>2024-07-09T10:07:00.000Z</time></trkpt>
	<trkpt lat='44.3729617' lon='14.7266967'><time>2024-07-09T10:12:00.000Z</time></trkpt>
	<trkpt lat='44.3714383' lon='14.7280233'><time>2024-07-09T10:15:00.000Z</time></trkpt>
	<trkpt lat='44.3707817' lon='14.7288217'><time>2024-07-09T10:17:00.000Z</time></trkpt>
	<trkpt lat='44.370237' lon='14.7304695'><time>2024-07-09T10:20:00.000Z</time></trkpt>
	<trkpt lat='44.364125' lon='14.7376583'><time>2024-07-09T10:30:00.000Z</time></trkpt>
	<trkpt lat='44.3615763' lon='14.7418928'><time>2024-07-09T10:35:00.000Z</time></trkpt>
	<trkpt lat='44.358145' lon='14.746205'><time>2024-07-09T10:40:00.000Z</time></trkpt>
	<trkpt lat='44.3465445' lon='14.7720133'><time>2024-07-09T11:08:00.000Z</time></trkpt>
	<trkpt lat='44.335635' lon='14.7880683'><time>2024-07-09T11:22:00.000Z</time></trkpt>
	<trkpt lat='44.333894' lon='14.7908735'><time>2024-07-09T11:24:00.000Z</time></trkpt>
	<trkpt lat='44.3325248' lon='14.7939143'><time>2024-07-09T11:26:00.000Z</time></trkpt>
	<trkpt lat='44.3278306' lon='14.8091943'><time>2024-07-09T11:35:00.000Z</time></trkpt>
	<trkpt lat='44.3189633' lon='14.848755'><time>2024-07-09T11:57:00.000Z</time></trkpt>
	<trkpt lat='44.3145481' lon='14.8646291'><time>2024-07-09T12:06:00.000Z</time></trkpt>
	<trkpt lat='44.3006667' lon='14.918065'><time>2024-07-09T12:38:00.000Z</time></trkpt>
	<trkpt lat='44.29628' lon='14.9326038'><time>2024-07-09T12:48:00.000Z</time></trkpt>
	<trkpt lat='44.2896465' lon='14.9523163'><time>2024-07-09T13:03:00.000Z</time></trkpt>
	<trkpt lat='44.2846121' lon='14.9685525'><time>2024-07-09T13:15:01.000Z</time></trkpt>
	<trkpt lat='44.2841767' lon='14.9718'><time>2024-07-09T13:18:00.000Z</time></trkpt>
	<trkpt lat='44.2841767' lon='14.9770433'><time>2024-07-09T13:22:00.000Z</time></trkpt>
	<trkpt lat='44.2832093' lon='14.9917958'><time>2024-07-09T13:33:00.000Z</time></trkpt>
	<trkpt lat='44.2824483' lon='15.0141117'><time>2024-07-09T13:49:00.000Z</time></trkpt>
	<trkpt lat='44.280605' lon='15.0364625'><time>2024-07-09T14:05:00.000Z</time></trkpt>
	<trkpt lat='44.2803325' lon='15.0517978'><time>2024-07-09T14:14:01.000Z</time></trkpt>
	<trkpt lat='44.280695' lon='15.0628317'><time>2024-07-09T14:21:00.000Z</time></trkpt>
	<trkpt lat='44.2819535' lon='15.0723186'><time>2024-07-09T14:28:00.000Z</time></trkpt>
	<trkpt lat='44.2837833' lon='15.07982'><time>2024-07-09T14:34:00.000Z</time></trkpt>
	<trkpt lat='44.2854998' lon='15.0808236'><time>2024-07-09T14:36:00.000Z</time></trkpt>
	<trkpt lat='44.2883641' lon='15.0807615'><time>2024-07-09T14:40:00.000Z</time></trkpt>
	<trkpt lat='44.2898649' lon='15.0786778'><time>2024-07-09T14:44:00.000Z</time></trkpt>
	<trkpt lat='44.2897998' lon='15.0790455'><time>2024-07-09T14:48:00.000Z</time></trkpt>
	<trkpt lat='44.2898714' lon='15.0790257'><time>2024-07-11T14:07:00.000Z</time></trkpt>
	<trkpt lat='44.2880021' lon='15.0757992'><time>2024-07-11T14:13:00.000Z</time></trkpt>
	<trkpt lat='44.2879959' lon='15.0751947'><time>2024-07-11T14:14:00.000Z</time></trkpt>
	<trkpt lat='44.2897952' lon='15.0790585'><time>2024-07-11T14:20:00.000Z</time></trkpt>
	<trkpt lat='44.2901326' lon='15.0786416'><time>2024-07-12T12:09:01.000Z</time></trkpt>
	<trkpt lat='44.29062' lon='15.0787933'><time>2024-07-12T12:10:00.000Z</time></trkpt>
	<trkpt lat='44.2904011' lon='15.0791591'><time>2024-07-12T12:11:00.000Z</time></trkpt>
	<trkpt lat='44.2334983' lon='15.11292'><time>2024-07-12T13:33:00.000Z</time></trkpt>
	<trkpt lat='44.2270638' lon='15.125082'><time>2024-07-12T13:45:00.000Z</time></trkpt>
	<trkpt lat='44.2246391' lon='15.1287128'><time>2024-07-12T13:48:00.000Z</time></trkpt>
	<trkpt lat='44.2191367' lon='15.135415'><time>2024-07-12T13:55:00.000Z</time></trkpt>
	<trkpt lat='44.2182217' lon='15.1244367'><time>2024-07-12T14:06:00.000Z</time></trkpt>
	<trkpt lat='44.2166533' lon='15.11535'><time>2024-07-12T14:17:00.000Z</time></trkpt>
	<trkpt lat='44.216415' lon='15.11592'><time>2024-07-12T14:20:01.000Z</time></trkpt>
	<trkpt lat='44.197365' lon='15.13353'><time>2024-07-12T14:39:00.000Z</time></trkpt>
	<trkpt lat='44.1810633' lon='15.150885'><time>2024-07-12T14:54:00.000Z</time></trkpt>
	<trkpt lat='44.1418985' lon='15.1868031'><time>2024-07-12T15:29:00.000Z</time></trkpt>
	<trkpt lat='44.1396565' lon='15.1884268'><time>2024-07-12T15:31:00.000Z</time></trkpt>
	<trkpt lat='44.1328717' lon='15.1953117'><time>2024-07-12T15:38:00.000Z</time></trkpt>
	<trkpt lat='44.1096' lon='15.22215'><time>2024-07-12T16:04:00.000Z</time></trkpt>
	<trkpt lat='44.1062453' lon='15.2266808'><time>2024-07-12T16:08:00.000Z</time></trkpt>
	<trkpt lat='44.0992885' lon='15.2374988'><time>2024-07-12T16:17:00.000Z</time></trkpt>
	<trkpt lat='44.0915886' lon='15.2517981'><time>2024-07-12T16:28:00.000Z</time></trkpt>
	<trkpt lat='44.0922213' lon='15.2531441'><time>2024-07-12T16:29:00.000Z</time></trkpt>
	<trkpt lat='44.0934683' lon='15.253'><time>2024-07-12T16:30:00.000Z</time></trkpt>
	<trkpt lat='44.0958843' lon='15.2507738'><time>2024-07-12T16:34:00.000Z</time></trkpt>
	<trkpt lat='44.0959667' lon='15.2510317'><time>2024-07-12T16:38:00.000Z</time></trkpt>
	<trkpt lat='44.0953895' lon='15.2511349'><time>2024-07-15T09:39:49.000Z</time></trkpt>
	<trkpt lat='44.0944483' lon='15.2526933'><time>2024-07-15T09:42:00.000Z</time></trkpt>
	<trkpt lat='44.0949456' lon='15.2564203'><time>2024-07-15T09:45:00.000Z</time></trkpt>
	<trkpt lat='44.0946801' lon='15.2589009'><time>2024-07-15T09:52:00.000Z</time></trkpt>
	<trkpt lat='43.8249967' lon='15.5854867'><time>2024-07-16T11:41:45.000Z</time></trkpt>
	<trkpt lat='43.8256825' lon='15.5864813'><time>2024-07-16T11:44:00.000Z</time></trkpt>
	<trkpt lat='43.8279283' lon='15.5872983'><time>2024-07-16T11:46:00.000Z</time></trkpt>
	<trkpt lat='43.8331678' lon='15.5917421'><time>2024-07-16T11:51:00.000Z</time></trkpt>
	<trkpt lat='43.8343095' lon='15.5923803'><time>2024-07-16T11:52:00.000Z</time></trkpt>
	<trkpt lat='43.8366483' lon='15.5927275'><time>2024-07-16T11:54:00.000Z</time></trkpt>
	<trkpt lat='43.83761' lon='15.5921967'><time>2024-07-16T11:55:00.000Z</time></trkpt>
	<trkpt lat='43.8383583' lon='15.5911317'><time>2024-07-16T11:56:00.000Z</time></trkpt>
	<trkpt lat='43.8384775' lon='15.5883176'><time>2024-07-16T11:58:00.000Z</time></trkpt>
	<trkpt lat='43.8378117' lon='15.5839083'><time>2024-07-16T12:01:00.000Z</time></trkpt>
	<trkpt lat='43.8364068' lon='15.5784593'><time>2024-07-16T12:05:00.000Z</time></trkpt>
	<trkpt lat='43.835815' lon='15.569125'><time>2024-07-16T12:11:00.000Z</time></trkpt>
	<trkpt lat='43.8352' lon='15.5661867'><time>2024-07-16T12:13:00.000Z</time></trkpt>
	<trkpt lat='43.8340538' lon='15.563588'><time>2024-07-16T12:15:00.000Z</time></trkpt>
	<trkpt lat='43.8315983' lon='15.5602733'><time>2024-07-16T12:19:00.000Z</time></trkpt>
	<trkpt lat='43.8320223' lon='15.5602535'><time>2024-07-16T12:20:00.000Z</time></trkpt>
	<trkpt lat='43.8321899' lon='15.5597903'><time>2024-07-16T12:21:00.000Z</time></trkpt>
	<trkpt lat='43.8298918' lon='15.5580323'><time>2024-07-16T12:23:00.000Z</time></trkpt>
	<trkpt lat='43.826295' lon='15.55652'><time>2024-07-16T12:26:00.000Z</time></trkpt>
	<trkpt lat='43.82412' lon='15.5572433'><time>2024-07-16T12:28:00.000Z</time></trkpt>
	<trkpt lat='43.8219171' lon='15.5588479'><time>2024-07-16T12:30:00.000Z</time></trkpt>
	<trkpt lat='43.8097948' lon='15.5719238'><time>2024-07-16T12:43:00.000Z</time></trkpt>
	<trkpt lat='43.796575' lon='15.591255'><time>2024-07-16T13:02:00.000Z</time></trkpt>
	<trkpt lat='43.7724621' lon='15.6202555'><time>2024-07-16T13:34:00.000Z</time></trkpt>
	<trkpt lat='43.7691323' lon='15.6251436'><time>2024-07-16T13:39:00.000Z</time></trkpt>
	<trkpt lat='43.76582' lon='15.6312633'><time>2024-07-16T13:45:01.000Z</time></trkpt>
	<trkpt lat='43.749805' lon='15.6646633'><time>2024-07-16T14:14:00.000Z</time></trkpt>
	<trkpt lat='43.7356398' lon='15.683153'><time>2024-07-16T14:31:00.000Z</time></trkpt>
	<trkpt lat='43.7135333' lon='15.7158283'><time>2024-07-16T15:02:00.000Z</time></trkpt>
	<trkpt lat='43.7028233' lon='15.722425'><time>2024-07-16T15:13:00.000Z</time></trkpt>
	<trkpt lat='43.6878017' lon='15.7435933'><time>2024-07-16T15:36:00.000Z</time></trkpt>
	<trkpt lat='43.6876233' lon='15.74465'><time>2024-07-16T15:37:00.000Z</time></trkpt>
	<trkpt lat='43.6878733' lon='15.7458067'><time>2024-07-16T15:38:00.000Z</time></trkpt>
	<trkpt lat='43.6887645' lon='15.7474195'><time>2024-07-16T15:40:00.000Z</time></trkpt>
	<trkpt lat='43.6898756' lon='15.7484058'><time>2024-07-16T15:42:00.000Z</time></trkpt>
	<trkpt lat='43.6897663' lon='15.7488371'><time>2024-07-16T15:46:00.000Z</time></trkpt>
	<trkpt lat='43.6900533' lon='15.7480283'><time>2024-07-17T06:06:00.000Z</time></trkpt>
	<trkpt lat='43.6894293' lon='15.7472541'><time>2024-07-17T06:08:00.000Z</time></trkpt>
	<trkpt lat='43.6888868' lon='15.7471753'><time>2024-07-17T06:10:00.000Z</time></trkpt>
	<trkpt lat='43.6852941' lon='15.7489591'><time>2024-07-17T06:22:00.000Z</time></trkpt>
	<trkpt lat='43.6709' lon='15.749605'><time>2024-07-17T06:48:00.000Z</time></trkpt>
	<trkpt lat='43.6613067' lon='15.7513367'><time>2024-07-17T07:12:00.000Z</time></trkpt>
	<trkpt lat='43.6599843' lon='15.7517745'><time>2024-07-17T07:16:00.000Z</time></trkpt>
	<trkpt lat='43.6562117' lon='15.75399'><time>2024-07-17T07:24:01.000Z</time></trkpt>
	<trkpt lat='43.6530821' lon='15.7571651'><time>2024-07-17T07:30:00.000Z</time></trkpt>
	<trkpt lat='43.6509278' lon='15.7603829'><time>2024-07-17T07:35:00.000Z</time></trkpt>
	<trkpt lat='43.6443983' lon='15.7685867'><time>2024-07-17T07:46:00.000Z</time></trkpt>
	<trkpt lat='43.641977' lon='15.7723966'><time>2024-07-17T07:50:00.000Z</time></trkpt>
	<trkpt lat='43.584479' lon='15.8716008'><time>2024-07-17T09:33:00.000Z</time></trkpt>
	<trkpt lat='43.5609588' lon='15.9013893'><time>2024-07-17T10:05:00.000Z</time></trkpt>
	<trkpt lat='43.528075' lon='15.9443733'><time>2024-07-17T11:00:00.000Z</time></trkpt>
	<trkpt lat='43.5237971' lon='15.9536611'><time>2024-07-17T11:07:00.000Z</time></trkpt>
	<trkpt lat='43.5211943' lon='15.960485'><time>2024-07-17T11:12:00.000Z</time></trkpt>
	<trkpt lat='43.51914' lon='15.96795'><time>2024-07-17T11:17:00.000Z</time></trkpt>
	<trkpt lat='43.518926' lon='15.9695188'><time>2024-07-17T11:18:00.000Z</time></trkpt>
	<trkpt lat='43.5193493' lon='15.9725765'><time>2024-07-17T11:20:00.000Z</time></trkpt>
	<trkpt lat='43.5199533' lon='15.973875'><time>2024-07-17T11:21:00.000Z</time></trkpt>
	<trkpt lat='43.5208556' lon='15.9748293'><time>2024-07-17T11:22:00.000Z</time></trkpt>
	<trkpt lat='43.523755' lon='15.976385'><time>2024-07-17T11:25:00.000Z</time></trkpt>
	<trkpt lat='43.531069' lon='15.9772583'><time>2024-07-17T11:32:00.000Z</time></trkpt>
	<trkpt lat='43.5332167' lon='15.977235'><time>2024-07-17T11:34:00.000Z</time></trkpt>
	<trkpt lat='43.5380743' lon='15.9789345'><time>2024-07-17T11:40:00.000Z</time></trkpt>
	<trkpt lat='43.538605' lon='15.9787963'><time>2024-07-17T11:41:00.000Z</time></trkpt>
	<trkpt lat='43.5392006' lon='15.9779876'><time>2024-07-17T11:43:00.000Z</time></trkpt>
	<trkpt lat='43.5393513' lon='15.9785226'><time>2024-07-17T11:46:00.000Z</time></trkpt>
	<trkpt lat='43.5390851' lon='15.977908'><time>2024-07-18T08:52:00.000Z</time></trkpt>
	<trkpt lat='43.5260463' lon='15.9766398'><time>2024-07-18T09:05:00.000Z</time></trkpt>
	<trkpt lat='43.5248283' lon='15.9763467'><time>2024-07-18T09:06:00.000Z</time></trkpt>
	<trkpt lat='43.5191439' lon='15.9733203'><time>2024-07-18T09:11:00.000Z</time></trkpt>
	<trkpt lat='43.5188967' lon='15.9719617'><time>2024-07-18T09:12:00.000Z</time></trkpt>
	<trkpt lat='43.5191398' lon='15.9651143'><time>2024-07-18T09:16:00.000Z</time></trkpt>
	<trkpt lat='43.519911' lon='15.95409'><time>2024-07-18T09:22:00.000Z</time></trkpt>
	<trkpt lat='43.5190416' lon='15.951043'><time>2024-07-18T09:24:00.000Z</time></trkpt>
	<trkpt lat='43.5181005' lon='15.9501223'><time>2024-07-18T09:25:00.000Z</time></trkpt>
	<trkpt lat='43.5118354' lon='15.9490438'><time>2024-07-18T09:31:00.000Z</time></trkpt>
	<trkpt lat='43.5084618' lon='15.947845'><time>2024-07-18T09:34:00.000Z</time></trkpt>
	<trkpt lat='43.507335' lon='15.947745'><time>2024-07-18T09:35:00.000Z</time></trkpt>
	<trkpt lat='43.5057073' lon='15.9484316'><time>2024-07-18T09:37:00.000Z</time></trkpt>
	<trkpt lat='43.5020295' lon='15.9511481'><time>2024-07-18T09:41:00.000Z</time></trkpt>
	<trkpt lat='43.4986883' lon='15.9541413'><time>2024-07-18T09:45:00.000Z</time></trkpt>
	<trkpt lat='43.495495' lon='15.9578467'><time>2024-07-18T09:49:00.000Z</time></trkpt>
	<trkpt lat='43.4891178' lon='15.9694346'><time>2024-07-18T09:59:00.000Z</time></trkpt>
	<trkpt lat='43.4855973' lon='15.9771831'><time>2024-07-18T10:05:00.000Z</time></trkpt>
	<trkpt lat='43.4764828' lon='16.0380286'><time>2024-07-18T10:42:00.000Z</time></trkpt>
	<trkpt lat='43.4681467' lon='16.1092633'><time>2024-07-18T11:21:00.000Z</time></trkpt>
	<trkpt lat='43.4679633' lon='16.1112767'><time>2024-07-18T11:22:00.000Z</time></trkpt>
	<trkpt lat='43.46818' lon='16.1131467'><time>2024-07-18T11:23:00.000Z</time></trkpt>
	<trkpt lat='43.4733438' lon='16.1340581'><time>2024-07-18T11:35:00.000Z</time></trkpt>
	<trkpt lat='43.4831217' lon='16.17012'><time>2024-07-18T11:56:00.000Z</time></trkpt>
	<trkpt lat='43.5128033' lon='16.2222033'><time>2024-07-18T12:29:00.000Z</time></trkpt>
	<trkpt lat='43.5140866' lon='16.2239346'><time>2024-07-18T12:31:00.000Z</time></trkpt>
	<trkpt lat='43.5155559' lon='16.225086'><time>2024-07-18T12:33:00.000Z</time></trkpt>
	<trkpt lat='43.5159456' lon='16.2259819'><time>2024-07-18T12:34:00.000Z</time></trkpt>
	<trkpt lat='43.515645' lon='16.2244167'><time>2024-07-18T12:36:00.000Z</time></trkpt>
	<trkpt lat='43.5158783' lon='16.2244667'><time>2024-07-18T12:37:00.000Z</time></trkpt>
	<trkpt lat='43.5154417' lon='16.2251667'><time>2024-07-18T12:41:00.000Z</time></trkpt>
	<trkpt lat='43.5152461' lon='16.224656'><time>2024-07-22T07:18:00.000Z</time></trkpt>
	<trkpt lat='43.5162161' lon='16.226304'><time>2024-07-22T07:20:01.000Z</time></trkpt>
	<trkpt lat='43.5160236' lon='16.2265761'><time>2024-07-22T07:21:00.000Z</time></trkpt>
	<trkpt lat='43.5151345' lon='16.226387'><time>2024-07-22T07:22:00.000Z</time></trkpt>
	<trkpt lat='43.5136081' lon='16.2244013'><time>2024-07-22T07:24:00.000Z</time></trkpt>
	<trkpt lat='43.5061123' lon='16.2122655'><time>2024-07-22T07:34:00.000Z</time></trkpt>
	<trkpt lat='43.4997467' lon='16.2011967'><time>2024-07-22T07:43:00.000Z</time></trkpt>
	<trkpt lat='43.4978333' lon='16.19953'><time>2024-07-22T07:45:00.000Z</time></trkpt>
	<trkpt lat='43.4968053' lon='16.1997558'><time>2024-07-22T07:46:00.000Z</time></trkpt>
	<trkpt lat='43.4791035' lon='16.212676'><time>2024-07-22T08:04:00.000Z</time></trkpt>
	<trkpt lat='43.4782317' lon='16.2135733'><time>2024-07-22T08:05:00.000Z</time></trkpt>
	<trkpt lat='43.4483634' lon='16.2567355'><time>2024-07-22T08:43:00.000Z</time></trkpt>
	<trkpt lat='43.4455833' lon='16.261625'><time>2024-07-22T08:47:00.000Z</time></trkpt>
	<trkpt lat='43.3884576' lon='16.3431276'><time>2024-07-22T10:02:00.000Z</time></trkpt>
	<trkpt lat='43.3765928' lon='16.352105'><time>2024-07-22T10:14:00.000Z</time></trkpt>
	<trkpt lat='43.3740221' lon='16.351445'><time>2024-07-22T10:17:00.000Z</time></trkpt>
	<trkpt lat='43.3735781' lon='16.3512103'><time>2024-07-22T10:18:01.000Z</time></trkpt>
	<trkpt lat='43.373625' lon='16.3508333'><time>2024-07-22T10:19:00.000Z</time></trkpt>
	<trkpt lat='43.37395' lon='16.35122'><time>2024-07-22T10:23:00.000Z</time></trkpt>
	<trkpt lat='43.3736383' lon='16.3517217'><time>2024-07-22T11:10:22.000Z</time></trkpt>
	<trkpt lat='43.3742117' lon='16.3516833'><time>2024-07-22T11:12:00.000Z</time></trkpt>
	<trkpt lat='43.3747217' lon='16.3528583'><time>2024-07-22T11:13:00.000Z</time></trkpt>
	<trkpt lat='43.3752318' lon='16.3550914'><time>2024-07-22T11:14:00.000Z</time></trkpt>
	<trkpt lat='43.3751417' lon='16.3574033'><time>2024-07-22T11:15:00.000Z</time></trkpt>
	<trkpt lat='43.3734717' lon='16.365885'><time>2024-07-22T11:19:00.000Z</time></trkpt>
	<trkpt lat='43.3721849' lon='16.3695773'><time>2024-07-22T11:21:00.000Z</time></trkpt>
	<trkpt lat='43.3681588' lon='16.3734258'><time>2024-07-22T11:24:00.000Z</time></trkpt>
	<trkpt lat='43.3596133' lon='16.3833467'><time>2024-07-22T11:31:00.000Z</time></trkpt>
	<trkpt lat='43.3548717' lon='16.3877567'><time>2024-07-22T11:35:00.000Z</time></trkpt>
	<trkpt lat='43.3431951' lon='16.397052'><time>2024-07-22T11:45:01.000Z</time></trkpt>
	<trkpt lat='43.3386483' lon='16.3995667'><time>2024-07-22T11:49:00.000Z</time></trkpt>
	<trkpt lat='43.3345155' lon='16.4009661'><time>2024-07-22T11:52:00.000Z</time></trkpt>
	<trkpt lat='43.3332555' lon='16.4010943'><time>2024-07-22T11:53:00.000Z</time></trkpt>
	<trkpt lat='43.3263581' lon='16.4008595'><time>2024-07-22T11:59:00.000Z</time></trkpt>
	<trkpt lat='43.3217117' lon='16.3991567'><time>2024-07-22T12:03:00.000Z</time></trkpt>
	<trkpt lat='43.3193217' lon='16.4003083'><time>2024-07-22T12:05:00.000Z</time></trkpt>
	<trkpt lat='43.3182541' lon='16.4000471'><time>2024-07-22T12:06:00.000Z</time></trkpt>
	<trkpt lat='43.3119531' lon='16.3974371'><time>2024-07-22T12:12:00.000Z</time></trkpt>
	<trkpt lat='43.2075201' lon='16.3587698'><time>2024-07-22T13:30:00.000Z</time></trkpt>
	<trkpt lat='43.1917233' lon='16.3627983'><time>2024-07-22T13:43:00.000Z</time></trkpt>
	<trkpt lat='43.187998' lon='16.3694875'><time>2024-07-22T13:48:00.000Z</time></trkpt>
	<trkpt lat='43.1848461' lon='16.3763218'><time>2024-07-22T13:53:00.000Z</time></trkpt>
	<trkpt lat='43.1675267' lon='16.4255267'><time>2024-07-22T14:28:00.000Z</time></trkpt>
	<trkpt lat='43.16214' lon='16.438545'><time>2024-07-22T14:35:00.000Z</time></trkpt>
	<trkpt lat='43.1611828' lon='16.4401721'><time>2024-07-22T14:36:00.000Z</time></trkpt>
	<trkpt lat='43.1549033' lon='16.4472333'><time>2024-07-22T14:41:01.000Z</time></trkpt>
	<trkpt lat='43.1542483' lon='16.448719'><time>2024-07-22T14:42:00.000Z</time></trkpt>
	<trkpt lat='43.144775' lon='16.478285'><time>2024-07-22T14:59:00.000Z</time></trkpt>
	<trkpt lat='43.13971' lon='16.4910217'><time>2024-07-22T15:15:00.000Z</time></trkpt>
	<trkpt lat='43.1396543' lon='16.491831'><time>2024-07-22T15:16:00.000Z</time></trkpt>
	<trkpt lat='43.1408367' lon='16.49531'><time>2024-07-22T15:19:00.000Z</time></trkpt>
	<trkpt lat='43.1414883' lon='16.5010633'><time>2024-07-22T15:23:00.000Z</time></trkpt>
	<trkpt lat='43.1436733' lon='16.50966'><time>2024-07-22T15:29:00.000Z</time></trkpt>
	<trkpt lat='43.1436861' lon='16.5111493'><time>2024-07-22T15:30:00.000Z</time></trkpt>
	<trkpt lat='43.1377156' lon='16.5342688'><time>2024-07-22T15:42:00.000Z</time></trkpt>
	<trkpt lat='43.1187011' lon='16.6577101'><time>2024-07-22T16:46:00.000Z</time></trkpt>
	<trkpt lat='43.1194295' lon='16.6833468'><time>2024-07-22T17:00:00.000Z</time></trkpt>
	<trkpt lat='43.1210483' lon='16.6961791'><time>2024-07-22T17:07:00.000Z</time></trkpt>
	<trkpt lat='43.1207906' lon='16.6996051'><time>2024-07-22T17:09:00.000Z</time></trkpt>
	<trkpt lat='43.0845091' lon='16.8154276'><time>2024-07-22T18:24:00.000Z</time></trkpt>
	<trkpt lat='43.0838598' lon='16.819069'><time>2024-07-22T18:26:00.000Z</time></trkpt>
	<trkpt lat='43.0809198' lon='16.8280236'><time>2024-07-22T18:31:00.000Z</time></trkpt>
	<trkpt lat='43.0266041' lon='17.0090296'><time>2024-07-22T20:14:00.000Z</time></trkpt>
	<trkpt lat='43.0245768' lon='17.0186436'><time>2024-07-22T20:19:00.000Z</time></trkpt>
	<trkpt lat='43.024365' lon='17.0226501'><time>2024-07-22T20:21:00.000Z</time></trkpt>
	<trkpt lat='43.0253056' lon='17.0242061'><time>2024-07-22T20:22:00.000Z</time></trkpt>
	<trkpt lat='43.026915' lon='17.0255517'><time>2024-07-22T20:24:00.000Z</time></trkpt>
	<trkpt lat='43.02709' lon='17.0264717'><time>2024-07-22T20:26:00.000Z</time></trkpt>
	<trkpt lat='43.0279411' lon='17.0262218'><time>2024-07-22T20:28:00.000Z</time></trkpt>
	<trkpt lat='43.0279361' lon='17.0264268'><time>2024-07-22T20:29:00.000Z</time></trkpt>
	<trkpt lat='43.0279173' lon='17.0262113'><time>2024-07-22T20:30:00.000Z</time></trkpt>
	<trkpt lat='43.0278563' lon='17.0260483'><time>2024-07-24T08:39:00.000Z</time></trkpt>
	<trkpt lat='43.026655' lon='17.0254291'><time>2024-07-24T08:42:00.000Z</time></trkpt>
	<trkpt lat='43.0251466' lon='17.0238231'><time>2024-07-24T08:44:00.000Z</time></trkpt>
	<trkpt lat='43.0203733' lon='17.013655'><time>2024-07-24T08:52:00.000Z</time></trkpt>
	<trkpt lat='43.0135659' lon='17.0052725'><time>2024-07-24T09:07:00.000Z</time></trkpt>
	<trkpt lat='43.0119633' lon='17.0026317'><time>2024-07-24T09:13:00.000Z</time></trkpt>
	<trkpt lat='43.0109053' lon='17.0017835'><time>2024-07-24T09:16:00.000Z</time></trkpt>
	<trkpt lat='43.00993' lon='17.0017633'><time>2024-07-24T09:18:00.000Z</time></trkpt>
	<trkpt lat='43.00744' lon='17.0027217'><time>2024-07-24T09:23:00.000Z</time></trkpt>
	<trkpt lat='43.006412' lon='17.0036093'><time>2024-07-24T09:24:00.000Z</time></trkpt>
	<trkpt lat='43.004505' lon='17.00634'><time>2024-07-24T09:26:00.000Z</time></trkpt>
	<trkpt lat='42.997793' lon='17.025097'><time>2024-07-24T09:37:00.000Z</time></trkpt>
	<trkpt lat='42.9822745' lon='17.0659923'><time>2024-07-24T10:12:00.000Z</time></trkpt>
	<trkpt lat='42.9653291' lon='17.1320865'><time>2024-07-24T10:50:00.000Z</time></trkpt>
	<trkpt lat='42.964645' lon='17.1355283'><time>2024-07-24T10:52:00.000Z</time></trkpt>
	<trkpt lat='42.9648866' lon='17.1371878'><time>2024-07-24T10:53:00.000Z</time></trkpt>
	<trkpt lat='42.9669361' lon='17.1428931'><time>2024-07-24T10:56:00.000Z</time></trkpt>
	<trkpt lat='42.9657966' lon='17.143959'><time>2024-07-24T10:57:00.000Z</time></trkpt>
	<trkpt lat='42.9611817' lon='17.146425'><time>2024-07-24T11:00:00.000Z</time></trkpt>
	<trkpt lat='42.9557165' lon='17.1486585'><time>2024-07-24T11:04:00.000Z</time></trkpt>
	<trkpt lat='42.9540866' lon='17.1501451'><time>2024-07-24T11:06:00.000Z</time></trkpt>
	<trkpt lat='42.9508631' lon='17.1540806'><time>2024-07-24T11:10:00.000Z</time></trkpt>
	<trkpt lat='42.9502466' lon='17.1595998'><time>2024-07-24T11:13:00.000Z</time></trkpt>
	<trkpt lat='42.9491113' lon='17.1615015'><time>2024-07-24T11:19:00.000Z</time></trkpt>
	<trkpt lat='42.949056' lon='17.1607086'><time>2024-07-26T08:23:00.000Z</time></trkpt>
	<trkpt lat='42.9476266' lon='17.1596123'><time>2024-07-26T08:26:00.000Z</time></trkpt>
	<trkpt lat='42.9465768' lon='17.1594101'><time>2024-07-26T08:27:00.000Z</time></trkpt>
	<trkpt lat='42.9434508' lon='17.1598456'><time>2024-07-26T08:30:00.000Z</time></trkpt>
	<trkpt lat='42.9413088' lon='17.1612538'><time>2024-07-26T08:32:00.000Z</time></trkpt>
	<trkpt lat='42.9397571' lon='17.1633661'><time>2024-07-26T08:34:00.000Z</time></trkpt>
	<trkpt lat='42.9386403' lon='17.1702228'><time>2024-07-26T08:39:00.000Z</time></trkpt>
	<trkpt lat='42.9340836' lon='17.1822601'><time>2024-07-26T08:48:00.000Z</time></trkpt>
	<trkpt lat='42.93275' lon='17.1876483'><time>2024-07-26T08:52:00.000Z</time></trkpt>
	<trkpt lat='42.849935' lon='17.4556633'><time>2024-07-26T12:12:00.000Z</time></trkpt>
	<trkpt lat='42.8188033' lon='17.5555017'><time>2024-07-26T13:10:00.000Z</time></trkpt>
	<trkpt lat='42.8154468' lon='17.5646573'><time>2024-07-26T13:15:00.000Z</time></trkpt>
	<trkpt lat='42.7607767' lon='17.7430333'><time>2024-07-26T15:08:00.000Z</time></trkpt>
	<trkpt lat='42.7553233' lon='17.7781417'><time>2024-07-26T15:27:00.000Z</time></trkpt>
	<trkpt lat='42.7617303' lon='17.7958071'><time>2024-07-26T15:38:00.000Z</time></trkpt>
	<trkpt lat='42.7735733' lon='17.8675867'><time>2024-07-26T16:18:00.000Z</time></trkpt>
	<trkpt lat='42.7751883' lon='17.8721417'><time>2024-07-26T16:22:00.000Z</time></trkpt>
	<trkpt lat='42.781425' lon='17.879815'><time>2024-07-26T16:36:00.000Z</time></trkpt>
	<trkpt lat='42.7847458' lon='17.8844841'><time>2024-07-26T16:40:00.000Z</time></trkpt>
	<trkpt lat='42.7858776' lon='17.884986'><time>2024-07-26T16:47:00.000Z</time></trkpt>
	<trkpt lat='42.7856933' lon='17.8851033'><time>2024-07-29T07:19:00.000Z</time></trkpt>
	<trkpt lat='42.782419' lon='17.882424'><time>2024-07-29T07:24:00.000Z</time></trkpt>
	<trkpt lat='42.775249' lon='17.8730555'><time>2024-07-29T07:32:00.000Z</time></trkpt>
	<trkpt lat='42.77411' lon='17.8720178'><time>2024-07-29T07:33:00.000Z</time></trkpt>
	<trkpt lat='42.7715346' lon='17.870874'><time>2024-07-29T07:35:00.000Z</time></trkpt>
	<trkpt lat='42.7679883' lon='17.8709117'><time>2024-07-29T07:38:00.000Z</time></trkpt>
	<trkpt lat='42.7656845' lon='17.8715713'><time>2024-07-29T07:40:00.000Z</time></trkpt>
	<trkpt lat='42.7617098' lon='17.8747115'><time>2024-07-29T07:44:00.000Z</time></trkpt>
	<trkpt lat='42.754475' lon='17.881795'><time>2024-07-29T07:52:00.000Z</time></trkpt>
	<trkpt lat='42.7196986' lon='17.9195613'><time>2024-07-29T08:32:00.000Z</time></trkpt>
	<trkpt lat='42.718796' lon='17.9203618'><time>2024-07-29T08:33:00.000Z</time></trkpt>
	<trkpt lat='42.7157883' lon='17.9217617'><time>2024-07-29T08:36:00.000Z</time></trkpt>
	<trkpt lat='42.7135688' lon='17.9221861'><time>2024-07-29T08:38:00.000Z</time></trkpt>
	<trkpt lat='42.71134' lon='17.921975'><time>2024-07-29T08:40:00.000Z</time></trkpt>
	<trkpt lat='42.7051683' lon='17.9178133'><time>2024-07-29T08:46:00.000Z</time></trkpt>
	<trkpt lat='42.68024' lon='17.9024983'><time>2024-07-29T09:08:00.000Z</time></trkpt>
	<trkpt lat='42.523795' lon='17.8069033'><time>2024-07-29T11:39:00.000Z</time></trkpt>
	<trkpt lat='42.4014567' lon='17.7324533'><time>2024-07-29T13:05:00.000Z</time></trkpt>
	<trkpt lat='42.3999167' lon='17.7319067'><time>2024-07-29T13:06:00.000Z</time></trkpt>
	<trkpt lat='42.3329233' lon='17.6908567'><time>2024-07-29T13:51:00.000Z</time></trkpt>
	<trkpt lat='42.3266817' lon='17.6873083'><time>2024-07-29T13:55:00.000Z</time></trkpt>
	<trkpt lat='42.3236017' lon='17.6851267'><time>2024-07-29T13:57:00.000Z</time></trkpt>
	<trkpt lat='42.320115' lon='17.6833017'><time>2024-07-29T13:59:00.000Z</time></trkpt>
	<trkpt lat='42.2915767' lon='17.6660483'><time>2024-07-29T14:15:00.000Z</time></trkpt>
	<trkpt lat='42.2827683' lon='17.6603283'><time>2024-07-29T14:20:00.000Z</time></trkpt>
	<trkpt lat='42.280905' lon='17.659415'><time>2024-07-29T14:21:00.000Z</time></trkpt>
	<trkpt lat='42.278135' lon='17.6608583'><time>2024-07-29T14:23:01.000Z</time></trkpt>
	<trkpt lat='42.2767133' lon='17.6602167'><time>2024-07-29T14:24:00.000Z</time></trkpt>
	<trkpt lat='42.2693883' lon='17.6553833'><time>2024-07-29T14:29:00.000Z</time></trkpt>
	<trkpt lat='42.2449117' lon='17.6402683'><time>2024-07-29T14:44:01.000Z</time></trkpt>
	<trkpt lat='42.2385817' lon='17.636735'><time>2024-07-29T14:48:00.000Z</time></trkpt>
	<trkpt lat='42.2225233' lon='17.6269183'><time>2024-07-29T14:58:00.000Z</time></trkpt>
	<trkpt lat='42.2034983' lon='17.6165317'><time>2024-07-29T15:10:00.000Z</time></trkpt>
	<trkpt lat='42.19727' lon='17.613555'><time>2024-07-29T15:14:00.000Z</time></trkpt>
	<trkpt lat='42.1926917' lon='17.6105233'><time>2024-07-29T15:17:00.000Z</time></trkpt>
	<trkpt lat='42.1847383' lon='17.6060033'><time>2024-07-29T15:22:00.000Z</time></trkpt>
	<trkpt lat='42.1818283' lon='17.603815'><time>2024-07-29T15:24:00.000Z</time></trkpt>
	<trkpt lat='42.178585' lon='17.6026433'><time>2024-07-29T15:26:00.000Z</time></trkpt>
	<trkpt lat='42.1727917' lon='17.59857'><time>2024-07-29T15:30:00.000Z</time></trkpt>
	<trkpt lat='42.1696467' lon='17.5970983'><time>2024-07-29T15:32:00.000Z</time></trkpt>
	<trkpt lat='42.1633783' lon='17.5934433'><time>2024-07-29T15:36:00.000Z</time></trkpt>
	<trkpt lat='42.0910283' lon='17.5490583'><time>2024-07-29T16:23:00.000Z</time></trkpt>
	<trkpt lat='42.089415' lon='17.5492033'><time>2024-07-29T16:24:00.000Z</time></trkpt>
	<trkpt lat='42.0862467' lon='17.550585'><time>2024-07-29T16:26:00.000Z</time></trkpt>
	<trkpt lat='42.0730267' lon='17.5551467'><time>2024-07-29T16:34:00.000Z</time></trkpt>
	<trkpt lat='42.05602' lon='17.5604083'><time>2024-07-29T16:44:00.000Z</time></trkpt>
	<trkpt lat='42.032295' lon='17.5589767'><time>2024-07-29T16:57:00.000Z</time></trkpt>
	<trkpt lat='41.8980783' lon='17.5527033'><time>2024-07-29T18:10:01.000Z</time></trkpt>
	<trkpt lat='41.8794283' lon='17.5442083'><time>2024-07-29T18:20:00.000Z</time></trkpt>
	<trkpt lat='41.86795' lon='17.5394567'><time>2024-07-29T18:26:00.000Z</time></trkpt>
	<trkpt lat='41.8660633' lon='17.5383617'><time>2024-07-29T18:27:01.000Z</time></trkpt>
	<trkpt lat='41.80485' lon='17.51172'><time>2024-07-29T19:00:00.000Z</time></trkpt>
	<trkpt lat='41.799385' lon='17.5090717'><time>2024-07-29T19:03:00.000Z</time></trkpt>
	<trkpt lat='41.7538' lon='17.48934'><time>2024-07-29T19:29:00.000Z</time></trkpt>
	<trkpt lat='41.750345' lon='17.48753'><time>2024-07-29T19:31:00.000Z</time></trkpt>
	<trkpt lat='41.7379933' lon='17.48233'><time>2024-07-29T19:38:00.000Z</time></trkpt>
	<trkpt lat='41.734445' lon='17.4804583'><time>2024-07-29T19:40:00.000Z</time></trkpt>
	<trkpt lat='41.7273067' lon='17.477785'><time>2024-07-29T19:44:00.000Z</time></trkpt>
	<trkpt lat='41.7148517' lon='17.471895'><time>2024-07-29T19:51:00.000Z</time></trkpt>
	<trkpt lat='41.7005733' lon='17.4660967'><time>2024-07-29T19:59:00.000Z</time></trkpt>
	<trkpt lat='41.681095' lon='17.45735'><time>2024-07-29T20:10:00.000Z</time></trkpt>
	<trkpt lat='41.65929' lon='17.448045'><time>2024-07-29T20:22:00.000Z</time></trkpt>
	<trkpt lat='41.6464683' lon='17.4419967'><time>2024-07-29T20:29:00.000Z</time></trkpt>
	<trkpt lat='41.6427017' lon='17.4406617'><time>2024-07-29T20:31:00.000Z</time></trkpt>
	<trkpt lat='41.6317533' lon='17.4359217'><time>2024-07-29T20:37:00.000Z</time></trkpt>
	<trkpt lat='41.6281667' lon='17.433875'><time>2024-07-29T20:39:00.000Z</time></trkpt>
	<trkpt lat='41.6243433' lon='17.4326367'><time>2024-07-29T20:41:00.000Z</time></trkpt>
	<trkpt lat='41.6168433' lon='17.42935'><time>2024-07-29T20:45:00.000Z</time></trkpt>
	<trkpt lat='41.6074767' lon='17.4258933'><time>2024-07-29T20:50:00.000Z</time></trkpt>
	<trkpt lat='41.591705' lon='17.4286883'><time>2024-07-29T20:59:00.000Z</time></trkpt>
	<trkpt lat='41.5881067' lon='17.4288'><time>2024-07-29T21:01:00.000Z</time></trkpt>
	<trkpt lat='41.5848983' lon='17.4297417'><time>2024-07-29T21:03:00.000Z</time></trkpt>
	<trkpt lat='41.573895' lon='17.43157'><time>2024-07-29T21:09:00.000Z</time></trkpt>
	<trkpt lat='41.57211' lon='17.4317433'><time>2024-07-29T21:10:00.000Z</time></trkpt>
	<trkpt lat='41.57058' lon='17.431155'><time>2024-07-29T21:11:00.000Z</time></trkpt>
	<trkpt lat='41.5694233' lon='17.4315083'><time>2024-07-29T21:12:00.000Z</time></trkpt>
	<trkpt lat='41.567645' lon='17.4313183'><time>2024-07-29T21:13:00.000Z</time></trkpt>
	<trkpt lat='41.5626933' lon='17.43259'><time>2024-07-29T21:16:00.000Z</time></trkpt>
	<trkpt lat='41.5513233' lon='17.4342133'><time>2024-07-29T21:23:00.000Z</time></trkpt>
	<trkpt lat='41.5480383' lon='17.4350233'><time>2024-07-29T21:25:00.000Z</time></trkpt>
	<trkpt lat='41.5070917' lon='17.4416983'><time>2024-07-29T21:50:00.000Z</time></trkpt>
	<trkpt lat='41.496985' lon='17.4436067'><time>2024-07-29T21:56:00.000Z</time></trkpt>
	<trkpt lat='41.4936667' lon='17.4441533'><time>2024-07-29T21:58:01.000Z</time></trkpt>
	<trkpt lat='41.4920383' lon='17.4441'><time>2024-07-29T21:59:00.000Z</time></trkpt>
	<trkpt lat='41.4885583' lon='17.4449883'><time>2024-07-29T22:01:00.000Z</time></trkpt>
	<trkpt lat='41.4801033' lon='17.4464233'><time>2024-07-29T22:06:00.000Z</time></trkpt>
	<trkpt lat='41.4600167' lon='17.4494967'><time>2024-07-29T22:18:00.000Z</time></trkpt>
	<trkpt lat='41.4340333' lon='17.45411'><time>2024-07-29T22:34:01.000Z</time></trkpt>
	<trkpt lat='41.429215' lon='17.45464'><time>2024-07-29T22:37:00.000Z</time></trkpt>
	<trkpt lat='41.424385' lon='17.4557167'><time>2024-07-29T22:40:00.000Z</time></trkpt>
	<trkpt lat='41.3506517' lon='17.467875'><time>2024-07-29T23:24:00.000Z</time></trkpt>
	<trkpt lat='41.3341683' lon='17.4806617'><time>2024-07-29T23:35:01.000Z</time></trkpt>
	<trkpt lat='41.332655' lon='17.4815283'><time>2024-07-29T23:36:00.000Z</time></trkpt>
	<trkpt lat='41.32865' lon='17.4851467'><time>2024-07-29T23:39:00.000Z</time></trkpt>
	<trkpt lat='41.310435' lon='17.499185'><time>2024-07-29T23:52:00.000Z</time></trkpt>
	<trkpt lat='41.3064183' lon='17.502615'><time>2024-07-29T23:55:00.000Z</time></trkpt>
	<trkpt lat='41.2813133' lon='17.5222'><time>2024-07-30T00:13:01.000Z</time></trkpt>
	<trkpt lat='41.2800667' lon='17.5235033'><time>2024-07-30T00:14:00.000Z</time></trkpt>
	<trkpt lat='41.0503733' lon='17.703455'><time>2024-07-30T03:06:00.000Z</time></trkpt>
	<trkpt lat='41.0382817' lon='17.7102083'><time>2024-07-30T03:15:00.000Z</time></trkpt>
	<trkpt lat='41.0291533' lon='17.714575'><time>2024-07-30T03:22:00.000Z</time></trkpt>
	<trkpt lat='41.018' lon='17.72095'><time>2024-07-30T03:31:00.000Z</time></trkpt>
	<trkpt lat='41.01126' lon='17.7239633'><time>2024-07-30T03:36:02.000Z</time></trkpt>
	<trkpt lat='40.9903' lon='17.73488'><time>2024-07-30T03:52:00.000Z</time></trkpt>
	<trkpt lat='40.97511' lon='17.74144'><time>2024-07-30T04:03:00.000Z</time></trkpt>
	<trkpt lat='40.936825' lon='17.756315'><time>2024-07-30T04:31:00.000Z</time></trkpt>
	<trkpt lat='40.9257367' lon='17.76104'><time>2024-07-30T04:40:00.000Z</time></trkpt>
	<trkpt lat='40.905635' lon='17.7702717'><time>2024-07-30T04:57:00.000Z</time></trkpt>
	<trkpt lat='40.8884667' lon='17.777455'><time>2024-07-30T05:11:00.000Z</time></trkpt>
	<trkpt lat='40.8801467' lon='17.7803383'><time>2024-07-30T05:18:00.000Z</time></trkpt>
	<trkpt lat='40.8723383' lon='17.7834883'><time>2024-07-30T05:25:00.000Z</time></trkpt>
	<trkpt lat='40.8482817' lon='17.7965133'><time>2024-07-30T05:47:00.000Z</time></trkpt>
	<trkpt lat='40.8394917' lon='17.8006183'><time>2024-07-30T05:55:00.000Z</time></trkpt>
	<trkpt lat='40.82996' lon='17.8060083'><time>2024-07-30T06:04:00.000Z</time></trkpt>
	<trkpt lat='40.822345' lon='17.8094433'><time>2024-07-30T06:11:00.000Z</time></trkpt>
	<trkpt lat='40.8168828' lon='17.812469'><time>2024-07-30T06:16:00.000Z</time></trkpt>
	<trkpt lat='40.8066217' lon='17.81667'><time>2024-07-30T06:25:00.000Z</time></trkpt>
	<trkpt lat='40.7942917' lon='17.822395'><time>2024-07-30T06:36:00.000Z</time></trkpt>
	<trkpt lat='40.7921667' lon='17.82365'><time>2024-07-30T06:38:00.000Z</time></trkpt>
	<trkpt lat='40.7829883' lon='17.834655'><time>2024-07-30T06:48:00.000Z</time></trkpt>
	<trkpt lat='40.7769267' lon='17.8407317'><time>2024-07-30T06:54:00.000Z</time></trkpt>
	<trkpt lat='40.7673783' lon='17.8493738'><time>2024-07-30T07:03:00.000Z</time></trkpt>
	<trkpt lat='40.7638206' lon='17.8531833'><time>2024-07-30T07:07:00.000Z</time></trkpt>
	<trkpt lat='40.6659783' lon='17.9981567'><time>2024-07-30T08:39:00.000Z</time></trkpt>
	<trkpt lat='40.6647474' lon='17.9992881'><time>2024-07-30T08:40:00.000Z</time></trkpt>
	<trkpt lat='40.66288' lon='17.9986333'><time>2024-07-30T08:42:00.000Z</time></trkpt>
	<trkpt lat='40.66221' lon='17.9976317'><time>2024-07-30T08:43:00.000Z</time></trkpt>
	<trkpt lat='40.6611783' lon='17.994555'><time>2024-07-30T08:45:00.000Z</time></trkpt>
	<trkpt lat='40.660245' lon='17.9875733'><time>2024-07-30T08:49:00.000Z</time></trkpt>
	<trkpt lat='40.6588667' lon='17.9830017'><time>2024-07-30T08:52:00.000Z</time></trkpt>
	<trkpt lat='40.6564467' lon='17.97753'><time>2024-07-30T08:56:00.000Z</time></trkpt>
	<trkpt lat='40.65108' lon='17.9672183'><time>2024-07-30T09:05:00.000Z</time></trkpt>
	<trkpt lat='40.6507383' lon='17.9636167'><time>2024-07-30T09:08:00.000Z</time></trkpt>
	<trkpt lat='40.6494135' lon='17.9599595'><time>2024-07-30T09:11:00.000Z</time></trkpt>
	<trkpt lat='40.6469617' lon='17.9547717'><time>2024-07-30T09:15:00.000Z</time></trkpt>
	<trkpt lat='40.6439336' lon='17.9498438'><time>2024-07-30T09:19:00.000Z</time></trkpt>
	<trkpt lat='40.6432867' lon='17.9474733'><time>2024-07-30T09:21:00.000Z</time></trkpt>
	<trkpt lat='40.6433917' lon='17.9464317'><time>2024-07-30T09:22:00.000Z</time></trkpt>
	<trkpt lat='40.6440933' lon='17.94499'><time>2024-07-30T09:24:00.000Z</time></trkpt>
	<trkpt lat='40.6443911' lon='17.9452181'><time>2024-07-30T09:26:00.000Z</time></trkpt>
	<trkpt lat='40.6443133' lon='17.9448646'><time>2024-07-30T09:28:00.000Z</time></trkpt>
	<trkpt lat='40.6440651' lon='17.946629'><time>2024-08-04T07:25:00.000Z</time></trkpt>
	<trkpt lat='40.6438345' lon='17.9464388'><time>2024-08-04T07:26:47.000Z</time></trkpt>
	<trkpt lat='40.6429795' lon='17.9474171'><time>2024-08-04T07:28:00.000Z</time></trkpt>
	<trkpt lat='40.6432735' lon='17.9495335'><time>2024-08-04T07:30:00.000Z</time></trkpt>
	<trkpt lat='40.6456656' lon='17.9527893'><time>2024-08-04T07:36:00.000Z</time></trkpt>
	<trkpt lat='40.648185' lon='17.9554067'><time>2024-08-04T07:40:00.000Z</time></trkpt>
	<trkpt lat='40.649665' lon='17.9562833'><time>2024-08-04T07:42:00.000Z</time></trkpt>
	<trkpt lat='40.6506116' lon='17.957335'><time>2024-08-04T07:43:00.000Z</time></trkpt>
	<trkpt lat='40.6511543' lon='17.9588825'><time>2024-08-04T07:44:00.000Z</time></trkpt>
	<trkpt lat='40.6516016' lon='17.9604785'><time>2024-08-04T07:45:00.000Z</time></trkpt>
	<trkpt lat='40.6519133' lon='17.9675583'><time>2024-08-04T07:49:00.000Z</time></trkpt>
	<trkpt lat='40.6523311' lon='17.9691695'><time>2024-08-04T07:50:00.000Z</time></trkpt>
	<trkpt lat='40.6555511' lon='17.976724'><time>2024-08-04T07:55:00.000Z</time></trkpt>
	<trkpt lat='40.6595983' lon='17.9889817'><time>2024-08-04T08:02:00.000Z</time></trkpt>
	<trkpt lat='40.6605533' lon='17.9943767'><time>2024-08-04T08:05:00.000Z</time></trkpt>
	<trkpt lat='40.6603536' lon='18.001506'><time>2024-08-04T08:09:00.000Z</time></trkpt>
	<trkpt lat='40.655965' lon='18.0285383'><time>2024-08-04T08:22:00.000Z</time></trkpt>
	<trkpt lat='40.5285483' lon='18.1815117'><time>2024-08-04T10:21:00.000Z</time></trkpt>
	<trkpt lat='40.4070785' lon='18.3262801'><time>2024-08-04T12:15:00.000Z</time></trkpt>
	<trkpt lat='40.4039666' lon='18.3300946'><time>2024-08-04T12:18:00.000Z</time></trkpt>
	<trkpt lat='40.40211' lon='18.3329283'><time>2024-08-04T12:20:00.000Z</time></trkpt>
	<trkpt lat='40.3762526' lon='18.3635268'><time>2024-08-04T12:45:00.000Z</time></trkpt>
	<trkpt lat='40.3074436' lon='18.4308761'><time>2024-08-04T13:50:00.000Z</time></trkpt>
	<trkpt lat='40.300763' lon='18.4379906'><time>2024-08-04T13:56:00.000Z</time></trkpt>
	<trkpt lat='40.2580988' lon='18.4789963'><time>2024-08-04T14:32:00.000Z</time></trkpt>
	<trkpt lat='40.2568098' lon='18.4795191'><time>2024-08-04T14:33:00.000Z</time></trkpt>
	<trkpt lat='40.2540983' lon='18.479561'><time>2024-08-04T14:35:00.000Z</time></trkpt>
	<trkpt lat='40.1582321' lon='18.4948428'><time>2024-08-04T15:46:00.000Z</time></trkpt>
	<trkpt lat='40.1513567' lon='18.5032733'><time>2024-08-04T15:53:00.000Z</time></trkpt>
	<trkpt lat='40.1422001' lon='18.5157184'><time>2024-08-04T16:03:00.000Z</time></trkpt>
	<trkpt lat='40.1399033' lon='18.51796'><time>2024-08-04T16:05:00.000Z</time></trkpt>
	<trkpt lat='40.1373033' lon='18.5192017'><time>2024-08-04T16:07:00.000Z</time></trkpt>
	<trkpt lat='40.1318035' lon='18.5207678'><time>2024-08-04T16:11:00.000Z</time></trkpt>
	<trkpt lat='40.1075117' lon='18.52468'><time>2024-08-04T16:28:00.000Z</time></trkpt>
	<trkpt lat='40.1047425' lon='18.522868'><time>2024-08-04T16:30:00.000Z</time></trkpt>
	<trkpt lat='40.0728567' lon='18.5055767'><time>2024-08-04T16:58:00.000Z</time></trkpt>
	<trkpt lat='40.0436983' lon='18.4839283'><time>2024-08-04T17:25:00.000Z</time></trkpt>
	<trkpt lat='39.99822' lon='18.4321353'><time>2024-08-04T18:12:00.000Z</time></trkpt>
	<trkpt lat='39.9975916' lon='18.43094'><time>2024-08-04T18:13:00.000Z</time></trkpt>
	<trkpt lat='39.9974126' lon='18.4280173'><time>2024-08-04T18:15:00.000Z</time></trkpt>
	<trkpt lat='39.9979531' lon='18.4247503'><time>2024-08-04T18:18:00.000Z</time></trkpt>
	<trkpt lat='39.9982533' lon='18.42459'><time>2024-08-04T18:19:00.000Z</time></trkpt>
	<trkpt lat='39.99856' lon='18.42491'><time>2024-08-04T18:20:00.000Z</time></trkpt>
	<trkpt lat='39.9975023' lon='18.4242241'><time>2024-08-04T18:25:00.000Z</time></trkpt>
	<trkpt lat='39.9977091' lon='18.4245495'><time>2024-08-04T18:29:00.000Z</time></trkpt>
	<trkpt lat='39.99774' lon='18.42442'><time>2024-08-05T06:40:00.000Z</time></trkpt>
	<trkpt lat='39.9963067' lon='18.4326883'><time>2024-08-05T06:47:00.000Z</time></trkpt>
	<trkpt lat='39.9909808' lon='18.4488833'><time>2024-08-05T06:57:00.000Z</time></trkpt>
	<trkpt lat='39.9638917' lon='18.6176067'><time>2024-08-05T08:25:00.000Z</time></trkpt>
	<trkpt lat='39.9620721' lon='18.6273206'><time>2024-08-05T08:29:00.000Z</time></trkpt>
	<trkpt lat='39.9463967' lon='18.724735'><time>2024-08-05T09:08:00.000Z</time></trkpt>
	<trkpt lat='39.9405271' lon='18.7590731'><time>2024-08-05T09:22:00.000Z</time></trkpt>
	<trkpt lat='39.9332167' lon='18.8058683'><time>2024-08-05T09:41:01.000Z</time></trkpt>
	<trkpt lat='39.924795' lon='18.8548717'><time>2024-08-05T10:01:00.000Z</time></trkpt>
	<trkpt lat='39.920125' lon='18.884465'><time>2024-08-05T10:13:00.000Z</time></trkpt>
	<trkpt lat='39.9155436' lon='18.9012271'><time>2024-08-05T10:20:00.000Z</time></trkpt>
	<trkpt lat='39.910161' lon='18.9251231'><time>2024-08-05T10:30:00.000Z</time></trkpt>
	<trkpt lat='39.908525' lon='18.9370517'><time>2024-08-05T10:35:00.000Z</time></trkpt>
	<trkpt lat='39.904145' lon='18.9635567'><time>2024-08-05T10:46:00.000Z</time></trkpt>
	<trkpt lat='39.8972708' lon='18.9911541'><time>2024-08-05T10:58:00.000Z</time></trkpt>
	<trkpt lat='39.8905311' lon='19.0241181'><time>2024-08-05T11:13:00.000Z</time></trkpt>
	<trkpt lat='39.8846617' lon='19.064675'><time>2024-08-05T11:31:00.000Z</time></trkpt>
	<trkpt lat='39.8813838' lon='19.0848566'><time>2024-08-05T11:40:00.000Z</time></trkpt>
	<trkpt lat='39.8806433' lon='19.09147'><time>2024-08-05T11:43:00.000Z</time></trkpt>
	<trkpt lat='39.8723798' lon='19.1440476'><time>2024-08-05T12:07:00.000Z</time></trkpt>
	<trkpt lat='39.84093' lon='19.35077'><time>2024-08-05T13:47:00.000Z</time></trkpt>
	<trkpt lat='39.8377417' lon='19.3707217'><time>2024-08-05T13:58:00.000Z</time></trkpt>
	<trkpt lat='39.8360176' lon='19.3771008'><time>2024-08-05T14:01:00.000Z</time></trkpt>
	<trkpt lat='39.8334233' lon='19.3905536'><time>2024-08-05T14:07:00.000Z</time></trkpt>
	<trkpt lat='39.8332617' lon='19.396545'><time>2024-08-05T14:10:00.000Z</time></trkpt>
	<trkpt lat='39.8344' lon='19.3999096'><time>2024-08-05T14:13:00.000Z</time></trkpt>
	<trkpt lat='39.8368308' lon='19.4024491'><time>2024-08-05T14:16:00.000Z</time></trkpt>
	<trkpt lat='39.8397903' lon='19.4029891'><time>2024-08-05T14:20:00.000Z</time></trkpt>
	<trkpt lat='39.8395858' lon='19.4028905'><time>2024-08-05T14:21:00.000Z</time></trkpt>
	<trkpt lat='39.8389183' lon='19.4036317'><time>2024-08-05T14:22:00.000Z</time></trkpt>
	<trkpt lat='39.838326' lon='19.4046406'><time>2024-08-05T14:23:00.000Z</time></trkpt>
	<trkpt lat='39.838586' lon='19.4056238'><time>2024-08-05T14:24:00.000Z</time></trkpt>
	<trkpt lat='39.839425' lon='19.4056033'><time>2024-08-05T14:28:00.000Z</time></trkpt>
	<trkpt lat='39.838525' lon='19.406065'><time>2024-08-05T14:30:00.000Z</time></trkpt>
	<trkpt lat='39.876875' lon='19.5857817'><time>2024-08-06T09:22:00.000Z</time></trkpt>
	<trkpt lat='39.87574' lon='19.5850217'><time>2024-08-06T09:25:00.000Z</time></trkpt>
	<trkpt lat='39.873955' lon='19.5876083'><time>2024-08-06T09:28:00.000Z</time></trkpt>
	<trkpt lat='39.8732967' lon='19.5903117'><time>2024-08-06T09:30:00.000Z</time></trkpt>
	<trkpt lat='39.86466' lon='19.6399483'><time>2024-08-06T10:03:00.000Z</time></trkpt>
	<trkpt lat='39.8251383' lon='19.8599467'><time>2024-08-06T12:42:00.000Z</time></trkpt>
	<trkpt lat='39.8219417' lon='19.8695733'><time>2024-08-06T12:48:01.000Z</time></trkpt>
	<trkpt lat='39.8195133' lon='19.8796983'><time>2024-08-06T12:54:00.000Z</time></trkpt>
	<trkpt lat='39.78682' lon='19.9529583'><time>2024-08-06T13:45:00.000Z</time></trkpt>
	<trkpt lat='39.785845' lon='19.9542117'><time>2024-08-06T13:46:00.000Z</time></trkpt>
	<trkpt lat='39.7830833' lon='19.95552'><time>2024-08-06T13:48:01.000Z</time></trkpt>
	<trkpt lat='39.7721067' lon='19.9621933'><time>2024-08-06T13:58:00.000Z</time></trkpt>
	<trkpt lat='39.7713333' lon='19.9623317'><time>2024-08-06T13:59:00.000Z</time></trkpt>
	<trkpt lat='39.6571643' lon='19.9410976'><time>2024-08-06T15:37:00.000Z</time></trkpt>
	<trkpt lat='39.6429864' lon='19.9137996'><time>2024-08-06T15:56:00.000Z</time></trkpt>
	<trkpt lat='39.6351911' lon='19.896079'><time>2024-08-06T16:08:00.000Z</time></trkpt>
	<trkpt lat='39.6330767' lon='19.89283'><time>2024-08-06T16:11:00.000Z</time></trkpt>
	<trkpt lat='39.6328567' lon='19.892165'><time>2024-08-06T16:12:00.000Z</time></trkpt>
	<trkpt lat='39.6331671' lon='19.891801'><time>2024-08-06T16:14:00.000Z</time></trkpt>
	<trkpt lat='39.6329133' lon='19.8919467'><time>2024-08-06T16:17:00.000Z</time></trkpt>
	<trkpt lat='39.6332255' lon='19.8917226'><time>2024-08-08T11:22:23.000Z</time></trkpt>
	<trkpt lat='39.632802' lon='19.8932783'><time>2024-08-08T11:25:00.000Z</time></trkpt>
	<trkpt lat='39.6333917' lon='19.8944917'><time>2024-08-08T11:27:00.000Z</time></trkpt>
	<trkpt lat='39.635435' lon='19.8959567'><time>2024-08-08T11:30:00.000Z</time></trkpt>
	<trkpt lat='39.6410048' lon='19.9016681'><time>2024-08-08T11:37:00.000Z</time></trkpt>
	<trkpt lat='39.6432473' lon='19.9047103'><time>2024-08-08T11:41:00.000Z</time></trkpt>
	<trkpt lat='39.6407738' lon='19.9052705'><time>2024-08-08T11:44:00.000Z</time></trkpt>
	<trkpt lat='39.6350503' lon='19.908367'><time>2024-08-08T11:51:00.000Z</time></trkpt>
	<trkpt lat='39.6389733' lon='19.9145383'><time>2024-08-08T11:59:00.000Z</time></trkpt>
	<trkpt lat='39.6376295' lon='19.9146883'><time>2024-08-08T12:01:00.000Z</time></trkpt>
	<trkpt lat='39.63532' lon='19.91597'><time>2024-08-08T12:04:00.000Z</time></trkpt>
	<trkpt lat='39.6337533' lon='19.9171417'><time>2024-08-08T12:06:00.000Z</time></trkpt>
	<trkpt lat='39.6323917' lon='19.918845'><time>2024-08-08T12:08:00.000Z</time></trkpt>
	<trkpt lat='39.6298567' lon='19.923225'><time>2024-08-08T12:13:00.000Z</time></trkpt>
	<trkpt lat='39.6285628' lon='19.9285706'><time>2024-08-08T12:18:00.000Z</time></trkpt>
	<trkpt lat='39.6268783' lon='19.9337333'><time>2024-08-08T12:23:00.000Z</time></trkpt>
	<trkpt lat='39.6248383' lon='19.937005'><time>2024-08-08T12:28:00.000Z</time></trkpt>
	<trkpt lat='39.621185' lon='19.93974'><time>2024-08-08T12:33:00.000Z</time></trkpt>
	<trkpt lat='39.5025917' lon='19.9922467'><time>2024-08-08T14:52:00.000Z</time></trkpt>
	<trkpt lat='39.4728371' lon='20.0052601'><time>2024-08-08T15:16:00.000Z</time></trkpt>
	<trkpt lat='39.4703398' lon='20.0060426'><time>2024-08-08T15:18:00.000Z</time></trkpt>
	<trkpt lat='39.4643098' lon='20.0089931'><time>2024-08-08T15:23:00.000Z</time></trkpt>
	<trkpt lat='39.4463538' lon='20.0134701'><time>2024-08-08T15:38:00.000Z</time></trkpt>
	<trkpt lat='39.4452183' lon='20.0135583'><time>2024-08-08T15:39:00.000Z</time></trkpt>
	<trkpt lat='39.4428967' lon='20.0130583'><time>2024-08-08T15:41:00.000Z</time></trkpt>
	<trkpt lat='39.4388825' lon='20.0117483'><time>2024-08-08T15:50:00.000Z</time></trkpt>
	<trkpt lat='39.4392053' lon='20.0118778'><time>2024-08-09T10:11:00.000Z</time></trkpt>
	<trkpt lat='39.4391233' lon='20.0115867'><time>2024-08-09T10:12:00.000Z</time></trkpt>
	<trkpt lat='39.4401267' lon='20.011905'><time>2024-08-09T10:14:00.000Z</time></trkpt>
	<trkpt lat='39.440734' lon='20.012906'><time>2024-08-09T10:15:00.000Z</time></trkpt>
	<trkpt lat='39.44989' lon='20.030795'><time>2024-08-09T10:28:00.000Z</time></trkpt>
	<trkpt lat='39.4608933' lon='20.0533317'><time>2024-08-09T10:43:00.000Z</time></trkpt>
	<trkpt lat='39.4614883' lon='20.0565133'><time>2024-08-09T10:45:00.000Z</time></trkpt>
	<trkpt lat='39.4675067' lon='20.0682733'><time>2024-08-09T10:53:00.000Z</time></trkpt>
	<trkpt lat='39.4682517' lon='20.0715067'><time>2024-08-09T10:55:00.000Z</time></trkpt>
	<trkpt lat='39.4678221' lon='20.0747726'><time>2024-08-09T10:57:00.000Z</time></trkpt>
	<trkpt lat='39.465025' lon='20.078085'><time>2024-08-09T11:03:00.000Z</time></trkpt>
	<trkpt lat='39.4424874' lon='20.1090466'><time>2024-08-09T11:31:00.000Z</time></trkpt>
	<trkpt lat='39.4425816' lon='20.1104086'><time>2024-08-09T11:33:01.000Z</time></trkpt>
	<trkpt lat='39.43474' lon='20.1206383'><time>2024-08-09T11:43:00.000Z</time></trkpt>
	<trkpt lat='39.4331406' lon='20.1226565'><time>2024-08-09T11:45:00.000Z</time></trkpt>
	<trkpt lat='39.4319833' lon='20.1215367'><time>2024-08-09T11:47:00.000Z</time></trkpt>
	<trkpt lat='39.4309238' lon='20.1211248'><time>2024-08-09T11:48:00.000Z</time></trkpt>
	<trkpt lat='39.418785' lon='20.1375667'><time>2024-08-09T12:03:00.000Z</time></trkpt>
	<trkpt lat='39.4025767' lon='20.144195'><time>2024-08-09T12:24:00.000Z</time></trkpt>
	<trkpt lat='39.3965367' lon='20.1474833'><time>2024-08-09T12:30:00.000Z</time></trkpt>
	<trkpt lat='39.3913733' lon='20.1514683'><time>2024-08-09T12:36:00.000Z</time></trkpt>
	<trkpt lat='39.3892888' lon='20.1545379'><time>2024-08-09T12:40:00.000Z</time></trkpt>
	<trkpt lat='39.3864083' lon='20.15768'><time>2024-08-09T12:44:00.000Z</time></trkpt>
	<trkpt lat='39.3847783' lon='20.1589867'><time>2024-08-09T12:46:00.000Z</time></trkpt>
	<trkpt lat='39.3803124' lon='20.1643221'><time>2024-08-09T12:52:00.000Z</time></trkpt>
	<trkpt lat='39.3785143' lon='20.166941'><time>2024-08-09T12:55:00.000Z</time></trkpt>
	<trkpt lat='39.3775286' lon='20.169021'><time>2024-08-09T12:57:00.000Z</time></trkpt>
	<trkpt lat='39.3746867' lon='20.1726'><time>2024-08-09T13:03:00.000Z</time></trkpt>
	<trkpt lat='39.3757617' lon='20.1741933'><time>2024-08-09T13:09:00.000Z</time></trkpt>
	<trkpt lat='39.3756098' lon='20.1750235'><time>2024-08-09T13:12:00.000Z</time></trkpt>
	<trkpt lat='39.3588461' lon='20.2012563'><time>2024-08-09T13:35:00.000Z</time></trkpt>
	<trkpt lat='39.3207396' lon='20.267327'><time>2024-08-09T14:30:00.000Z</time></trkpt>
	<trkpt lat='39.316915' lon='20.2693833'><time>2024-08-09T14:36:00.000Z</time></trkpt>
	<trkpt lat='39.2811833' lon='20.335515'><time>2024-08-09T15:29:00.000Z</time></trkpt>
	<trkpt lat='39.2777438' lon='20.352167'><time>2024-08-09T15:39:00.000Z</time></trkpt>
	<trkpt lat='39.2752279' lon='20.3766076'><time>2024-08-09T15:54:00.000Z</time></trkpt>
	<trkpt lat='39.2760406' lon='20.3876795'><time>2024-08-09T16:01:00.000Z</time></trkpt>
	<trkpt lat='39.2765845' lon='20.3889508'><time>2024-08-09T16:02:00.000Z</time></trkpt>
	<trkpt lat='39.2780517' lon='20.3906183'><time>2024-08-09T16:04:00.000Z</time></trkpt>
	<trkpt lat='39.2819618' lon='20.3905933'><time>2024-08-09T16:12:00.000Z</time></trkpt>
	<trkpt lat='39.2820036' lon='20.3903216'><time>2024-08-11T10:39:00.000Z</time></trkpt>
	<trkpt lat='39.2817421' lon='20.3902125'><time>2024-08-11T10:41:00.000Z</time></trkpt>
	<trkpt lat='39.2786916' lon='20.3925598'><time>2024-08-11T10:45:00.000Z</time></trkpt>
	<trkpt lat='39.2750267' lon='20.39401'><time>2024-08-11T10:49:00.000Z</time></trkpt>
	<trkpt lat='39.1003006' lon='20.5693613'><time>2024-08-11T14:02:00.000Z</time></trkpt>
	<trkpt lat='39.0911133' lon='20.5778767'><time>2024-08-11T14:10:00.000Z</time></trkpt>
	<trkpt lat='39.0822817' lon='20.5866217'><time>2024-08-11T14:18:00.000Z</time></trkpt>
	<trkpt lat='39.074905' lon='20.5927783'><time>2024-08-11T14:24:00.000Z</time></trkpt>
	<trkpt lat='39.0624767' lon='20.604145'><time>2024-08-11T14:35:00.000Z</time></trkpt>
	<trkpt lat='39.0591733' lon='20.6074933'><time>2024-08-11T14:38:00.000Z</time></trkpt>
	<trkpt lat='39.0476933' lon='20.62074'><time>2024-08-11T14:49:00.000Z</time></trkpt>
	<trkpt lat='38.9400267' lon='20.729055'><time>2024-08-11T16:27:00.000Z</time></trkpt>
	<trkpt lat='38.938823' lon='20.730448'><time>2024-08-11T16:28:00.000Z</time></trkpt>
	<trkpt lat='38.9373083' lon='20.7334968'><time>2024-08-11T16:30:00.000Z</time></trkpt>
	<trkpt lat='38.9365526' lon='20.7363628'><time>2024-08-11T16:32:00.000Z</time></trkpt>
	<trkpt lat='38.9377763' lon='20.7418083'><time>2024-08-11T16:36:00.000Z</time></trkpt>
	<trkpt lat='38.9415817' lon='20.7530067'><time>2024-08-11T16:44:00.000Z</time></trkpt>
	<trkpt lat='38.9451983' lon='20.7574083'><time>2024-08-11T16:48:00.000Z</time></trkpt>
	<trkpt lat='38.9556359' lon='20.7611526'><time>2024-08-11T16:58:00.000Z</time></trkpt>
	<trkpt lat='38.9589573' lon='20.7629766'><time>2024-08-11T17:01:00.000Z</time></trkpt>
	<trkpt lat='38.9602854' lon='20.76593'><time>2024-08-11T17:04:00.000Z</time></trkpt>
	<trkpt lat='38.9608' lon='20.7685583'><time>2024-08-11T17:06:00.000Z</time></trkpt>
	<trkpt lat='38.9604303' lon='20.7699063'><time>2024-08-11T17:07:00.000Z</time></trkpt>
	<trkpt lat='38.9605183' lon='20.7798417'><time>2024-08-11T17:15:00.000Z</time></trkpt>
	<trkpt lat='38.9595783' lon='20.784635'><time>2024-08-11T17:19:00.000Z</time></trkpt>
	<trkpt lat='38.95272' lon='20.787355'><time>2024-08-11T17:26:00.000Z</time></trkpt>
	<trkpt lat='38.94648' lon='20.791055'><time>2024-08-11T17:32:00.000Z</time></trkpt>
	<trkpt lat='38.9346017' lon='20.7970867'><time>2024-08-11T17:41:00.000Z</time></trkpt>
	<trkpt lat='38.9340545' lon='20.797001'><time>2024-08-11T17:42:00.000Z</time></trkpt>
	<trkpt lat='38.92913' lon='20.7933267'><time>2024-08-11T17:48:00.000Z</time></trkpt>
	<trkpt lat='38.9240298' lon='20.7917665'><time>2024-08-11T17:55:00.000Z</time></trkpt>
	<trkpt lat='38.9241951' lon='20.79202'><time>2024-08-11T17:59:00.000Z</time></trkpt>
	<trkpt lat='38.9239311' lon='20.7915093'><time>2024-08-12T08:04:07.000Z</time></trkpt>
	<trkpt lat='38.9242813' lon='20.7922658'><time>2024-08-12T08:06:00.000Z</time></trkpt>
	<trkpt lat='38.9266933' lon='20.7933233'><time>2024-08-12T08:09:00.000Z</time></trkpt>
	<trkpt lat='38.9364993' lon='20.793561'><time>2024-08-12T08:20:00.000Z</time></trkpt>
	<trkpt lat='38.95827' lon='20.78614'><time>2024-08-12T08:47:00.000Z</time></trkpt>
	<trkpt lat='38.9590733' lon='20.7857333'><time>2024-08-12T08:48:00.000Z</time></trkpt>
	<trkpt lat='38.9594417' lon='20.785045'><time>2024-08-12T08:49:00.000Z</time></trkpt>
	<trkpt lat='38.9623571' lon='20.7775921'><time>2024-08-12T08:57:00.000Z</time></trkpt>
	<trkpt lat='38.9630271' lon='20.774979'><time>2024-08-12T09:00:00.000Z</time></trkpt>
	<trkpt lat='38.9592133' lon='20.7629833'><time>2024-08-12T09:14:00.000Z</time></trkpt>
	<trkpt lat='38.9500248' lon='20.7589841'><time>2024-08-12T09:23:00.000Z</time></trkpt>
	<trkpt lat='38.9429367' lon='20.7547717'><time>2024-08-12T09:30:00.000Z</time></trkpt>
	<trkpt lat='38.9403385' lon='20.7497005'><time>2024-08-12T09:36:00.000Z</time></trkpt>
	<trkpt lat='38.9358933' lon='20.7369'><time>2024-08-12T09:49:00.000Z</time></trkpt>
	<trkpt lat='38.9322595' lon='20.7313819'><time>2024-08-12T09:56:00.000Z</time></trkpt>
	<trkpt lat='38.9292299' lon='20.72809'><time>2024-08-12T10:01:00.000Z</time></trkpt>
	<trkpt lat='38.8983538' lon='20.7264635'><time>2024-08-12T10:40:00.000Z</time></trkpt>
	<trkpt lat='38.8960201' lon='20.7260811'><time>2024-08-12T10:45:00.000Z</time></trkpt>
	<trkpt lat='38.893635' lon='20.726235'><time>2024-08-12T10:50:00.000Z</time></trkpt>
	<trkpt lat='38.89168' lon='20.72685'><time>2024-08-12T10:54:00.000Z</time></trkpt>
	<trkpt lat='38.8502417' lon='20.7235433'><time>2024-08-12T11:48:00.000Z</time></trkpt>
	<trkpt lat='38.8482917' lon='20.723275'><time>2024-08-12T11:50:00.000Z</time></trkpt>
	<trkpt lat='38.8465067' lon='20.722305'><time>2024-08-12T11:52:00.000Z</time></trkpt>
	<trkpt lat='38.8464675' lon='20.7202586'><time>2024-08-12T11:59:00.000Z</time></trkpt>
	<trkpt lat='38.8466646' lon='20.7199116'><time>2024-08-12T14:02:00.000Z</time></trkpt>
	<trkpt lat='38.8448517' lon='20.7180517'><time>2024-08-12T14:06:00.000Z</time></trkpt>
	<trkpt lat='38.842015' lon='20.7168983'><time>2024-08-12T14:08:00.000Z</time></trkpt>
	<trkpt lat='38.8375883' lon='20.713705'><time>2024-08-12T14:11:00.000Z</time></trkpt>
	<trkpt lat='38.8359883' lon='20.7130917'><time>2024-08-12T14:12:00.000Z</time></trkpt>
	<trkpt lat='38.834355' lon='20.7132531'><time>2024-08-12T14:13:00.000Z</time></trkpt>
	<trkpt lat='38.8200175' lon='20.7206178'><time>2024-08-12T14:23:00.000Z</time></trkpt>
	<trkpt lat='38.80688' lon='20.7278767'><time>2024-08-12T14:32:00.000Z</time></trkpt>
	<trkpt lat='38.7945083' lon='20.7263767'><time>2024-08-12T14:40:00.000Z</time></trkpt>
	<trkpt lat='38.793085' lon='20.727045'><time>2024-08-12T14:41:01.000Z</time></trkpt>
	<trkpt lat='38.7791667' lon='20.7400983'><time>2024-08-12T14:55:00.000Z</time></trkpt>
	<trkpt lat='38.7548273' lon='20.7619371'><time>2024-08-12T15:16:00.000Z</time></trkpt>
	<trkpt lat='38.7545867' lon='20.7637883'><time>2024-08-12T15:17:00.000Z</time></trkpt>
	<trkpt lat='38.7547367' lon='20.7661517'><time>2024-08-12T15:19:00.000Z</time></trkpt>
	<trkpt lat='38.7559767' lon='20.7673417'><time>2024-08-12T15:21:00.000Z</time></trkpt>
	<trkpt lat='38.7559019' lon='20.7678431'><time>2024-08-12T15:22:00.000Z</time></trkpt>
	<trkpt lat='38.7561567' lon='20.7676917'><time>2024-08-12T15:23:00.000Z</time></trkpt>
	<trkpt lat='38.7559' lon='20.7679883'><time>2024-08-12T15:28:00.000Z</time></trkpt>
	<trkpt lat='38.7560267' lon='20.7676233'><time>2024-08-13T13:38:00.000Z</time></trkpt>
	<trkpt lat='38.7562049' lon='20.7678106'><time>2024-08-13T13:39:00.000Z</time></trkpt>
	<trkpt lat='38.7556183' lon='20.7683667'><time>2024-08-13T13:40:00.000Z</time></trkpt>
	<trkpt lat='38.7527038' lon='20.7705266'><time>2024-08-13T13:43:00.000Z</time></trkpt>
	<trkpt lat='38.7509967' lon='20.7739917'><time>2024-08-13T13:46:00.000Z</time></trkpt>
	<trkpt lat='38.75086' lon='20.784875'><time>2024-08-13T13:53:00.000Z</time></trkpt>
	<trkpt lat='38.7498345' lon='20.7913228'><time>2024-08-13T13:58:00.000Z</time></trkpt>
	<trkpt lat='38.7500653' lon='20.7950595'><time>2024-08-13T14:01:00.000Z</time></trkpt>
	<trkpt lat='38.7514617' lon='20.7984717'><time>2024-08-13T14:04:00.000Z</time></trkpt>
	<trkpt lat='38.751492' lon='20.7990176'><time>2024-08-13T14:05:00.000Z</time></trkpt>
	<trkpt lat='38.7507733' lon='20.8003633'><time>2024-08-13T14:09:00.000Z</time></trkpt>
	<trkpt lat='38.771439' lon='20.8610363'><time>2024-08-13T14:54:00.000Z</time></trkpt>
	<trkpt lat='38.7760633' lon='20.8706017'><time>2024-08-13T15:02:00.000Z</time></trkpt>
	<trkpt lat='38.7775431' lon='20.8741206'><time>2024-08-13T15:05:00.000Z</time></trkpt>
	<trkpt lat='38.7786167' lon='20.87782'><time>2024-08-13T15:13:00.000Z</time></trkpt>
	<trkpt lat='38.778988' lon='20.8778751'><time>2024-08-15T10:35:00.000Z</time></trkpt>
	<trkpt lat='38.7788368' lon='20.8776306'><time>2024-08-15T10:36:00.000Z</time></trkpt>
	<trkpt lat='38.7776633' lon='20.8782083'><time>2024-08-15T10:38:00.000Z</time></trkpt>
	<trkpt lat='38.77714' lon='20.8712917'><time>2024-08-15T10:44:00.000Z</time></trkpt>
	<trkpt lat='38.7729967' lon='20.85497'><time>2024-08-15T10:57:00.000Z</time></trkpt>
	<trkpt lat='38.7715096' lon='20.8513126'><time>2024-08-15T11:01:00.000Z</time></trkpt>
	<trkpt lat='38.7700867' lon='20.8487183'><time>2024-08-15T11:04:00.000Z</time></trkpt>
	<trkpt lat='38.7671781' lon='20.8450466'><time>2024-08-15T11:08:00.000Z</time></trkpt>
	<trkpt lat='38.76507' lon='20.84174'><time>2024-08-15T11:11:00.000Z</time></trkpt>
	<trkpt lat='38.76371' lon='20.8386917'><time>2024-08-15T11:14:00.000Z</time></trkpt>
	<trkpt lat='38.758765' lon='20.83257'><time>2024-08-15T11:20:00.000Z</time></trkpt>
	<trkpt lat='38.7560783' lon='20.8297983'><time>2024-08-15T11:23:00.000Z</time></trkpt>
	<trkpt lat='38.7533417' lon='20.824915'><time>2024-08-15T11:27:00.000Z</time></trkpt>
	<trkpt lat='38.7484333' lon='20.8175983'><time>2024-08-15T11:33:00.000Z</time></trkpt>
	<trkpt lat='38.7450286' lon='20.811061'><time>2024-08-15T11:39:00.000Z</time></trkpt>
	<trkpt lat='38.7422533' lon='20.801445'><time>2024-08-15T11:49:00.000Z</time></trkpt>
	<trkpt lat='38.7395667' lon='20.7950567'><time>2024-08-15T11:54:00.000Z</time></trkpt>
	<trkpt lat='38.7341258' lon='20.7875831'><time>2024-08-15T11:59:00.000Z</time></trkpt>
	<trkpt lat='38.7332717' lon='20.7856817'><time>2024-08-15T12:00:00.000Z</time></trkpt>
	<trkpt lat='38.7320983' lon='20.7815217'><time>2024-08-15T12:02:00.000Z</time></trkpt>
	<trkpt lat='38.7308183' lon='20.773105'><time>2024-08-15T12:06:00.000Z</time></trkpt>
	<trkpt lat='38.7295308' lon='20.7681231'><time>2024-08-15T12:09:00.000Z</time></trkpt>
	<trkpt lat='38.7292976' lon='20.7614821'><time>2024-08-15T12:12:00.000Z</time></trkpt>
	<trkpt lat='38.7285033' lon='20.7527878'><time>2024-08-15T12:16:00.000Z</time></trkpt>
	<trkpt lat='38.7273761' lon='20.7491538'><time>2024-08-15T12:18:00.000Z</time></trkpt>
	<trkpt lat='38.7245078' lon='20.7422998'><time>2024-08-15T12:22:00.000Z</time></trkpt>
	<trkpt lat='38.7101161' lon='20.7207325'><time>2024-08-15T12:37:00.000Z</time></trkpt>
	<trkpt lat='38.7078233' lon='20.7161617'><time>2024-08-15T12:40:00.000Z</time></trkpt>
	<trkpt lat='38.70609' lon='20.713645'><time>2024-08-15T12:42:00.000Z</time></trkpt>
	<trkpt lat='38.7044535' lon='20.7121065'><time>2024-08-15T12:44:00.000Z</time></trkpt>
	<trkpt lat='38.70243' lon='20.7107483'><time>2024-08-15T12:47:00.000Z</time></trkpt>
	<trkpt lat='38.7013283' lon='20.7105391'><time>2024-08-15T12:49:00.000Z</time></trkpt>
	<trkpt lat='38.7011816' lon='20.71013'><time>2024-08-15T12:54:00.000Z</time></trkpt>
	<trkpt lat='38.701222' lon='20.7101971'><time>2024-08-16T09:35:00.000Z</time></trkpt>
	<trkpt lat='38.7018083' lon='20.7113135'><time>2024-08-16T09:38:00.000Z</time></trkpt>
	<trkpt lat='38.7053017' lon='20.713285'><time>2024-08-16T09:42:00.000Z</time></trkpt>
	<trkpt lat='38.705655' lon='20.7144093'><time>2024-08-16T09:43:00.000Z</time></trkpt>
	<trkpt lat='38.7043025' lon='20.7223703'><time>2024-08-16T09:49:00.000Z</time></trkpt>
	<trkpt lat='38.7029383' lon='20.7245665'><time>2024-08-16T09:51:00.000Z</time></trkpt>
	<trkpt lat='38.7009217' lon='20.7256167'><time>2024-08-16T09:53:00.000Z</time></trkpt>
	<trkpt lat='38.700328' lon='20.7263656'><time>2024-08-16T09:54:00.000Z</time></trkpt>
	<trkpt lat='38.6992767' lon='20.7321367'><time>2024-08-16T10:00:00.000Z</time></trkpt>
	<trkpt lat='38.697525' lon='20.7363333'><time>2024-08-16T10:04:00.000Z</time></trkpt>
	<trkpt lat='38.6960043' lon='20.7333445'><time>2024-08-16T10:09:00.000Z</time></trkpt>
	<trkpt lat='38.6952783' lon='20.7304433'><time>2024-08-16T10:12:00.000Z</time></trkpt>
	<trkpt lat='38.6930033' lon='20.7262333'><time>2024-08-16T10:16:00.000Z</time></trkpt>
	<trkpt lat='38.6914285' lon='20.7303145'><time>2024-08-16T10:20:00.000Z</time></trkpt>
	<trkpt lat='38.6888933' lon='20.7346683'><time>2024-08-16T10:24:00.000Z</time></trkpt>
	<trkpt lat='38.687679' lon='20.7365106'><time>2024-08-16T10:26:00.000Z</time></trkpt>
	<trkpt lat='38.687436' lon='20.736598'><time>2024-08-16T10:27:00.000Z</time></trkpt>
	<trkpt lat='38.6874383' lon='20.735875'><time>2024-08-16T10:30:00.000Z</time></trkpt>
	<trkpt lat='38.6854146' lon='20.7386053'><time>2024-08-16T10:33:00.000Z</time></trkpt>
	<trkpt lat='38.6821665' lon='20.7495216'><time>2024-08-16T10:41:00.000Z</time></trkpt>
	<trkpt lat='38.6810798' lon='20.758206'><time>2024-08-16T10:47:00.000Z</time></trkpt>
	<trkpt lat='38.6804416' lon='20.7772996'><time>2024-08-16T11:08:00.000Z</time></trkpt>
	<trkpt lat='38.681975' lon='20.7781667'><time>2024-08-16T11:11:00.000Z</time></trkpt>
	<trkpt lat='38.68345' lon='20.7800883'><time>2024-08-16T11:14:00.000Z</time></trkpt>
	<trkpt lat='38.686067' lon='20.7848778'><time>2024-08-16T11:19:00.000Z</time></trkpt>
	<trkpt lat='38.689243' lon='20.7920633'><time>2024-08-16T11:26:00.000Z</time></trkpt>
	<trkpt lat='38.6928516' lon='20.8063246'><time>2024-08-16T11:37:00.000Z</time></trkpt>
	<trkpt lat='38.69448' lon='20.81063'><time>2024-08-16T11:41:00.000Z</time></trkpt>
	<trkpt lat='38.6926283' lon='20.8317568'><time>2024-08-16T11:59:00.000Z</time></trkpt>
	<trkpt lat='38.6918981' lon='20.8363558'><time>2024-08-16T12:03:00.000Z</time></trkpt>
	<trkpt lat='38.6915883' lon='20.8364011'><time>2024-08-16T12:04:00.000Z</time></trkpt>
	<trkpt lat='38.6877483' lon='20.83117'><time>2024-08-16T12:10:00.000Z</time></trkpt>
	<trkpt lat='38.6759468' lon='20.8165033'><time>2024-08-16T12:29:00.000Z</time></trkpt>
	<trkpt lat='38.6748805' lon='20.8145155'><time>2024-08-16T12:31:00.000Z</time></trkpt>
	<trkpt lat='38.6745767' lon='20.8143617'><time>2024-08-16T12:32:00.000Z</time></trkpt>
	<trkpt lat='38.6734183' lon='20.8155117'><time>2024-08-16T12:34:00.000Z</time></trkpt>
	<trkpt lat='38.6732983' lon='20.813335'><time>2024-08-16T12:36:00.000Z</time></trkpt>
	<trkpt lat='38.67181' lon='20.809735'><time>2024-08-16T12:39:00.000Z</time></trkpt>
	<trkpt lat='38.6702721' lon='20.8068766'><time>2024-08-16T12:42:00.000Z</time></trkpt>
	<trkpt lat='38.6683375' lon='20.804975'><time>2024-08-16T12:46:00.000Z</time></trkpt>
	<trkpt lat='38.6679567' lon='20.8036683'><time>2024-08-16T12:48:00.000Z</time></trkpt>
	<trkpt lat='38.6694461' lon='20.8069593'><time>2024-08-16T12:51:00.000Z</time></trkpt>
	<trkpt lat='38.670045' lon='20.80938'><time>2024-08-16T12:53:00.000Z</time></trkpt>
	<trkpt lat='38.6649249' lon='20.9403333'><time>2024-08-16T14:19:00.000Z</time></trkpt>
	<trkpt lat='38.6656667' lon='20.9483433'><time>2024-08-16T14:25:00.000Z</time></trkpt>
	<trkpt lat='38.6677843' lon='20.9552821'><time>2024-08-16T14:30:00.000Z</time></trkpt>
	<trkpt lat='38.6680467' lon='20.9565067'><time>2024-08-16T14:31:00.000Z</time></trkpt>
	<trkpt lat='38.6677233' lon='20.9571217'><time>2024-08-16T14:32:00.000Z</time></trkpt>
	<trkpt lat='38.6692483' lon='20.9565667'><time>2024-08-16T14:34:00.000Z</time></trkpt>
	<trkpt lat='38.6698317' lon='20.9549767'><time>2024-08-16T14:37:00.000Z</time></trkpt>
	<trkpt lat='38.670295' lon='20.9550433'><time>2024-08-16T14:41:00.000Z</time></trkpt>
	<trkpt lat='38.6699811' lon='20.95523'><time>2024-08-17T07:52:07.000Z</time></trkpt>
	<trkpt lat='38.6656043' lon='20.9574991'><time>2024-08-17T07:59:00.000Z</time></trkpt>
	<trkpt lat='38.661735' lon='20.96089'><time>2024-08-17T08:13:00.000Z</time></trkpt>
	<trkpt lat='38.6596101' lon='20.962313'><time>2024-08-17T08:17:00.000Z</time></trkpt>
	<trkpt lat='38.6520256' lon='20.9650314'><time>2024-08-17T08:24:00.000Z</time></trkpt>
	<trkpt lat='38.643237' lon='20.9664005'><time>2024-08-17T08:32:00.000Z</time></trkpt>
	<trkpt lat='38.63831' lon='20.9660471'><time>2024-08-17T08:37:00.000Z</time></trkpt>
	<trkpt lat='38.6382833' lon='20.9622967'><time>2024-08-17T08:44:00.000Z</time></trkpt>
	<trkpt lat='38.6372216' lon='20.9578595'><time>2024-08-17T08:51:00.000Z</time></trkpt>
	<trkpt lat='38.635002' lon='20.9622706'><time>2024-08-17T09:02:00.000Z</time></trkpt>
	<trkpt lat='38.6343088' lon='20.9657393'><time>2024-08-17T09:08:00.000Z</time></trkpt>
	<trkpt lat='38.6340717' lon='20.9693533'><time>2024-08-17T09:15:00.000Z</time></trkpt>
	<trkpt lat='38.6325183' lon='20.965975'><time>2024-08-17T09:18:00.000Z</time></trkpt>
	<trkpt lat='38.62252' lon='20.9633167'><time>2024-08-17T09:27:00.000Z</time></trkpt>
	<trkpt lat='38.5741433' lon='20.9517767'><time>2024-08-17T10:10:00.000Z</time></trkpt>
	<trkpt lat='38.5635467' lon='20.9540983'><time>2024-08-17T10:23:00.000Z</time></trkpt>
	<trkpt lat='38.49587' lon='20.9785517'><time>2024-08-17T11:12:00.000Z</time></trkpt>
	<trkpt lat='38.4899503' lon='20.9813561'><time>2024-08-17T11:16:00.000Z</time></trkpt>
	<trkpt lat='38.4228467' lon='21.0151483'><time>2024-08-17T12:11:00.000Z</time></trkpt>
	<trkpt lat='38.3317951' lon='21.0820195'><time>2024-08-17T13:18:00.000Z</time></trkpt>
	<trkpt lat='38.3309833' lon='21.0832583'><time>2024-08-17T13:19:00.000Z</time></trkpt>
	<trkpt lat='38.3293379' lon='21.0875251'><time>2024-08-17T13:22:00.000Z</time></trkpt>
	<trkpt lat='38.32705' lon='21.109525'><time>2024-08-17T13:37:00.000Z</time></trkpt>
	<trkpt lat='38.3311883' lon='21.1132417'><time>2024-08-17T13:41:00.000Z</time></trkpt>
	<trkpt lat='38.3340741' lon='21.115174'><time>2024-08-17T13:44:01.000Z</time></trkpt>
	<trkpt lat='38.3356041' lon='21.1172796'><time>2024-08-17T13:47:00.000Z</time></trkpt>
	<trkpt lat='38.3354885' lon='21.1176245'><time>2024-08-17T13:54:00.000Z</time></trkpt>
	<trkpt lat='38.335805' lon='21.1172433'><time>2024-08-19T08:31:20.000Z</time></trkpt>
	<trkpt lat='38.2944611' lon='21.136235'><time>2024-08-19T09:09:00.000Z</time></trkpt>
	<trkpt lat='38.2872121' lon='21.1420991'><time>2024-08-19T09:16:00.000Z</time></trkpt>
	<trkpt lat='38.2853283' lon='21.1579783'><time>2024-08-19T09:26:00.000Z</time></trkpt>
	<trkpt lat='38.2862283' lon='21.2188671'><time>2024-08-19T10:03:00.000Z</time></trkpt>
	<trkpt lat='38.2865156' lon='21.2302875'><time>2024-08-19T10:10:00.000Z</time></trkpt>
	<trkpt lat='38.289935' lon='21.3031033'><time>2024-08-19T10:53:00.000Z</time></trkpt>
	<trkpt lat='38.3108881' lon='21.3968311'><time>2024-08-19T11:47:00.000Z</time></trkpt>
	<trkpt lat='38.3119517' lon='21.4001933'><time>2024-08-19T11:49:00.000Z</time></trkpt>
	<trkpt lat='38.3181488' lon='21.4141873'><time>2024-08-19T11:58:00.000Z</time></trkpt>
	<trkpt lat='38.3538415' lon='21.4215535'><time>2024-08-19T12:23:00.000Z</time></trkpt>
	<trkpt lat='38.3551498' lon='21.4214463'><time>2024-08-19T12:24:00.000Z</time></trkpt>
	<trkpt lat='38.3580031' lon='21.4199916'><time>2024-08-19T12:27:00.000Z</time></trkpt>
	<trkpt lat='38.3598698' lon='21.4199539'><time>2024-08-19T12:30:00.000Z</time></trkpt>
	<trkpt lat='38.3599962' lon='21.4203966'><time>2024-08-19T12:35:00.000Z</time></trkpt>
	<trkpt lat='38.3594136' lon='21.4201683'><time>2024-09-05T10:25:27.000Z</time></trkpt>
	<trkpt lat='38.3581146' lon='21.420228'><time>2024-09-05T10:27:00.000Z</time></trkpt>
	<trkpt lat='38.356234' lon='21.4215016'><time>2024-09-05T10:29:00.000Z</time></trkpt>
	<trkpt lat='38.3551728' lon='21.4215661'><time>2024-09-05T10:30:00.000Z</time></trkpt>
	<trkpt lat='38.3416648' lon='21.4187361'><time>2024-09-05T10:43:00.000Z</time></trkpt>
	<trkpt lat='38.3232033' lon='21.4153583'><time>2024-09-05T11:01:00.000Z</time></trkpt>
	<trkpt lat='38.306475' lon='21.414575'><time>2024-09-05T11:18:00.000Z</time></trkpt>
	<trkpt lat='38.29893' lon='21.4149633'><time>2024-09-05T11:25:00.000Z</time></trkpt>
	<trkpt lat='38.290514' lon='21.4161266'><time>2024-09-05T11:34:00.000Z</time></trkpt>
	<trkpt lat='38.2715553' lon='21.4176926'><time>2024-09-05T11:53:00.000Z</time></trkpt>
	<trkpt lat='38.2607566' lon='21.4171908'><time>2024-09-05T12:04:00.000Z</time></trkpt>
	<trkpt lat='38.2399433' lon='21.419055'><time>2024-09-05T12:25:00.000Z</time></trkpt>
	<trkpt lat='38.242315' lon='21.4148367'><time>2024-09-05T12:30:00.000Z</time></trkpt>
	<trkpt lat='38.2471126' lon='21.4048956'><time>2024-09-05T12:39:00.000Z</time></trkpt>
	<trkpt lat='38.2526033' lon='21.3919367'><time>2024-09-05T12:50:00.000Z</time></trkpt>
	<trkpt lat='38.2563498' lon='21.3839539'><time>2024-09-05T12:59:00.000Z</time></trkpt>
	<trkpt lat='38.2609165' lon='21.3762926'><time>2024-09-05T13:06:00.000Z</time></trkpt>
	<trkpt lat='38.2819283' lon='21.3431667'><time>2024-09-05T13:35:00.000Z</time></trkpt>
	<trkpt lat='38.2882933' lon='21.3324017'><time>2024-09-05T13:44:00.000Z</time></trkpt>
	<trkpt lat='38.2885975' lon='21.3324735'><time>2024-09-05T13:45:00.000Z</time></trkpt>
	<trkpt lat='38.2818556' lon='21.3321944'><time>2024-09-05T13:52:00.000Z</time></trkpt>
	<trkpt lat='38.2764656' lon='21.3324638'><time>2024-09-05T13:57:00.000Z</time></trkpt>
	<trkpt lat='38.2687196' lon='21.3333428'><time>2024-09-05T14:04:00.000Z</time></trkpt>
	<trkpt lat='38.2580328' lon='21.3347255'><time>2024-09-05T14:14:00.000Z</time></trkpt>
	<trkpt lat='38.2272283' lon='21.3399225'><time>2024-09-05T14:47:00.000Z</time></trkpt>
	<trkpt lat='38.229803' lon='21.3384735'><time>2024-09-05T14:51:00.000Z</time></trkpt>
	<trkpt lat='38.2370556' lon='21.3316533'><time>2024-09-05T15:00:00.000Z</time></trkpt>
	<trkpt lat='38.2407467' lon='21.3279583'><time>2024-09-05T15:05:00.000Z</time></trkpt>
	<trkpt lat='38.249605' lon='21.3176817'><time>2024-09-05T15:18:00.000Z</time></trkpt>
	<trkpt lat='38.2537326' lon='21.3123083'><time>2024-09-05T15:25:00.000Z</time></trkpt>
	<trkpt lat='38.2579033' lon='21.306155'><time>2024-09-05T15:32:00.000Z</time></trkpt>
	<trkpt lat='38.2647483' lon='21.29471'><time>2024-09-05T15:47:00.000Z</time></trkpt>
	<trkpt lat='38.2763267' lon='21.2061283'><time>2024-09-05T17:00:00.000Z</time></trkpt>
	<trkpt lat='38.2716326' lon='21.1838293'><time>2024-09-05T17:17:01.000Z</time></trkpt>
	<trkpt lat='38.2693986' lon='21.1764278'><time>2024-09-05T17:24:00.000Z</time></trkpt>
	<trkpt lat='38.2656035' lon='21.1672643'><time>2024-09-05T17:34:00.000Z</time></trkpt>
	<trkpt lat='38.2890326' lon='21.1354853'><time>2024-09-05T18:10:00.000Z</time></trkpt>
	<trkpt lat='38.29294' lon='21.1343667'><time>2024-09-05T18:14:00.000Z</time></trkpt>
	<trkpt lat='38.3342183' lon='21.1194883'><time>2024-09-05T18:58:00.000Z</time></trkpt>
	<trkpt lat='38.3355' lon='21.1190617'><time>2024-09-05T19:01:00.000Z</time></trkpt>
	<trkpt lat='38.3357731' lon='21.1192226'><time>2024-09-05T19:02:00.000Z</time></trkpt>
	<trkpt lat='38.335562' lon='21.1194963'><time>2024-09-05T19:07:00.000Z</time></trkpt>
	<trkpt lat='38.3357603' lon='21.1192206'><time>2024-09-08T05:23:00.000Z</time></trkpt>
	<trkpt lat='38.3307967' lon='21.1131633'><time>2024-09-08T05:30:00.000Z</time></trkpt>
	<trkpt lat='38.2652426' lon='21.0470646'><time>2024-09-08T06:31:00.000Z</time></trkpt>
	<trkpt lat='38.2619521' lon='21.0434506'><time>2024-09-08T06:37:00.000Z</time></trkpt>
	<trkpt lat='38.2577121' lon='21.0375786'><time>2024-09-08T06:46:00.000Z</time></trkpt>
	<trkpt lat='38.2556638' lon='21.035369'><time>2024-09-08T06:50:00.000Z</time></trkpt>
	<trkpt lat='38.2538383' lon='21.0340183'><time>2024-09-08T06:53:00.000Z</time></trkpt>
	<trkpt lat='38.2519168' lon='21.0313056'><time>2024-09-08T06:58:00.000Z</time></trkpt>
	<trkpt lat='38.2464276' lon='21.0267826'><time>2024-09-08T07:07:00.000Z</time></trkpt>
	<trkpt lat='38.244825' lon='21.024685'><time>2024-09-08T07:10:00.000Z</time></trkpt>
	<trkpt lat='38.242471' lon='21.0228618'><time>2024-09-08T07:13:00.000Z</time></trkpt>
	<trkpt lat='38.0388645' lon='20.8198363'><time>2024-09-08T10:49:00.000Z</time></trkpt>
	<trkpt lat='38.0366917' lon='20.81623'><time>2024-09-08T10:53:00.000Z</time></trkpt>
	<trkpt lat='38.0350633' lon='20.812613'><time>2024-09-08T10:57:00.000Z</time></trkpt>
	<trkpt lat='38.0480251' lon='20.7332983'><time>2024-09-08T11:46:00.000Z</time></trkpt>
	<trkpt lat='38.0491618' lon='20.7299225'><time>2024-09-08T11:48:00.000Z</time></trkpt>
	<trkpt lat='38.0734541' lon='20.5787001'><time>2024-09-08T13:14:00.000Z</time></trkpt>
	<trkpt lat='38.084596' lon='20.5275811'><time>2024-09-08T13:46:00.000Z</time></trkpt>
	<trkpt lat='38.0852255' lon='20.526197'><time>2024-09-08T13:47:00.000Z</time></trkpt>
	<trkpt lat='38.1019014' lon='20.4972213'><time>2024-09-08T14:09:00.000Z</time></trkpt>
	<trkpt lat='38.1142465' lon='20.4825666'><time>2024-09-08T14:22:00.000Z</time></trkpt>
	<trkpt lat='38.119812' lon='20.4797254'><time>2024-09-08T14:26:00.000Z</time></trkpt>
	<trkpt lat='38.1772183' lon='20.4665083'><time>2024-09-08T15:03:00.000Z</time></trkpt>
	<trkpt lat='38.189025' lon='20.4646733'><time>2024-09-08T15:11:00.000Z</time></trkpt>
	<trkpt lat='38.1929835' lon='20.4662046'><time>2024-09-08T15:14:00.000Z</time></trkpt>
	<trkpt lat='38.1940673' lon='20.4672039'><time>2024-09-08T15:15:00.000Z</time></trkpt>
	<trkpt lat='38.1947506' lon='20.468771'><time>2024-09-08T15:16:00.000Z</time></trkpt>
	<trkpt lat='38.19552' lon='20.474016'><time>2024-09-08T15:19:00.000Z</time></trkpt>
	<trkpt lat='38.194899' lon='20.4774746'><time>2024-09-08T15:21:00.000Z</time></trkpt>
	<trkpt lat='38.1941858' lon='20.4789136'><time>2024-09-08T15:22:00.000Z</time></trkpt>
	<trkpt lat='38.1864133' lon='20.4892317'><time>2024-09-08T15:30:00.000Z</time></trkpt>
	<trkpt lat='38.1843283' lon='20.4915433'><time>2024-09-08T15:32:00.000Z</time></trkpt>
	<trkpt lat='38.1819823' lon='20.4932895'><time>2024-09-08T15:34:00.000Z</time></trkpt>
	<trkpt lat='38.181252' lon='20.4951431'><time>2024-09-08T15:40:00.000Z</time></trkpt>
	<trkpt lat='38.1814767' lon='20.4950233'><time>2024-09-21T06:42:07.000Z</time></trkpt>
	<trkpt lat='38.1816917' lon='20.4932483'><time>2024-09-21T06:44:00.000Z</time></trkpt>
	<trkpt lat='38.1865036' lon='20.4903206'><time>2024-09-21T06:50:00.000Z</time></trkpt>
	<trkpt lat='38.1883217' lon='20.48871'><time>2024-09-21T06:52:00.000Z</time></trkpt>
	<trkpt lat='38.1924873' lon='20.48392'><time>2024-09-21T06:57:00.000Z</time></trkpt>
	<trkpt lat='38.1948633' lon='20.480735'><time>2024-09-21T07:00:00.000Z</time></trkpt>
	<trkpt lat='38.1954533' lon='20.479485'><time>2024-09-21T07:01:00.000Z</time></trkpt>
	<trkpt lat='38.1960318' lon='20.476681'><time>2024-09-21T07:03:00.000Z</time></trkpt>
	<trkpt lat='38.1960128' lon='20.4751624'><time>2024-09-21T07:04:00.000Z</time></trkpt>
	<trkpt lat='38.1957343' lon='20.4720726'><time>2024-09-21T07:06:00.000Z</time></trkpt>
	<trkpt lat='38.1950217' lon='20.4691067'><time>2024-09-21T07:08:00.000Z</time></trkpt>
	<trkpt lat='38.1943013' lon='20.4678465'><time>2024-09-21T07:09:00.000Z</time></trkpt>
	<trkpt lat='38.1928117' lon='20.4663683'><time>2024-09-21T07:11:00.000Z</time></trkpt>
	<trkpt lat='38.1931067' lon='20.4660683'><time>2024-09-21T07:12:00.000Z</time></trkpt>
	<trkpt lat='38.1915733' lon='20.4652267'><time>2024-09-21T07:16:00.000Z</time></trkpt>
	<trkpt lat='38.1913033' lon='20.46469'><time>2024-09-21T07:17:00.000Z</time></trkpt>
	<trkpt lat='38.1917485' lon='20.4644261'><time>2024-09-21T07:18:00.000Z</time></trkpt>
	<trkpt lat='38.1917888' lon='20.4647344'><time>2024-09-21T07:19:01.000Z</time></trkpt>
	<trkpt lat='38.1912041' lon='20.4647786'><time>2024-09-21T07:20:00.000Z</time></trkpt>
	<trkpt lat='38.189226' lon='20.4636241'><time>2024-09-21T07:24:00.000Z</time></trkpt>
	<trkpt lat='38.1869026' lon='20.463257'><time>2024-09-21T07:26:00.000Z</time></trkpt>
	<trkpt lat='38.1809208' lon='20.4635885'><time>2024-09-21T07:31:00.000Z</time></trkpt>
	<trkpt lat='38.1206138' lon='20.4775981'><time>2024-09-21T08:17:00.000Z</time></trkpt>
	<trkpt lat='38.1196467' lon='20.4784967'><time>2024-09-21T08:18:00.000Z</time></trkpt>
	<trkpt lat='38.0862748' lon='20.5252241'><time>2024-09-21T09:00:00.000Z</time></trkpt>
	<trkpt lat='38.0822067' lon='20.5471133'><time>2024-09-21T09:16:00.000Z</time></trkpt>
	<trkpt lat='38.0751103' lon='20.5596799'><time>2024-09-21T09:29:00.000Z</time></trkpt>
	<trkpt lat='38.0744216' lon='20.5616655'><time>2024-09-21T09:31:00.000Z</time></trkpt>
	<trkpt lat='38.0630236' lon='20.6285388'><time>2024-09-21T10:24:00.000Z</time></trkpt>
	<trkpt lat='38.0598458' lon='20.6373771'><time>2024-09-21T10:30:00.000Z</time></trkpt>
	<trkpt lat='38.038645' lon='20.7668083'><time>2024-09-21T11:52:00.000Z</time></trkpt>
	<trkpt lat='38.0335773' lon='20.7807833'><time>2024-09-21T12:01:00.000Z</time></trkpt>
	<trkpt lat='38.0309263' lon='20.7871865'><time>2024-09-21T12:09:00.000Z</time></trkpt>
	<trkpt lat='38.0257965' lon='20.8059961'><time>2024-09-21T12:34:00.000Z</time></trkpt>
	<trkpt lat='38.0247683' lon='20.8101117'><time>2024-09-21T12:41:00.000Z</time></trkpt>
	<trkpt lat='38.024605' lon='20.8121517'><time>2024-09-21T12:43:00.000Z</time></trkpt>
	<trkpt lat='38.0254181' lon='20.812771'><time>2024-09-21T12:44:00.000Z</time></trkpt>
	<trkpt lat='38.0310267' lon='20.8149983'><time>2024-09-21T12:49:00.000Z</time></trkpt>
	<trkpt lat='38.0431183' lon='20.8190317'><time>2024-09-21T13:00:00.000Z</time></trkpt>
	<trkpt lat='38.1127017' lon='20.82268'><time>2024-09-21T14:10:00.000Z</time></trkpt>
	<trkpt lat='38.1410881' lon='20.8163358'><time>2024-09-21T14:41:00.000Z</time></trkpt>
	<trkpt lat='38.2043971' lon='20.800599'><time>2024-09-21T15:32:00.000Z</time></trkpt>
	<trkpt lat='38.2121758' lon='20.8013983'><time>2024-09-21T15:38:00.000Z</time></trkpt>
	<trkpt lat='38.220435' lon='20.803065'><time>2024-09-21T15:45:00.000Z</time></trkpt>
	<trkpt lat='38.2299748' lon='20.8055033'><time>2024-09-21T15:54:00.000Z</time></trkpt>
	<trkpt lat='38.2381663' lon='20.8068911'><time>2024-09-21T16:01:00.000Z</time></trkpt>
	<trkpt lat='38.2436083' lon='20.8074517'><time>2024-09-21T16:05:00.000Z</time></trkpt>
	<trkpt lat='38.2469498' lon='20.8092031'><time>2024-09-21T16:08:00.000Z</time></trkpt>
	<trkpt lat='38.2518733' lon='20.81023'><time>2024-09-21T16:13:00.000Z</time></trkpt>
	<trkpt lat='38.3192888' lon='20.7721909'><time>2024-09-21T17:21:00.000Z</time></trkpt>
	<trkpt lat='38.3201417' lon='20.7713683'><time>2024-09-21T17:22:00.000Z</time></trkpt>
	<trkpt lat='38.3321113' lon='20.7477301'><time>2024-09-21T17:41:00.000Z</time></trkpt>
	<trkpt lat='38.3328833' lon='20.7468383'><time>2024-09-21T17:42:00.000Z</time></trkpt>
	<trkpt lat='38.335363' lon='20.7465606'><time>2024-09-21T17:48:00.000Z</time></trkpt>
	<trkpt lat='38.3344656' lon='20.7466281'><time>2024-09-21T17:58:00.000Z</time></trkpt>
	<trkpt lat='38.3341693' lon='20.7465928'><time>2024-09-22T05:13:10.000Z</time></trkpt>
	<trkpt lat='38.3421853' lon='20.748721'><time>2024-09-22T05:23:00.000Z</time></trkpt>
	<trkpt lat='38.3466838' lon='20.7509401'><time>2024-09-22T05:28:00.000Z</time></trkpt>
	<trkpt lat='38.3542265' lon='20.7554351'><time>2024-09-22T05:37:00.000Z</time></trkpt>
	<trkpt lat='38.3654719' lon='20.761017'><time>2024-09-22T05:48:00.000Z</time></trkpt>
	<trkpt lat='38.37399' lon='20.7613806'><time>2024-09-22T05:56:00.000Z</time></trkpt>
	<trkpt lat='38.37638' lon='20.760795'><time>2024-09-22T06:00:56.000Z</time></trkpt>
	<trkpt lat='38.3802883' lon='20.7609367'><time>2024-09-22T06:07:00.000Z</time></trkpt>
	<trkpt lat='38.3884433' lon='20.7591133'><time>2024-09-22T06:18:00.000Z</time></trkpt>
	<trkpt lat='38.3931888' lon='20.7596923'><time>2024-09-22T06:24:00.000Z</time></trkpt>
	<trkpt lat='38.4154883' lon='20.75846'><time>2024-09-22T06:45:00.000Z</time></trkpt>
	<trkpt lat='38.4447755' lon='20.7582586'><time>2024-09-22T07:11:00.000Z</time></trkpt>
	<trkpt lat='38.4697055' lon='20.7571676'><time>2024-09-22T07:33:00.000Z</time></trkpt>
	<trkpt lat='38.546882' lon='20.7443125'><time>2024-09-22T08:42:00.000Z</time></trkpt>
	<trkpt lat='38.5477686' lon='20.7449778'><time>2024-09-22T08:43:00.000Z</time></trkpt>
	<trkpt lat='38.5493076' lon='20.7453021'><time>2024-09-22T08:45:00.000Z</time></trkpt>
	<trkpt lat='38.5516267' lon='20.7437817'><time>2024-09-22T08:48:00.000Z</time></trkpt>
	<trkpt lat='38.5630325' lon='20.7386936'><time>2024-09-22T09:01:00.000Z</time></trkpt>
	<trkpt lat='38.5780711' lon='20.7248691'><time>2024-09-22T09:32:00.000Z</time></trkpt>
	<trkpt lat='38.580145' lon='20.7237967'><time>2024-09-22T09:34:00.000Z</time></trkpt>
	<trkpt lat='38.5814176' lon='20.7236239'><time>2024-09-22T09:35:00.000Z</time></trkpt>
	<trkpt lat='38.6223833' lon='20.7293067'><time>2024-09-22T10:08:00.000Z</time></trkpt>
	<trkpt lat='38.6542467' lon='20.7267517'><time>2024-09-22T10:44:00.000Z</time></trkpt>
	<trkpt lat='38.6668148' lon='20.724975'><time>2024-09-22T10:55:00.000Z</time></trkpt>
	<trkpt lat='38.6707' lon='20.7265233'><time>2024-09-22T10:58:00.000Z</time></trkpt>
	<trkpt lat='38.6793908' lon='20.7289038'><time>2024-09-22T11:06:00.000Z</time></trkpt>
	<trkpt lat='38.6941317' lon='20.731185'><time>2024-09-22T11:22:00.000Z</time></trkpt>
	<trkpt lat='38.696845' lon='20.73202'><time>2024-09-22T11:26:00.000Z</time></trkpt>
	<trkpt lat='38.6978744' lon='20.7331925'><time>2024-09-22T11:30:00.000Z</time></trkpt>
	<trkpt lat='38.6996823' lon='20.7308125'><time>2024-09-22T11:33:00.000Z</time></trkpt>
	<trkpt lat='38.7019808' lon='20.7268703'><time>2024-09-22T11:36:00.000Z</time></trkpt>
	<trkpt lat='38.7055151' lon='20.7195936'><time>2024-09-22T11:41:00.000Z</time></trkpt>
	<trkpt lat='38.7061267' lon='20.7163217'><time>2024-09-22T11:43:00.000Z</time></trkpt>
	<trkpt lat='38.705995' lon='20.7147083'><time>2024-09-22T11:44:00.000Z</time></trkpt>
	<trkpt lat='38.7047204' lon='20.7126596'><time>2024-09-22T11:46:00.000Z</time></trkpt>
	<trkpt lat='38.7034967' lon='20.71201'><time>2024-09-22T11:48:00.000Z</time></trkpt>
	<trkpt lat='38.7029143' lon='20.712375'><time>2024-09-22T11:50:00.000Z</time></trkpt>
	<trkpt lat='38.7027939' lon='20.711569'><time>2024-09-22T11:51:00.000Z</time></trkpt>
	<trkpt lat='38.7029259' lon='20.7118316'><time>2024-09-22T11:53:00.000Z</time></trkpt>
	<trkpt lat='38.7029633' lon='20.7119325'><time>2024-09-24T08:55:14.000Z</time></trkpt>
	<trkpt lat='38.7036967' lon='20.71209'><time>2024-09-24T08:57:00.000Z</time></trkpt>
	<trkpt lat='38.7055763' lon='20.7138908'><time>2024-09-24T08:59:00.000Z</time></trkpt>
	<trkpt lat='38.7056685' lon='20.7151401'><time>2024-09-24T09:00:00.000Z</time></trkpt>
	<trkpt lat='38.70478' lon='20.7170467'><time>2024-09-24T09:02:00.000Z</time></trkpt>
	<trkpt lat='38.7045641' lon='20.7238615'><time>2024-09-24T09:07:00.000Z</time></trkpt>
	<trkpt lat='38.7054133' lon='20.7394067'><time>2024-09-24T09:19:00.000Z</time></trkpt>
	<trkpt lat='38.7032217' lon='20.7515917'><time>2024-09-24T09:29:00.000Z</time></trkpt>
	<trkpt lat='38.7007761' lon='20.762961'><time>2024-09-24T09:40:00.000Z</time></trkpt>
	<trkpt lat='38.7005517' lon='20.7628633'><time>2024-09-24T09:42:00.000Z</time></trkpt>
	<trkpt lat='38.7029033' lon='20.7705883'><time>2024-09-24T09:49:00.000Z</time></trkpt>
	<trkpt lat='38.7045136' lon='20.7803416'><time>2024-09-24T09:57:00.000Z</time></trkpt>
	<trkpt lat='38.705035' lon='20.7869867'><time>2024-09-24T10:02:00.000Z</time></trkpt>
	<trkpt lat='38.7046067' lon='20.79261'><time>2024-09-24T10:06:00.000Z</time></trkpt>
	<trkpt lat='38.7009583' lon='20.8131983'><time>2024-09-24T10:20:00.000Z</time></trkpt>
	<trkpt lat='38.7008958' lon='20.8146478'><time>2024-09-24T10:21:00.000Z</time></trkpt>
	<trkpt lat='38.702058' lon='20.8159011'><time>2024-09-24T10:23:00.000Z</time></trkpt>
	<trkpt lat='38.7025036' lon='20.8157945'><time>2024-09-24T10:24:00.000Z</time></trkpt>
	<trkpt lat='38.7025233' lon='20.816505'><time>2024-09-24T10:25:00.000Z</time></trkpt>
	<trkpt lat='38.69779' lon='20.8358667'><time>2024-09-24T10:39:00.000Z</time></trkpt>
	<trkpt lat='38.6934417' lon='20.8497283'><time>2024-09-24T10:51:00.000Z</time></trkpt>
	<trkpt lat='38.6895165' lon='20.8594376'><time>2024-09-24T10:59:00.000Z</time></trkpt>
	<trkpt lat='38.6814717' lon='20.8767583'><time>2024-09-24T11:11:00.000Z</time></trkpt>
	<trkpt lat='38.6770075' lon='20.8886643'><time>2024-09-24T11:19:00.000Z</time></trkpt>
	<trkpt lat='38.6713235' lon='20.9068819'><time>2024-09-24T11:33:00.000Z</time></trkpt>
	<trkpt lat='38.6663333' lon='20.926115'><time>2024-09-24T12:03:00.000Z</time></trkpt>
	<trkpt lat='38.6545183' lon='20.9612733'><time>2024-09-24T12:29:00.000Z</time></trkpt>
	<trkpt lat='38.6459817' lon='20.9659183'><time>2024-09-24T12:38:00.000Z</time></trkpt>
	<trkpt lat='38.6450067' lon='20.9662117'><time>2024-09-24T12:39:00.000Z</time></trkpt>
	<trkpt lat='38.6410917' lon='20.96566'><time>2024-09-24T12:43:00.000Z</time></trkpt>
	<trkpt lat='38.629055' lon='20.9472783'><time>2024-09-24T13:02:00.000Z</time></trkpt>
	<trkpt lat='38.6244893' lon='20.9343578'><time>2024-09-24T13:13:00.000Z</time></trkpt>
	<trkpt lat='38.6234533' lon='20.9323417'><time>2024-09-24T13:17:00.000Z</time></trkpt>
	<trkpt lat='38.6224933' lon='20.9318917'><time>2024-09-24T13:23:00.000Z</time></trkpt>
	<trkpt lat='38.6227133' lon='20.9318533'><time>2024-09-25T08:36:25.000Z</time></trkpt>
	<trkpt lat='38.6239203' lon='20.9332918'><time>2024-09-25T08:38:00.000Z</time></trkpt>
	<trkpt lat='38.6242811' lon='20.9347155'><time>2024-09-25T08:39:00.000Z</time></trkpt>
	<trkpt lat='38.6257767' lon='20.9453983'><time>2024-09-25T08:47:00.000Z</time></trkpt>
	<trkpt lat='38.6374155' lon='20.960235'><time>2024-09-25T09:02:00.000Z</time></trkpt>
	<trkpt lat='38.6451795' lon='20.9648949'><time>2024-09-25T09:10:00.000Z</time></trkpt>
	<trkpt lat='38.6461583' lon='20.96513'><time>2024-09-25T09:11:00.000Z</time></trkpt>
	<trkpt lat='38.6518717' lon='20.9619133'><time>2024-09-25T09:17:00.000Z</time></trkpt>
	<trkpt lat='38.6526733' lon='20.9611217'><time>2024-09-25T09:18:00.000Z</time></trkpt>
	<trkpt lat='38.65363' lon='20.958825'><time>2024-09-25T09:20:00.000Z</time></trkpt>
	<trkpt lat='38.6548133' lon='20.95398'><time>2024-09-25T09:24:00.000Z</time></trkpt>
	<trkpt lat='38.6579445' lon='20.9331931'><time>2024-09-25T09:41:00.000Z</time></trkpt>
	<trkpt lat='38.6587883' lon='20.9322517'><time>2024-09-25T09:43:00.000Z</time></trkpt>
	<trkpt lat='38.6650267' lon='20.9283417'><time>2024-09-25T09:54:00.000Z</time></trkpt>
	<trkpt lat='38.6680918' lon='20.9254531'><time>2024-09-25T10:00:00.000Z</time></trkpt>
	<trkpt lat='38.6613383' lon='20.924545'><time>2024-09-25T10:15:00.000Z</time></trkpt>
	<trkpt lat='38.6572916' lon='20.9237473'><time>2024-09-25T10:21:00.000Z</time></trkpt>
	<trkpt lat='38.6555367' lon='20.9232767'><time>2024-09-25T10:23:00.000Z</time></trkpt>
	<trkpt lat='38.6554567' lon='20.9230133'><time>2024-09-25T10:24:00.000Z</time></trkpt>
	<trkpt lat='38.6599208' lon='20.9192668'><time>2024-09-25T10:29:00.000Z</time></trkpt>
	<trkpt lat='38.662003' lon='20.9166795'><time>2024-09-25T10:32:00.000Z</time></trkpt>
	<trkpt lat='38.6643483' lon='20.912355'><time>2024-09-25T10:36:00.000Z</time></trkpt>
	<trkpt lat='38.6673483' lon='20.9055383'><time>2024-09-25T10:42:00.000Z</time></trkpt>
	<trkpt lat='38.6804767' lon='20.8714767'><time>2024-09-25T11:10:00.000Z</time></trkpt>
	<trkpt lat='38.6843683' lon='20.8578917'><time>2024-09-25T11:22:00.000Z</time></trkpt>
	<trkpt lat='38.6870998' lon='20.844318'><time>2024-09-25T11:33:00.000Z</time></trkpt>
	<trkpt lat='38.6871683' lon='20.8436567'><time>2024-09-25T11:34:00.000Z</time></trkpt>
	<trkpt lat='38.6863633' lon='20.8456833'><time>2024-09-25T11:40:00.000Z</time></trkpt>
	<trkpt lat='38.6859154' lon='20.8454948'><time>2024-09-25T11:41:00.000Z</time></trkpt>
	<trkpt lat='38.6855041' lon='20.8414201'><time>2024-09-25T11:44:00.000Z</time></trkpt>
	<trkpt lat='38.6779918' lon='20.8032901'><time>2024-09-25T12:11:00.000Z</time></trkpt>
	<trkpt lat='38.6722436' lon='20.7924063'><time>2024-09-25T12:20:00.000Z</time></trkpt>
	<trkpt lat='38.6719058' lon='20.7913755'><time>2024-09-25T12:21:00.000Z</time></trkpt>
	<trkpt lat='38.6721467' lon='20.7901633'><time>2024-09-25T12:23:00.000Z</time></trkpt>
	<trkpt lat='38.6718236' lon='20.7904106'><time>2024-09-25T12:25:00.000Z</time></trkpt>
	<trkpt lat='38.6721496' lon='20.7902371'><time>2024-09-25T12:27:00.000Z</time></trkpt>
	<trkpt lat='38.6718158' lon='20.7902631'><time>2024-09-26T10:42:00.000Z</time></trkpt>
	<trkpt lat='38.6720481' lon='20.7922385'><time>2024-09-26T10:45:00.000Z</time></trkpt>
	<trkpt lat='38.6736633' lon='20.7941983'><time>2024-09-26T10:47:00.000Z</time></trkpt>
	<trkpt lat='38.675656' lon='20.7952483'><time>2024-09-26T10:49:00.000Z</time></trkpt>
	<trkpt lat='38.6766117' lon='20.7946233'><time>2024-09-26T10:50:00.000Z</time></trkpt>
	<trkpt lat='38.6779553' lon='20.7924894'><time>2024-09-26T10:52:00.000Z</time></trkpt>
	<trkpt lat='38.6798923' lon='20.7847015'><time>2024-09-26T10:58:00.000Z</time></trkpt>
	<trkpt lat='38.6802451' lon='20.7819615'><time>2024-09-26T11:00:00.000Z</time></trkpt>
	<trkpt lat='38.6760255' lon='20.7637396'><time>2024-09-26T11:14:00.000Z</time></trkpt>
	<trkpt lat='38.6756833' lon='20.7610883'><time>2024-09-26T11:16:00.000Z</time></trkpt>
	<trkpt lat='38.671064' lon='20.7424043'><time>2024-09-26T11:30:00.000Z</time></trkpt>
	<trkpt lat='38.6600763' lon='20.7300826'><time>2024-09-26T11:43:00.000Z</time></trkpt>
	<trkpt lat='38.65317' lon='20.7290267'><time>2024-09-26T11:50:00.000Z</time></trkpt>
	<trkpt lat='38.6511717' lon='20.72905'><time>2024-09-26T11:52:00.000Z</time></trkpt>
	<trkpt lat='38.6283705' lon='20.7251081'><time>2024-09-26T12:12:00.000Z</time></trkpt>
	<trkpt lat='38.625945' lon='20.7238367'><time>2024-09-26T12:14:00.000Z</time></trkpt>
	<trkpt lat='38.62485' lon='20.7228533'><time>2024-09-26T12:15:00.000Z</time></trkpt>
	<trkpt lat='38.62207' lon='20.7194166'><time>2024-09-26T12:18:00.000Z</time></trkpt>
	<trkpt lat='38.6212275' lon='20.7183188'><time>2024-09-26T12:19:00.000Z</time></trkpt>
	<trkpt lat='38.6162065' lon='20.70102'><time>2024-09-26T12:31:00.000Z</time></trkpt>
	<trkpt lat='38.614705' lon='20.6938733'><time>2024-09-26T12:36:00.000Z</time></trkpt>
	<trkpt lat='38.614635' lon='20.69234'><time>2024-09-26T12:37:00.000Z</time></trkpt>
	<trkpt lat='38.6155133' lon='20.6911533'><time>2024-09-26T12:38:00.000Z</time></trkpt>
	<trkpt lat='38.620347' lon='20.689265'><time>2024-09-26T12:42:00.000Z</time></trkpt>
	<trkpt lat='38.6234444' lon='20.6842061'><time>2024-09-26T12:48:00.000Z</time></trkpt>
	<trkpt lat='38.624122' lon='20.6819133'><time>2024-09-26T12:57:00.000Z</time></trkpt>
	<trkpt lat='38.6241283' lon='20.6819617'><time>2024-09-27T08:26:00.000Z</time></trkpt>
	<trkpt lat='38.6243' lon='20.6824233'><time>2024-09-27T08:27:00.000Z</time></trkpt>
	<trkpt lat='38.6210278' lon='20.688159'><time>2024-09-27T08:35:00.000Z</time></trkpt>
	<trkpt lat='38.6202768' lon='20.6889973'><time>2024-09-27T08:36:00.000Z</time></trkpt>
	<trkpt lat='38.6193933' lon='20.689485'><time>2024-09-27T08:37:00.000Z</time></trkpt>
	<trkpt lat='38.6163878' lon='20.6901406'><time>2024-09-27T08:40:00.000Z</time></trkpt>
	<trkpt lat='38.61549' lon='20.6906033'><time>2024-09-27T08:41:00.000Z</time></trkpt>
	<trkpt lat='38.6148833' lon='20.6915655'><time>2024-09-27T08:42:00.000Z</time></trkpt>
	<trkpt lat='38.6124544' lon='20.7046685'><time>2024-09-27T08:57:00.000Z</time></trkpt>
	<trkpt lat='38.6132365' lon='20.7080403'><time>2024-09-27T09:01:00.000Z</time></trkpt>
	<trkpt lat='38.6170021' lon='20.7184073'><time>2024-09-27T09:15:00.000Z</time></trkpt>
	<trkpt lat='38.6225893' lon='20.7257899'><time>2024-09-27T09:28:00.000Z</time></trkpt>
	<trkpt lat='38.62987' lon='20.7340367'><time>2024-09-27T09:44:00.000Z</time></trkpt>
	<trkpt lat='38.6303201' lon='20.734451'><time>2024-09-27T09:45:00.000Z</time></trkpt>
	<trkpt lat='38.6327115' lon='20.7340093'><time>2024-09-27T09:49:00.000Z</time></trkpt>
	<trkpt lat='38.651853' lon='20.7275968'><time>2024-09-27T10:12:00.000Z</time></trkpt>
	<trkpt lat='38.661595' lon='20.7194167'><time>2024-09-27T10:28:00.000Z</time></trkpt>
	<trkpt lat='38.6653468' lon='20.7219433'><time>2024-09-27T10:35:00.000Z</time></trkpt>
	<trkpt lat='38.6663' lon='20.72222'><time>2024-09-27T10:38:00.000Z</time></trkpt>
	<trkpt lat='38.69174' lon='20.7576667'><time>2024-09-27T11:14:00.000Z</time></trkpt>
	<trkpt lat='38.6919717' lon='20.76205'><time>2024-09-27T11:28:00.000Z</time></trkpt>
	<trkpt lat='38.6919667' lon='20.7608367'><time>2024-09-27T11:40:00.000Z</time></trkpt>
	<trkpt lat='38.7602536' lon='20.8535678'><time>2024-09-27T13:08:00.000Z</time></trkpt>
	<trkpt lat='38.7622973' lon='20.8538116'><time>2024-09-27T13:11:00.000Z</time></trkpt>
	<trkpt lat='38.7649567' lon='20.8526283'><time>2024-09-27T13:14:00.000Z</time></trkpt>
	<trkpt lat='38.7662106' lon='20.851374'><time>2024-09-27T13:16:00.000Z</time></trkpt>
	<trkpt lat='38.7679033' lon='20.8488483'><time>2024-09-27T13:19:00.000Z</time></trkpt>
	<trkpt lat='38.7705138' lon='20.8462456'><time>2024-09-27T13:23:00.000Z</time></trkpt>
	<trkpt lat='38.771045' lon='20.849395'><time>2024-09-27T13:27:00.000Z</time></trkpt>
	<trkpt lat='38.7739953' lon='20.8571196'><time>2024-09-27T13:33:00.000Z</time></trkpt>
	<trkpt lat='38.77642' lon='20.8683417'><time>2024-09-27T13:42:00.000Z</time></trkpt>
	<trkpt lat='38.7812981' lon='20.8620991'><time>2024-09-27T13:47:00.000Z</time></trkpt>
	<trkpt lat='38.785505' lon='20.8573583'><time>2024-09-27T13:51:00.000Z</time></trkpt>
	<trkpt lat='38.7861216' lon='20.8611921'><time>2024-09-27T13:54:00.000Z</time></trkpt>
	<trkpt lat='38.7865823' lon='20.8622953'><time>2024-09-27T13:55:00.000Z</time></trkpt>
	<trkpt lat='38.7892533' lon='20.8592383'><time>2024-09-27T13:58:00.000Z</time></trkpt>
	<trkpt lat='38.7893865' lon='20.8570045'><time>2024-09-27T14:00:00.000Z</time></trkpt>
	<trkpt lat='38.7931578' lon='20.8551496'><time>2024-09-27T14:07:00.000Z</time></trkpt>
	<trkpt lat='38.7930748' lon='20.855418'><time>2024-09-27T14:12:00.000Z</time></trkpt>
	<trkpt lat='38.7932717' lon='20.8550483'><time>2024-10-01T08:18:00.000Z</time></trkpt>
	<trkpt lat='38.791769' lon='20.853541'><time>2024-10-01T08:22:00.000Z</time></trkpt>
	<trkpt lat='38.7902548' lon='20.8527386'><time>2024-10-01T08:24:00.000Z</time></trkpt>
	<trkpt lat='38.7609733' lon='20.824198'><time>2024-10-01T08:59:00.000Z</time></trkpt>
	<trkpt lat='38.7515517' lon='20.8127767'><time>2024-10-01T09:10:00.000Z</time></trkpt>
	<trkpt lat='38.7432723' lon='20.8051608'><time>2024-10-01T09:21:00.000Z</time></trkpt>
	<trkpt lat='38.7427267' lon='20.8048033'><time>2024-10-01T09:22:00.000Z</time></trkpt>
	<trkpt lat='38.7409533' lon='20.8047733'><time>2024-10-01T09:25:00.000Z</time></trkpt>
	<trkpt lat='38.7370083' lon='20.8039583'><time>2024-10-01T09:29:00.000Z</time></trkpt>
	<trkpt lat='38.7342917' lon='20.8031533'><time>2024-10-01T09:31:00.000Z</time></trkpt>
	<trkpt lat='38.7329985' lon='20.8023661'><time>2024-10-01T09:32:00.000Z</time></trkpt>
	<trkpt lat='38.7305433' lon='20.799455'><time>2024-10-01T09:34:00.000Z</time></trkpt>
	<trkpt lat='38.7278871' lon='20.7969293'><time>2024-10-01T09:36:00.000Z</time></trkpt>
	<trkpt lat='38.7127148' lon='20.7832948'><time>2024-10-01T09:47:00.000Z</time></trkpt>
	<trkpt lat='38.7064046' lon='20.776586'><time>2024-10-01T09:52:00.000Z</time></trkpt>
	<trkpt lat='38.6876667' lon='20.7524217'><time>2024-10-01T10:09:00.000Z</time></trkpt>
	<trkpt lat='38.6644526' lon='20.7313561'><time>2024-10-01T10:37:00.000Z</time></trkpt>
	<trkpt lat='38.6637717' lon='20.7308567'><time>2024-10-01T10:38:00.000Z</time></trkpt>
	<trkpt lat='38.6607968' lon='20.7299026'><time>2024-10-01T10:42:00.000Z</time></trkpt>
	<trkpt lat='38.6411233' lon='20.7274133'><time>2024-10-01T11:12:00.000Z</time></trkpt>
	<trkpt lat='38.6353333' lon='20.72772'><time>2024-10-01T11:23:00.000Z</time></trkpt>
	<trkpt lat='38.632025' lon='20.7271967'><time>2024-10-01T11:28:00.000Z</time></trkpt>
	<trkpt lat='38.6252817' lon='20.723155'><time>2024-10-01T11:36:00.000Z</time></trkpt>
	<trkpt lat='38.624295' lon='20.7221645'><time>2024-10-01T11:37:00.000Z</time></trkpt>
	<trkpt lat='38.6220448' lon='20.7184465'><time>2024-10-01T11:40:00.000Z</time></trkpt>
	<trkpt lat='38.6193133' lon='20.7129851'><time>2024-10-01T11:44:00.000Z</time></trkpt>
	<trkpt lat='38.6191167' lon='20.71153'><time>2024-10-01T11:45:00.000Z</time></trkpt>
	<trkpt lat='38.6198486' lon='20.7087176'><time>2024-10-01T11:47:00.000Z</time></trkpt>
	<trkpt lat='38.6194267' lon='20.7077783'><time>2024-10-01T11:48:00.000Z</time></trkpt>
	<trkpt lat='38.6194761' lon='20.7067705'><time>2024-10-01T11:49:00.000Z</time></trkpt>
	<trkpt lat='38.61694' lon='20.6995183'><time>2024-10-01T11:54:00.000Z</time></trkpt>
	<trkpt lat='38.61489' lon='20.69201'><time>2024-10-01T11:59:00.000Z</time></trkpt>
	<trkpt lat='38.61547' lon='20.690905'><time>2024-10-01T12:00:00.000Z</time></trkpt>
	<trkpt lat='38.6188043' lon='20.6900713'><time>2024-10-01T12:03:00.000Z</time></trkpt>
	<trkpt lat='38.6209081' lon='20.6887956'><time>2024-10-01T12:05:00.000Z</time></trkpt>
	<trkpt lat='38.623778' lon='20.6829291'><time>2024-10-01T12:10:00.000Z</time></trkpt>
	<trkpt lat='38.6240174' lon='20.6818145'><time>2024-10-01T12:16:00.000Z</time></trkpt>
	<trkpt lat='38.6239504' lon='20.6818247'><time>2024-10-02T07:47:17.000Z</time></trkpt>
	<trkpt lat='38.6234408' lon='20.6843323'><time>2024-10-02T07:51:00.000Z</time></trkpt>
	<trkpt lat='38.6217345' lon='20.6872151'><time>2024-10-02T07:54:00.000Z</time></trkpt>
	<trkpt lat='38.6204228' lon='20.6886708'><time>2024-10-02T07:56:00.000Z</time></trkpt>
	<trkpt lat='38.6195783' lon='20.6888767'><time>2024-10-02T07:57:00.000Z</time></trkpt>
	<trkpt lat='38.6178117' lon='20.68895'><time>2024-10-02T07:59:00.000Z</time></trkpt>
	<trkpt lat='38.607815' lon='20.6879833'><time>2024-10-02T08:07:00.000Z</time></trkpt>
	<trkpt lat='38.6065683' lon='20.6876567'><time>2024-10-02T08:08:00.000Z</time></trkpt>
	<trkpt lat='38.604234' lon='20.686114'><time>2024-10-02T08:10:00.000Z</time></trkpt>
	<trkpt lat='38.580343' lon='20.652507'><time>2024-10-02T08:37:00.000Z</time></trkpt>
	<trkpt lat='38.5779598' lon='20.6485599'><time>2024-10-02T08:40:01.000Z</time></trkpt>
	<trkpt lat='38.5771267' lon='20.6416983'><time>2024-10-02T08:44:00.000Z</time></trkpt>
	<trkpt lat='38.5602828' lon='20.5548886'><time>2024-10-02T09:35:00.000Z</time></trkpt>
	<trkpt lat='38.5592178' lon='20.5395353'><time>2024-10-02T09:44:00.000Z</time></trkpt>
	<trkpt lat='38.5713288' lon='20.5390433'><time>2024-10-02T09:53:00.000Z</time></trkpt>
	<trkpt lat='38.6105595' lon='20.5405308'><time>2024-10-02T10:21:00.000Z</time></trkpt>
	<trkpt lat='38.6773217' lon='20.5485333'><time>2024-10-02T11:06:00.000Z</time></trkpt>
	<trkpt lat='38.6787909' lon='20.5487416'><time>2024-10-02T11:07:00.000Z</time></trkpt>
	<trkpt lat='38.6801688' lon='20.5494215'><time>2024-10-02T11:08:00.000Z</time></trkpt>
	<trkpt lat='38.6830633' lon='20.5494467'><time>2024-10-02T11:10:00.000Z</time></trkpt>
	<trkpt lat='38.7492267' lon='20.580555'><time>2024-10-02T11:57:00.000Z</time></trkpt>
	<trkpt lat='38.7522723' lon='20.5816891'><time>2024-10-02T11:59:00.000Z</time></trkpt>
	<trkpt lat='38.7629178' lon='20.5840696'><time>2024-10-02T12:06:00.000Z</time></trkpt>
	<trkpt lat='38.7937483' lon='20.600745'><time>2024-10-02T12:30:00.000Z</time></trkpt>
	<trkpt lat='38.8014717' lon='20.60498'><time>2024-10-02T12:36:00.000Z</time></trkpt>
	<trkpt lat='38.8119233' lon='20.6161367'><time>2024-10-02T12:48:00.000Z</time></trkpt>
	<trkpt lat='38.820935' lon='20.6266533'><time>2024-10-02T12:59:00.000Z</time></trkpt>
	<trkpt lat='38.830903' lon='20.6361896'><time>2024-10-02T13:09:00.000Z</time></trkpt>
	<trkpt lat='38.8465553' lon='20.6526291'><time>2024-10-02T13:25:00.000Z</time></trkpt>
	<trkpt lat='38.8539533' lon='20.6584683'><time>2024-10-02T13:31:00.000Z</time></trkpt>
	<trkpt lat='38.8622363' lon='20.664325'><time>2024-10-02T13:37:00.000Z</time></trkpt>
	<trkpt lat='38.8677415' lon='20.6692328'><time>2024-10-02T13:42:00.000Z</time></trkpt>
	<trkpt lat='38.8837888' lon='20.6842005'><time>2024-10-02T13:58:00.000Z</time></trkpt>
	<trkpt lat='38.9059258' lon='20.7060206'><time>2024-10-02T14:21:00.000Z</time></trkpt>
	<trkpt lat='38.9254978' lon='20.7238411'><time>2024-10-02T14:41:00.000Z</time></trkpt>
	<trkpt lat='38.9353609' lon='20.7360739'><time>2024-10-02T14:52:00.000Z</time></trkpt>
	<trkpt lat='38.9382958' lon='20.744642'><time>2024-10-02T14:58:00.000Z</time></trkpt>
	<trkpt lat='38.9406658' lon='20.7504378'><time>2024-10-02T15:02:00.000Z</time></trkpt>
	<trkpt lat='38.9414343' lon='20.7519265'><time>2024-10-02T15:03:00.000Z</time></trkpt>
	<trkpt lat='38.9450448' lon='20.7557596'><time>2024-10-02T15:06:00.000Z</time></trkpt>
	<trkpt lat='38.9488558' lon='20.7585878'><time>2024-10-02T15:09:01.000Z</time></trkpt>
	<trkpt lat='38.9563133' lon='20.7611533'><time>2024-10-02T15:18:00.000Z</time></trkpt>
	<trkpt lat='38.96123' lon='20.7635783'><time>2024-10-02T15:22:00.000Z</time></trkpt>
	<trkpt lat='38.96232' lon='20.7633767'><time>2024-10-02T15:23:00.000Z</time></trkpt>
	<trkpt lat='38.9632353' lon='20.7627778'><time>2024-10-02T15:24:00.000Z</time></trkpt>
	<trkpt lat='38.9644017' lon='20.762765'><time>2024-10-02T15:25:00.000Z</time></trkpt>
	<trkpt lat='38.9654113' lon='20.7631336'><time>2024-10-02T15:26:00.000Z</time></trkpt>
	<trkpt lat='38.9670433' lon='20.7645933'><time>2024-10-02T15:28:00.000Z</time></trkpt>
	<trkpt lat='38.9694663' lon='20.7626338'><time>2024-10-02T15:32:00.000Z</time></trkpt>
	<trkpt lat='38.969988' lon='20.762828'><time>2024-10-02T15:33:00.000Z</time></trkpt>
	<trkpt lat='38.9696167' lon='20.7630467'><time>2024-10-02T15:34:00.000Z</time></trkpt>
	<trkpt lat='38.969625' lon='20.7626333'><time>2024-10-02T15:35:00.000Z</time></trkpt>
	<trkpt lat='38.9697065' lon='20.76288'><time>2024-10-02T15:38:00.000Z</time></trkpt>
	<trkpt lat='38.969605' lon='20.76208'><time>2024-10-03T08:02:56.000Z</time></trkpt>
	<trkpt lat='38.9672756' lon='20.7621605'><time>2024-10-03T08:06:00.000Z</time></trkpt>
	<trkpt lat='38.9617567' lon='20.763955'><time>2024-10-03T08:11:00.000Z</time></trkpt>
	<trkpt lat='38.9570893' lon='20.7608551'><time>2024-10-03T08:15:00.000Z</time></trkpt>
	<trkpt lat='38.9529217' lon='20.7590667'><time>2024-10-03T08:18:00.000Z</time></trkpt>
	<trkpt lat='38.9488885' lon='20.7579665'><time>2024-10-03T08:21:00.000Z</time></trkpt>
	<trkpt lat='38.9429103' lon='20.753118'><time>2024-10-03T08:26:00.000Z</time></trkpt>
	<trkpt lat='38.9398391' lon='20.7474908'><time>2024-10-03T08:30:00.000Z</time></trkpt>
	<trkpt lat='38.9370783' lon='20.7394926'><time>2024-10-03T08:35:00.000Z</time></trkpt>
	<trkpt lat='38.9371161' lon='20.7355681'><time>2024-10-03T08:37:00.000Z</time></trkpt>
	<trkpt lat='38.9383105' lon='20.7282668'><time>2024-10-03T08:41:00.000Z</time></trkpt>
	<trkpt lat='38.9419686' lon='20.7222796'><time>2024-10-03T08:45:00.000Z</time></trkpt>
	<trkpt lat='38.9547133' lon='20.6971319'><time>2024-10-03T09:01:00.000Z</time></trkpt>
	<trkpt lat='38.9564286' lon='20.6943628'><time>2024-10-03T09:03:00.000Z</time></trkpt>
	<trkpt lat='38.9604185' lon='20.6892843'><time>2024-10-03T09:07:00.000Z</time></trkpt>
	<trkpt lat='38.9669766' lon='20.6778745'><time>2024-10-03T09:15:00.000Z</time></trkpt>
	<trkpt lat='38.9831736' lon='20.6512648'><time>2024-10-03T09:34:00.000Z</time></trkpt>
	<trkpt lat='39.01272' lon='20.5983788'><time>2024-10-03T10:13:00.000Z</time></trkpt>
	<trkpt lat='39.02148' lon='20.580775'><time>2024-10-03T10:26:00.000Z</time></trkpt>
	<trkpt lat='39.0274441' lon='20.5673433'><time>2024-10-03T10:36:00.000Z</time></trkpt>
	<trkpt lat='39.03705' lon='20.5469683'><time>2024-10-03T10:52:00.000Z</time></trkpt>
	<trkpt lat='39.1458371' lon='20.4405081'><time>2024-10-03T12:57:00.000Z</time></trkpt>
	<trkpt lat='39.1474978' lon='20.4388954'><time>2024-10-03T13:00:00.000Z</time></trkpt>
	<trkpt lat='39.1487665' lon='20.438229'><time>2024-10-03T13:02:00.000Z</time></trkpt>
	<trkpt lat='39.1505433' lon='20.4340933'><time>2024-10-03T13:07:00.000Z</time></trkpt>
	<trkpt lat='39.1522998' lon='20.4280221'><time>2024-10-03T13:13:00.000Z</time></trkpt>
	<trkpt lat='39.1729911' lon='20.328078'><time>2024-10-03T14:12:00.000Z</time></trkpt>
	<trkpt lat='39.1782767' lon='20.309885'><time>2024-10-03T14:22:00.000Z</time></trkpt>
	<trkpt lat='39.204315' lon='20.2096517'><time>2024-10-03T15:18:00.000Z</time></trkpt>
	<trkpt lat='39.206693' lon='20.1950705'><time>2024-10-03T15:28:00.000Z</time></trkpt>
	<trkpt lat='39.2060833' lon='20.1934267'><time>2024-10-03T15:29:00.000Z</time></trkpt>
	<trkpt lat='39.2050708' lon='20.1923623'><time>2024-10-03T15:30:00.000Z</time></trkpt>
	<trkpt lat='39.2041117' lon='20.1920533'><time>2024-10-03T15:31:00.000Z</time></trkpt>
	<trkpt lat='39.2032008' lon='20.1921845'><time>2024-10-03T15:33:00.000Z</time></trkpt>
	<trkpt lat='39.2033' lon='20.1918833'><time>2024-10-03T15:34:00.000Z</time></trkpt>
	<trkpt lat='39.2029317' lon='20.1923083'><time>2024-10-03T15:36:00.000Z</time></trkpt>
	<trkpt lat='39.2029717' lon='20.192105'><time>2024-10-03T15:38:00.000Z</time></trkpt>
	<trkpt lat='39.2029633' lon='20.1921483'><time>2024-10-04T05:10:00.000Z</time></trkpt>
	<trkpt lat='39.2036766' lon='20.1916775'><time>2024-10-04T05:12:00.000Z</time></trkpt>
	<trkpt lat='39.2076003' lon='20.1918436'><time>2024-10-04T05:15:00.000Z</time></trkpt>
	<trkpt lat='39.265385' lon='20.1782283'><time>2024-10-04T05:46:00.000Z</time></trkpt>
	<trkpt lat='39.27085' lon='20.1760067'><time>2024-10-04T05:49:00.000Z</time></trkpt>
	<trkpt lat='39.2804533' lon='20.1734917'><time>2024-10-04T05:54:00.000Z</time></trkpt>
	<trkpt lat='39.2984435' lon='20.1706283'><time>2024-10-04T06:03:00.000Z</time></trkpt>
	<trkpt lat='39.3166326' lon='20.1697113'><time>2024-10-04T06:12:00.000Z</time></trkpt>
	<trkpt lat='39.3287731' lon='20.1680026'><time>2024-10-04T06:18:00.000Z</time></trkpt>
	<trkpt lat='39.3369576' lon='20.1673128'><time>2024-10-04T06:22:00.000Z</time></trkpt>
	<trkpt lat='39.3449583' lon='20.1658286'><time>2024-10-04T06:26:00.000Z</time></trkpt>
	<trkpt lat='39.3487991' lon='20.1645836'><time>2024-10-04T06:28:00.000Z</time></trkpt>
	<trkpt lat='39.3640621' lon='20.1607416'><time>2024-10-04T06:36:00.000Z</time></trkpt>
	<trkpt lat='39.3677683' lon='20.1593917'><time>2024-10-04T06:38:00.000Z</time></trkpt>
	<trkpt lat='39.3712955' lon='20.1573508'><time>2024-10-04T06:40:00.000Z</time></trkpt>
	<trkpt lat='39.3748617' lon='20.15599'><time>2024-10-04T06:42:00.000Z</time></trkpt>
	<trkpt lat='39.3819938' lon='20.1519351'><time>2024-10-04T06:46:00.000Z</time></trkpt>
	<trkpt lat='39.3965411' lon='20.144734'><time>2024-10-04T06:54:00.000Z</time></trkpt>
	<trkpt lat='39.412299' lon='20.1357275'><time>2024-10-04T07:03:00.000Z</time></trkpt>
	<trkpt lat='39.4229491' lon='20.1292413'><time>2024-10-04T07:09:00.000Z</time></trkpt>
	<trkpt lat='39.4285283' lon='20.1263783'><time>2024-10-04T07:12:00.000Z</time></trkpt>
	<trkpt lat='39.43203' lon='20.1239367'><time>2024-10-04T07:14:00.000Z</time></trkpt>
	<trkpt lat='39.4432817' lon='20.117125'><time>2024-10-04T07:20:00.000Z</time></trkpt>
	<trkpt lat='39.448725' lon='20.1127783'><time>2024-10-04T07:23:00.000Z</time></trkpt>
	<trkpt lat='39.4664915' lon='20.0998596'><time>2024-10-04T07:33:00.000Z</time></trkpt>
	<trkpt lat='39.4801683' lon='20.0886631'><time>2024-10-04T07:41:00.000Z</time></trkpt>
	<trkpt lat='39.4899855' lon='20.0787383'><time>2024-10-04T07:47:00.000Z</time></trkpt>
	<trkpt lat='39.4993467' lon='20.0685783'><time>2024-10-04T07:53:00.000Z</time></trkpt>
	<trkpt lat='39.5109533' lon='20.0579283'><time>2024-10-04T08:00:00.000Z</time></trkpt>
	<trkpt lat='39.522225' lon='20.0482583'><time>2024-10-04T08:07:00.000Z</time></trkpt>
	<trkpt lat='39.5370828' lon='20.0340458'><time>2024-10-04T08:17:00.000Z</time></trkpt>
	<trkpt lat='39.54313' lon='20.0294828'><time>2024-10-04T08:21:00.000Z</time></trkpt>
	<trkpt lat='39.57251' lon='20.0019283'><time>2024-10-04T08:41:00.000Z</time></trkpt>
	<trkpt lat='39.5805153' lon='19.9954455'><time>2024-10-04T08:46:00.000Z</time></trkpt>
	<trkpt lat='39.606616' lon='19.9770043'><time>2024-10-04T09:02:00.000Z</time></trkpt>
	<trkpt lat='39.6105878' lon='19.9692386'><time>2024-10-04T09:06:00.000Z</time></trkpt>
	<trkpt lat='39.6165603' lon='19.9603798'><time>2024-10-04T09:11:00.000Z</time></trkpt>
	<trkpt lat='39.6230184' lon='19.9492675'><time>2024-10-04T09:17:00.000Z</time></trkpt>
	<trkpt lat='39.6265138' lon='19.94171'><time>2024-10-04T09:21:00.000Z</time></trkpt>
	<trkpt lat='39.62984' lon='19.9334583'><time>2024-10-04T09:25:00.000Z</time></trkpt>
	<trkpt lat='39.6336323' lon='19.9193136'><time>2024-10-04T09:32:00.000Z</time></trkpt>
	<trkpt lat='39.6354038' lon='19.9090313'><time>2024-10-04T09:38:00.000Z</time></trkpt>
	<trkpt lat='39.6352383' lon='19.9033167'><time>2024-10-04T09:41:00.000Z</time></trkpt>
	<trkpt lat='39.6328935' lon='19.8950254'><time>2024-10-04T09:48:00.000Z</time></trkpt>
	<trkpt lat='39.6341715' lon='19.893377'><time>2024-10-04T09:54:00.000Z</time></trkpt>
	<trkpt lat='39.63401' lon='19.8936667'><time>2024-10-06T08:20:00.000Z</time></trkpt>
	<trkpt lat='39.6372011' lon='19.8956569'><time>2024-10-06T08:24:00.000Z</time></trkpt>
	<trkpt lat='39.66068' lon='19.907485'><time>2024-10-06T08:45:00.000Z</time></trkpt>
	<trkpt lat='39.6712161' lon='19.9095996'><time>2024-10-06T09:02:00.000Z</time></trkpt>
	<trkpt lat='39.6766726' lon='19.90955'><time>2024-10-06T09:09:00.000Z</time></trkpt>
	<trkpt lat='39.6827367' lon='19.9072033'><time>2024-10-06T09:16:00.000Z</time></trkpt>
	<trkpt lat='39.6905741' lon='19.900601'><time>2024-10-06T09:26:00.000Z</time></trkpt>
	<trkpt lat='39.69025' lon='19.901175'><time>2024-10-06T09:30:00.000Z</time></trkpt>
	<trkpt lat='39.6901833' lon='19.9043617'><time>2024-10-06T09:34:00.000Z</time></trkpt>
	<trkpt lat='39.6913983' lon='19.9103367'><time>2024-10-06T09:42:00.000Z</time></trkpt>
	<trkpt lat='39.6911433' lon='19.9115833'><time>2024-10-06T09:45:00.000Z</time></trkpt>
	<trkpt lat='39.6914276' lon='19.9122596'><time>2024-10-06T09:48:00.000Z</time></trkpt>
	<trkpt lat='39.7184725' lon='19.9302286'><time>2024-10-06T10:16:00.000Z</time></trkpt>
	<trkpt lat='39.7231256' lon='19.9378851'><time>2024-10-06T10:26:00.000Z</time></trkpt>
	<trkpt lat='39.7254803' lon='19.9409565'><time>2024-10-06T10:29:00.000Z</time></trkpt>
	<trkpt lat='39.7336535' lon='19.9487441'><time>2024-10-06T10:37:00.000Z</time></trkpt>
	<trkpt lat='39.7391123' lon='19.9544663'><time>2024-10-06T10:42:00.000Z</time></trkpt>
	<trkpt lat='39.7521661' lon='19.966033'><time>2024-10-06T10:52:00.000Z</time></trkpt>
	<trkpt lat='39.7574623' lon='19.9700825'><time>2024-10-06T10:56:00.000Z</time></trkpt>
	<trkpt lat='39.7617533' lon='19.9728867'><time>2024-10-06T10:59:00.000Z</time></trkpt>
	<trkpt lat='39.7707438' lon='19.9777646'><time>2024-10-06T11:05:00.000Z</time></trkpt>
	<trkpt lat='39.772245' lon='19.9784635'><time>2024-10-06T11:06:00.000Z</time></trkpt>
	<trkpt lat='39.7730878' lon='19.9783616'><time>2024-10-06T11:07:00.000Z</time></trkpt>
	<trkpt lat='39.7722667' lon='19.9770183'><time>2024-10-06T11:08:00.000Z</time></trkpt>
	<trkpt lat='39.769725' lon='19.9762317'><time>2024-10-06T11:10:00.000Z</time></trkpt>
	<trkpt lat='39.768905' lon='19.97508'><time>2024-10-06T11:11:00.000Z</time></trkpt>
	<trkpt lat='39.7679083' lon='19.9743917'><time>2024-10-06T11:12:00.000Z</time></trkpt>
	<trkpt lat='39.767285' lon='19.97326'><time>2024-10-06T11:13:00.000Z</time></trkpt>
	<trkpt lat='39.7654376' lon='19.964381'><time>2024-10-06T11:19:00.000Z</time></trkpt>
	<trkpt lat='39.7645631' lon='19.9567553'><time>2024-10-06T11:26:00.000Z</time></trkpt>
	<trkpt lat='39.7653045' lon='19.9525226'><time>2024-10-06T11:29:00.000Z</time></trkpt>
	<trkpt lat='39.7663595' lon='19.9496776'><time>2024-10-06T11:36:00.000Z</time></trkpt>
	<trkpt lat='39.7664583' lon='19.9495067'><time>2024-10-08T07:11:44.000Z</time></trkpt>
	<trkpt lat='39.7653433' lon='19.951165'><time>2024-10-08T07:14:00.000Z</time></trkpt>
	<trkpt lat='39.7650909' lon='19.9521908'><time>2024-10-08T07:15:00.000Z</time></trkpt>
	<trkpt lat='39.7650443' lon='19.9544238'><time>2024-10-08T07:17:00.000Z</time></trkpt>
	<trkpt lat='39.7653917' lon='19.9555467'><time>2024-10-08T07:18:00.000Z</time></trkpt>
	<trkpt lat='39.7688394' lon='19.9603136'><time>2024-10-08T07:23:00.000Z</time></trkpt>
	<trkpt lat='39.7704133' lon='19.9620667'><time>2024-10-08T07:25:00.000Z</time></trkpt>
	<trkpt lat='39.7713183' lon='19.9623833'><time>2024-10-08T07:26:00.000Z</time></trkpt>
	<trkpt lat='39.7727876' lon='19.9618808'><time>2024-10-08T07:28:00.000Z</time></trkpt>
	<trkpt lat='39.7861549' lon='19.9535134'><time>2024-10-08T07:49:00.000Z</time></trkpt>
	<trkpt lat='39.8249961' lon='19.8698769'><time>2024-10-08T09:01:00.000Z</time></trkpt>
	<trkpt lat='39.8338067' lon='19.7932117'><time>2024-10-08T10:04:00.000Z</time></trkpt>
	<trkpt lat='39.835165' lon='19.786385'><time>2024-10-08T10:12:00.000Z</time></trkpt>
	<trkpt lat='39.8341' lon='19.76698'><time>2024-10-08T10:34:00.000Z</time></trkpt>
	<trkpt lat='39.8496986' lon='19.640198'><time>2024-10-08T11:55:00.000Z</time></trkpt>
	<trkpt lat='39.8490717' lon='19.6295567'><time>2024-10-08T12:01:00.000Z</time></trkpt>
	<trkpt lat='39.8483' lon='19.623175'><time>2024-10-08T12:04:00.000Z</time></trkpt>
	<trkpt lat='39.8181519' lon='19.4057458'><time>2024-10-08T13:49:00.000Z</time></trkpt>
	<trkpt lat='39.81274' lon='19.18639'><time>2024-10-08T15:40:00.000Z</time></trkpt>
	<trkpt lat='39.8085733' lon='19.03338'><time>2024-10-08T16:57:00.000Z</time></trkpt>
	<trkpt lat='39.8033167' lon='18.809215'><time>2024-10-08T18:39:00.000Z</time></trkpt>
	<trkpt lat='39.80285' lon='18.8049417'><time>2024-10-08T18:41:00.000Z</time></trkpt>
	<trkpt lat='39.80289' lon='18.7939467'><time>2024-10-08T18:46:00.000Z</time></trkpt>
	<trkpt lat='39.8022183' lon='18.7918833'><time>2024-10-08T18:47:00.000Z</time></trkpt>
	<trkpt lat='39.8026933' lon='18.7898217'><time>2024-10-08T18:48:00.000Z</time></trkpt>
	<trkpt lat='39.8026133' lon='18.7807467'><time>2024-10-08T18:52:00.000Z</time></trkpt>
	<trkpt lat='39.8009817' lon='18.7152317'><time>2024-10-08T19:21:00.000Z</time></trkpt>
	<trkpt lat='39.8005483' lon='18.7085467'><time>2024-10-08T19:24:00.000Z</time></trkpt>
	<trkpt lat='39.800085' lon='18.68069'><time>2024-10-08T19:36:00.000Z</time></trkpt>
	<trkpt lat='39.7993383' lon='18.6616567'><time>2024-10-08T19:44:00.000Z</time></trkpt>
	<trkpt lat='39.7992' lon='18.64732'><time>2024-10-08T19:50:00.000Z</time></trkpt>
	<trkpt lat='39.796355' lon='18.5379983'><time>2024-10-08T20:36:00.000Z</time></trkpt>
	<trkpt lat='39.7939133' lon='18.4486317'><time>2024-10-08T21:17:00.000Z</time></trkpt>
	<trkpt lat='39.790255' lon='18.367895'><time>2024-10-08T21:58:00.000Z</time></trkpt>
	<trkpt lat='39.7903183' lon='18.3633833'><time>2024-10-08T22:00:00.000Z</time></trkpt>
	<trkpt lat='39.79131' lon='18.3564367'><time>2024-10-08T22:04:00.000Z</time></trkpt>
	<trkpt lat='39.7927817' lon='18.3565117'><time>2024-10-08T22:05:00.000Z</time></trkpt>
	<trkpt lat='39.79396' lon='18.3574483'><time>2024-10-08T22:06:00.000Z</time></trkpt>
	<trkpt lat='39.795025' lon='18.3611517'><time>2024-10-08T22:09:00.000Z</time></trkpt>
	<trkpt lat='39.7949717' lon='18.360705'><time>2024-10-08T22:13:00.000Z</time></trkpt>
	<trkpt lat='39.7945117' lon='18.3606483'><time>2024-10-12T06:11:32.000Z</time></trkpt>
	<trkpt lat='39.7947' lon='18.3595533'><time>2024-10-12T06:13:00.000Z</time></trkpt>
	<trkpt lat='39.794035' lon='18.3570567'><time>2024-10-12T06:15:00.000Z</time></trkpt>
	<trkpt lat='39.7614733' lon='18.3139117'><time>2024-10-12T06:45:00.000Z</time></trkpt>
	<trkpt lat='39.7586817' lon='18.310605'><time>2024-10-12T06:47:00.000Z</time></trkpt>
	<trkpt lat='39.68465' lon='18.2136467'><time>2024-10-12T07:42:00.000Z</time></trkpt>
	<trkpt lat='39.6835067' lon='18.21166'><time>2024-10-12T07:43:00.000Z</time></trkpt>
	<trkpt lat='39.67798' lon='18.204895'><time>2024-10-12T07:47:00.000Z</time></trkpt>
	<trkpt lat='39.5807467' lon='18.0778567'><time>2024-10-12T09:00:00.000Z</time></trkpt>
	<trkpt lat='39.53135' lon='18.0138583'><time>2024-10-12T09:37:00.000Z</time></trkpt>
	<trkpt lat='39.5261317' lon='18.0067183'><time>2024-10-12T09:41:00.000Z</time></trkpt>
	<trkpt lat='39.519465' lon='17.998465'><time>2024-10-12T09:46:00.000Z</time></trkpt>
	<trkpt lat='39.4602283' lon='17.9214867'><time>2024-10-12T10:31:00.000Z</time></trkpt>
	<trkpt lat='39.3157583' lon='17.73492'><time>2024-10-12T12:32:00.000Z</time></trkpt>
	<trkpt lat='39.1201117' lon='17.4846917'><time>2024-10-12T16:15:00.000Z</time></trkpt>
	<trkpt lat='39.0925567' lon='17.44801'><time>2024-10-12T17:06:00.000Z</time></trkpt>
	<trkpt lat='38.9794067' lon='17.30288'><time>2024-10-12T19:04:00.000Z</time></trkpt>
	<trkpt lat='38.8761717' lon='17.171095'><time>2024-10-12T21:02:00.000Z</time></trkpt>
	<trkpt lat='38.8675417' lon='17.1604983'><time>2024-10-12T21:14:00.000Z</time></trkpt>
	<trkpt lat='38.8662683' lon='17.1583383'><time>2024-10-12T21:17:00.000Z</time></trkpt>
	<trkpt lat='38.8116633' lon='17.0892017'><time>2024-10-12T22:20:00.000Z</time></trkpt>
	<trkpt lat='38.8106333' lon='17.0875567'><time>2024-10-12T22:22:00.000Z</time></trkpt>
	<trkpt lat='38.7443483' lon='17.003795'><time>2024-10-12T23:39:00.000Z</time></trkpt>
	<trkpt lat='38.7407' lon='16.9987417'><time>2024-10-12T23:45:00.000Z</time></trkpt>
	<trkpt lat='38.71953' lon='16.9721867'><time>2024-10-13T00:09:00.000Z</time></trkpt>
	<trkpt lat='38.7139167' lon='16.9647083'><time>2024-10-13T00:14:00.000Z</time></trkpt>
	<trkpt lat='38.7088733' lon='16.9587333'><time>2024-10-13T00:19:00.000Z</time></trkpt>
	<trkpt lat='38.7081033' lon='16.9572033'><time>2024-10-13T00:20:00.000Z</time></trkpt>
	<trkpt lat='38.7014833' lon='16.9492817'><time>2024-10-13T00:26:00.000Z</time></trkpt>
	<trkpt lat='38.6371417' lon='16.86788'><time>2024-10-13T01:16:00.000Z</time></trkpt>
	<trkpt lat='38.6265917' lon='16.8540333'><time>2024-10-13T01:24:00.000Z</time></trkpt>
	<trkpt lat='38.6251817' lon='16.8498267'><time>2024-10-13T01:26:00.000Z</time></trkpt>
	<trkpt lat='38.622215' lon='16.847005'><time>2024-10-13T01:28:00.000Z</time></trkpt>
	<trkpt lat='38.61832' lon='16.8417767'><time>2024-10-13T01:31:00.000Z</time></trkpt>
	<trkpt lat='38.6172567' lon='16.8398567'><time>2024-10-13T01:32:00.000Z</time></trkpt>
	<trkpt lat='38.6142817' lon='16.8368917'><time>2024-10-13T01:34:00.000Z</time></trkpt>
	<trkpt lat='38.5942017' lon='16.811745'><time>2024-10-13T01:49:00.000Z</time></trkpt>
	<trkpt lat='38.5867417' lon='16.8056183'><time>2024-10-13T01:55:00.000Z</time></trkpt>
	<trkpt lat='38.5748867' lon='16.7931383'><time>2024-10-13T02:06:00.000Z</time></trkpt>
	<trkpt lat='38.562485' lon='16.780705'><time>2024-10-13T02:19:00.000Z</time></trkpt>
	<trkpt lat='38.5539817' lon='16.774975'><time>2024-10-13T02:26:00.000Z</time></trkpt>
	<trkpt lat='38.5449533' lon='16.7694317'><time>2024-10-13T02:33:00.000Z</time></trkpt>
	<trkpt lat='38.5437883' lon='16.7683917'><time>2024-10-13T02:34:00.000Z</time></trkpt>
	<trkpt lat='38.3880833' lon='16.5605967'><time>2024-10-13T05:29:00.000Z</time></trkpt>
	<trkpt lat='38.33832' lon='16.4763217'><time>2024-10-13T06:40:00.000Z</time></trkpt>
	<trkpt lat='38.3344551' lon='16.4713126'><time>2024-10-13T06:46:00.000Z</time></trkpt>
	<trkpt lat='38.3287683' lon='16.4610783'><time>2024-10-13T06:56:00.000Z</time></trkpt>
	<trkpt lat='38.3230636' lon='16.4391473'><time>2024-10-13T07:16:00.000Z</time></trkpt>
	<trkpt lat='38.32302' lon='16.4324317'><time>2024-10-13T07:20:00.000Z</time></trkpt>
	<trkpt lat='38.3233973' lon='16.4308728'><time>2024-10-13T07:21:00.000Z</time></trkpt>
	<trkpt lat='38.3242516' lon='16.4297411'><time>2024-10-13T07:22:00.000Z</time></trkpt>
	<trkpt lat='38.3251533' lon='16.430075'><time>2024-10-13T07:23:00.000Z</time></trkpt>
	<trkpt lat='38.3260267' lon='16.4320167'><time>2024-10-13T07:25:00.000Z</time></trkpt>
	<trkpt lat='38.3271883' lon='16.433595'><time>2024-10-13T07:27:00.000Z</time></trkpt>
	<trkpt lat='38.3279167' lon='16.4354867'><time>2024-10-13T07:29:00.000Z</time></trkpt>
	<trkpt lat='38.3287218' lon='16.4356413'><time>2024-10-13T07:31:00.000Z</time></trkpt>
	<trkpt lat='38.328832' lon='16.4361746'><time>2024-10-13T07:37:00.000Z</time></trkpt>
	<trkpt lat='38.3288579987075' lon='16.436158614279066'><time>2025-01-22T22:46:39.889Z</time></trkpt>
	<trkpt lat='38.3289533' lon='16.4360317'><time>2025-04-25T09:10:38.000Z</time></trkpt>
	<trkpt lat='38.3280336' lon='16.4355758'><time>2025-04-25T09:13:00.000Z</time></trkpt>
	<trkpt lat='38.3258233' lon='16.431538'><time>2025-04-25T09:21:00.000Z</time></trkpt>
	<trkpt lat='38.3249433' lon='16.4248933'><time>2025-04-25T09:29:00.000Z</time></trkpt>
	<trkpt lat='38.324575' lon='16.4243517'><time>2025-04-25T09:30:00.000Z</time></trkpt>
	<trkpt lat='38.322692' lon='16.4247713'><time>2025-04-25T09:32:00.000Z</time></trkpt>
	<trkpt lat='38.3206517' lon='16.426485'><time>2025-04-25T09:34:00.000Z</time></trkpt>
	<trkpt lat='38.3183146' lon='16.4327671'><time>2025-04-25T09:39:00.000Z</time></trkpt>
	<trkpt lat='38.3183567' lon='16.4390217'><time>2025-04-25T09:44:00.000Z</time></trkpt>
	<trkpt lat='38.3093868' lon='16.4798376'><time>2025-04-25T10:09:00.000Z</time></trkpt>
	<trkpt lat='38.3088556' lon='16.4836146'><time>2025-04-25T10:11:00.000Z</time></trkpt>
	<trkpt lat='38.3090883' lon='16.4974217'><time>2025-04-25T10:18:00.000Z</time></trkpt>
	<trkpt lat='38.3061383' lon='16.60715'><time>2025-04-25T11:14:00.000Z</time></trkpt>
	<trkpt lat='38.3055217' lon='16.6165733'><time>2025-04-25T11:19:00.000Z</time></trkpt>
	<trkpt lat='38.305675' lon='16.620955'><time>2025-04-25T11:21:00.000Z</time></trkpt>
	<trkpt lat='38.30512' lon='16.6425283'><time>2025-04-25T11:31:00.000Z</time></trkpt>
	<trkpt lat='38.298145' lon='16.88614'><time>2025-04-25T13:25:00.000Z</time></trkpt>
	<trkpt lat='38.2901433' lon='17.1460783'><time>2025-04-25T15:31:00.000Z</time></trkpt>
	<trkpt lat='38.2817517' lon='17.39968'><time>2025-04-25T17:56:00.000Z</time></trkpt>
	<trkpt lat='38.2719383' lon='17.6786783'><time>2025-04-25T21:21:00.000Z</time></trkpt>
	<trkpt lat='38.2642083' lon='17.8859533'><time>2025-04-26T00:48:00.000Z</time></trkpt>
	<trkpt lat='38.25085' lon='18.223575'><time>2025-04-26T05:23:00.000Z</time></trkpt>
	<trkpt lat='38.241825' lon='18.4354883'><time>2025-04-26T07:56:00.000Z</time></trkpt>
	<trkpt lat='38.241895' lon='18.4629333'><time>2025-04-26T08:13:00.000Z</time></trkpt>
	<trkpt lat='38.2402967' lon='18.505845'><time>2025-04-26T08:39:00.000Z</time></trkpt>
	<trkpt lat='38.2370283' lon='18.5315517'><time>2025-04-26T08:54:00.000Z</time></trkpt>
	<trkpt lat='38.2266183' lon='18.7669117'><time>2025-04-26T11:24:00.000Z</time></trkpt>
	<trkpt lat='38.2124783' lon='19.0703383'><time>2025-04-26T15:23:00.000Z</time></trkpt>
	<trkpt lat='38.2123483' lon='19.0724017'><time>2025-04-26T15:24:00.000Z</time></trkpt>
	<trkpt lat='38.2088233' lon='19.0777967'><time>2025-04-26T15:31:00.000Z</time></trkpt>
	<trkpt lat='38.2079583' lon='19.07935'><time>2025-04-26T15:33:00.000Z</time></trkpt>
	<trkpt lat='38.2078783' lon='19.0802483'><time>2025-04-26T15:34:00.000Z</time></trkpt>
	<trkpt lat='38.2043767' lon='19.16099'><time>2025-04-26T16:31:00.000Z</time></trkpt>
	<trkpt lat='38.1923933' lon='19.4168083'><time>2025-04-26T19:42:00.000Z</time></trkpt>
	<trkpt lat='38.1745' lon='19.7780633'><time>2025-04-27T00:27:00.000Z</time></trkpt>
	<trkpt lat='38.1628817' lon='20.001825'><time>2025-04-27T03:32:00.000Z</time></trkpt>
	<trkpt lat='38.14988' lon='20.2432533'><time>2025-04-27T05:43:00.000Z</time></trkpt>
	<trkpt lat='38.1409567' lon='20.403035'><time>2025-04-27T07:17:00.000Z</time></trkpt>
	<trkpt lat='38.139956' lon='20.4057428'><time>2025-04-27T07:22:00.000Z</time></trkpt>
	<trkpt lat='38.1489933' lon='20.4386217'><time>2025-04-27T07:47:00.000Z</time></trkpt>
	<trkpt lat='38.1501543' lon='20.4412171'><time>2025-04-27T07:49:00.000Z</time></trkpt>
	<trkpt lat='38.1509906' lon='20.4422428'><time>2025-04-27T07:50:00.000Z</time></trkpt>
	<trkpt lat='38.1527809' lon='20.4439473'><time>2025-04-27T07:52:00.000Z</time></trkpt>
	<trkpt lat='38.1931117' lon='20.4657917'><time>2025-04-27T08:30:00.000Z</time></trkpt>
	<trkpt lat='38.1958867' lon='20.4745717'><time>2025-04-27T08:36:00.000Z</time></trkpt>
	<trkpt lat='38.19508' lon='20.4777467'><time>2025-04-27T08:38:00.000Z</time></trkpt>
	<trkpt lat='38.1943918' lon='20.4791341'><time>2025-04-27T08:39:00.000Z</time></trkpt>
	<trkpt lat='38.18628' lon='20.4903583'><time>2025-04-27T08:48:01.000Z</time></trkpt>
	<trkpt lat='38.1819734' lon='20.493561'><time>2025-04-27T08:52:00.000Z</time></trkpt>
	<trkpt lat='38.1815338' lon='20.4944336'><time>2025-04-27T08:53:00.000Z</time></trkpt>
	<trkpt lat='38.180938' lon='20.4946307'><time>2025-04-27T08:59:00.000Z</time></trkpt>
	<trkpt lat='38.1811571' lon='20.4947019'><time>2025-05-03T05:54:49.000Z</time></trkpt>
	<trkpt lat='38.1813818' lon='20.4941523'><time>2025-05-03T05:56:00.000Z</time></trkpt>
	<trkpt lat='38.180744' lon='20.4937176'><time>2025-05-03T05:57:00.000Z</time></trkpt>
	<trkpt lat='38.1758038' lon='20.4913863'><time>2025-05-03T06:09:00.000Z</time></trkpt>
	<trkpt lat='38.1758955' lon='20.4916531'><time>2025-05-03T07:24:23.000Z</time></trkpt>
	<trkpt lat='38.1807658' lon='20.4921045'><time>2025-05-03T07:31:00.000Z</time></trkpt>
	<trkpt lat='38.1851366' lon='20.4906021'><time>2025-05-03T07:36:00.000Z</time></trkpt>
	<trkpt lat='38.1883896' lon='20.4882071'><time>2025-05-03T07:39:00.000Z</time></trkpt>
	<trkpt lat='38.192158' lon='20.4835421'><time>2025-05-03T07:43:00.000Z</time></trkpt>
	<trkpt lat='38.1943483' lon='20.479375'><time>2025-05-03T07:46:00.000Z</time></trkpt>
	<trkpt lat='38.19561' lon='20.4747917'><time>2025-05-03T07:49:00.000Z</time></trkpt>
	<trkpt lat='38.1948336' lon='20.4685603'><time>2025-05-03T07:53:00.000Z</time></trkpt>
	<trkpt lat='38.194315' lon='20.46713'><time>2025-05-03T07:54:00.000Z</time></trkpt>
	<trkpt lat='38.1934138' lon='20.4661499'><time>2025-05-03T07:55:00.000Z</time></trkpt>
	<trkpt lat='38.192311' lon='20.4655038'><time>2025-05-03T07:56:00.000Z</time></trkpt>
	<trkpt lat='38.1863335' lon='20.4647833'><time>2025-05-03T08:01:00.000Z</time></trkpt>
	<trkpt lat='38.182825' lon='20.4639176'><time>2025-05-03T08:04:00.000Z</time></trkpt>
	<trkpt lat='38.1744033' lon='20.4642667'><time>2025-05-03T08:11:00.000Z</time></trkpt>
	<trkpt lat='37.8740603' lon='20.5143531'><time>2025-05-03T12:07:00.000Z</time></trkpt>
	<trkpt lat='37.8718715' lon='20.5152126'><time>2025-05-03T12:09:00.000Z</time></trkpt>
	<trkpt lat='37.514195' lon='20.7250767'><time>2025-05-03T16:48:00.000Z</time></trkpt>
	<trkpt lat='37.2351283' lon='20.8872783'><time>2025-05-03T21:47:00.000Z</time></trkpt>
	<trkpt lat='37.1928633' lon='20.9681783'><time>2025-05-03T22:53:00.000Z</time></trkpt>
	<trkpt lat='37.0368267' lon='21.2636583'><time>2025-05-04T02:55:00.000Z</time></trkpt>
	<trkpt lat='36.923065' lon='21.477495'><time>2025-05-04T06:00:00.000Z</time></trkpt>
	<trkpt lat='36.8087381' lon='21.6909865'><time>2025-05-04T09:16:00.000Z</time></trkpt>
	<trkpt lat='36.7831333' lon='21.7557917'><time>2025-05-04T10:22:00.000Z</time></trkpt>
	<trkpt lat='36.7802606' lon='21.7618271'><time>2025-05-04T10:27:00.000Z</time></trkpt>
	<trkpt lat='36.7802631' lon='21.7626728'><time>2025-05-04T10:28:00.000Z</time></trkpt>
	<trkpt lat='36.7934426' lon='21.7922088'><time>2025-05-04T10:52:00.000Z</time></trkpt>
	<trkpt lat='36.8032753' lon='21.8087748'><time>2025-05-04T11:07:00.000Z</time></trkpt>
	<trkpt lat='36.8041067' lon='21.8097017'><time>2025-05-04T11:08:00.000Z</time></trkpt>
	<trkpt lat='36.804835' lon='21.809985'><time>2025-05-04T11:09:00.000Z</time></trkpt>
	<trkpt lat='36.8060833' lon='21.8090883'><time>2025-05-04T11:12:00.000Z</time></trkpt>
	<trkpt lat='36.8060881' lon='21.8093511'><time>2025-05-04T11:15:00.000Z</time></trkpt>
	<trkpt lat='36.8059346' lon='21.8091131'><time>2025-05-06T07:00:00.000Z</time></trkpt>
	<trkpt lat='36.8055204' lon='21.8109623'><time>2025-05-06T07:04:00.000Z</time></trkpt>
	<trkpt lat='36.805212' lon='21.8111478'><time>2025-05-06T07:05:00.000Z</time></trkpt>
	<trkpt lat='36.8024583' lon='21.8117583'><time>2025-05-06T07:08:00.000Z</time></trkpt>
	<trkpt lat='36.7919983' lon='21.8162067'><time>2025-05-06T07:20:00.000Z</time></trkpt>
	<trkpt lat='36.78908' lon='21.8211933'><time>2025-05-06T07:29:00.000Z</time></trkpt>
	<trkpt lat='36.7869148' lon='21.8190303'><time>2025-05-06T07:33:00.000Z</time></trkpt>
	<trkpt lat='36.782925' lon='21.8183117'><time>2025-05-06T07:38:00.000Z</time></trkpt>
	<trkpt lat='36.774825' lon='21.8111667'><time>2025-05-06T07:48:00.000Z</time></trkpt>
	<trkpt lat='36.7674067' lon='21.8058083'><time>2025-05-06T07:56:00.000Z</time></trkpt>
	<trkpt lat='36.7642681' lon='21.8041896'><time>2025-05-06T07:59:00.000Z</time></trkpt>
	<trkpt lat='36.7607675' lon='21.803281'><time>2025-05-06T08:02:00.000Z</time></trkpt>
	<trkpt lat='36.757295' lon='21.80309'><time>2025-05-06T08:05:00.000Z</time></trkpt>
	<trkpt lat='36.7488983' lon='21.8034467'><time>2025-05-06T08:13:00.000Z</time></trkpt>
	<trkpt lat='36.7404436' lon='21.8046015'><time>2025-05-06T08:21:00.000Z</time></trkpt>
	<trkpt lat='36.730905' lon='21.8078867'><time>2025-05-06T08:31:00.000Z</time></trkpt>
	<trkpt lat='36.7241425' lon='21.8113493'><time>2025-05-06T08:39:00.000Z</time></trkpt>
	<trkpt lat='36.7209217' lon='21.8136617'><time>2025-05-06T08:43:00.000Z</time></trkpt>
	<trkpt lat='36.7157924' lon='21.8186653'><time>2025-05-06T08:49:00.000Z</time></trkpt>
	<trkpt lat='36.7090517' lon='21.8274783'><time>2025-05-06T08:58:00.000Z</time></trkpt>
	<trkpt lat='36.7040058' lon='21.8361289'><time>2025-05-06T09:06:00.000Z</time></trkpt>
	<trkpt lat='36.6954461' lon='21.852876'><time>2025-05-06T09:21:00.000Z</time></trkpt>
	<trkpt lat='36.6934895' lon='21.8573858'><time>2025-05-06T09:25:00.000Z</time></trkpt>
	<trkpt lat='36.6916717' lon='21.8627283'><time>2025-05-06T09:30:00.000Z</time></trkpt>
	<trkpt lat='36.6904741' lon='21.864619'><time>2025-05-06T09:33:00.000Z</time></trkpt>
	<trkpt lat='36.6880045' lon='21.8707883'><time>2025-05-06T09:38:00.000Z</time></trkpt>
	<trkpt lat='36.6857867' lon='21.8784083'><time>2025-05-06T09:44:00.000Z</time></trkpt>
	<trkpt lat='36.6848217' lon='21.885855'><time>2025-05-06T09:50:00.000Z</time></trkpt>
	<trkpt lat='36.684851' lon='21.8898095'><time>2025-05-06T09:53:00.000Z</time></trkpt>
	<trkpt lat='36.6864917' lon='21.9001517'><time>2025-05-06T10:02:00.000Z</time></trkpt>
	<trkpt lat='36.6867031' lon='21.9078133'><time>2025-05-06T10:10:00.000Z</time></trkpt>
	<trkpt lat='36.6863917' lon='21.9098183'><time>2025-05-06T10:13:00.000Z</time></trkpt>
	<trkpt lat='36.68526' lon='21.9130533'><time>2025-05-06T10:23:00.000Z</time></trkpt>
	<trkpt lat='36.6860483' lon='21.9136267'><time>2025-05-06T10:24:00.000Z</time></trkpt>
	<trkpt lat='36.7936601' lon='21.9688111'><time>2025-05-06T12:00:00.000Z</time></trkpt>
	<trkpt lat='36.7946725' lon='21.9684589'><time>2025-05-06T12:01:00.000Z</time></trkpt>
	<trkpt lat='36.7971367' lon='21.9658633'><time>2025-05-06T12:04:00.000Z</time></trkpt>
	<trkpt lat='36.8000961' lon='21.9618895'><time>2025-05-06T12:08:00.000Z</time></trkpt>
	<trkpt lat='36.8004441' lon='21.960736'><time>2025-05-06T12:09:00.000Z</time></trkpt>
	<trkpt lat='36.8002855' lon='21.9589686'><time>2025-05-06T12:11:00.000Z</time></trkpt>
	<trkpt lat='36.7991958' lon='21.957918'><time>2025-05-06T12:15:00.000Z</time></trkpt>
	<trkpt lat='36.7987167' lon='21.9588983'><time>2025-05-06T12:23:00.000Z</time></trkpt>
	<trkpt lat='36.7985475' lon='21.9589256'><time>2025-05-08T08:06:00.000Z</time></trkpt>
	<trkpt lat='36.8003183' lon='21.959915'><time>2025-05-08T08:10:00.000Z</time></trkpt>
	<trkpt lat='36.80056' lon='21.9618017'><time>2025-05-08T08:12:00.000Z</time></trkpt>
	<trkpt lat='36.7996433' lon='21.9644383'><time>2025-05-08T08:15:00.000Z</time></trkpt>
	<trkpt lat='36.7987065' lon='21.9660123'><time>2025-05-08T08:17:00.000Z</time></trkpt>
	<trkpt lat='36.6550567' lon='22.1400133'><time>2025-05-08T11:03:00.000Z</time></trkpt>
	<trkpt lat='36.650145' lon='22.1461267'><time>2025-05-08T11:08:00.000Z</time></trkpt>
	<trkpt lat='36.6484833' lon='22.15053'><time>2025-05-08T11:13:00.000Z</time></trkpt>
	<trkpt lat='36.6444367' lon='22.155025'><time>2025-05-08T11:17:00.000Z</time></trkpt>
	<trkpt lat='36.6283' lon='22.1746617'><time>2025-05-08T11:35:00.000Z</time></trkpt>
	<trkpt lat='36.4812033' lon='22.3500433'><time>2025-05-08T14:36:00.000Z</time></trkpt>
	<trkpt lat='36.4743783' lon='22.36379'><time>2025-05-08T14:46:00.000Z</time></trkpt>
	<trkpt lat='36.4653217' lon='22.38743'><time>2025-05-08T15:03:00.000Z</time></trkpt>
	<trkpt lat='36.4648906' lon='22.3887678'><time>2025-05-08T15:04:00.000Z</time></trkpt>
	<trkpt lat='36.4646167' lon='22.3917067'><time>2025-05-08T15:06:00.000Z</time></trkpt>
	<trkpt lat='36.4648741' lon='22.393114'><time>2025-05-08T15:07:00.000Z</time></trkpt>
	<trkpt lat='36.465674' lon='22.3941803'><time>2025-05-08T15:08:00.000Z</time></trkpt>
	<trkpt lat='36.475768' lon='22.3988073'><time>2025-05-08T15:17:00.000Z</time></trkpt>
	<trkpt lat='36.476932' lon='22.3989909'><time>2025-05-08T15:18:00.000Z</time></trkpt>
	<trkpt lat='36.4769811' lon='22.3994039'><time>2025-05-08T15:19:00.000Z</time></trkpt>
	<trkpt lat='36.3850678' lon='22.4805221'><time>2025-05-08T16:54:00.000Z</time></trkpt>
	<trkpt lat='36.3840218' lon='22.4814715'><time>2025-05-08T16:55:00.000Z</time></trkpt>
	<trkpt lat='36.383465' lon='22.482815'><time>2025-05-08T16:56:00.000Z</time></trkpt>
	<trkpt lat='36.383945' lon='22.4861533'><time>2025-05-08T16:58:00.000Z</time></trkpt>
	<trkpt lat='36.4004205' lon='22.5022516'><time>2025-05-08T17:11:00.000Z</time></trkpt>
	<trkpt lat='36.4020145' lon='22.5023365'><time>2025-05-08T17:12:00.000Z</time></trkpt>
	<trkpt lat='36.4052235' lon='22.5015925'><time>2025-05-08T17:14:00.000Z</time></trkpt>
	<trkpt lat='36.4252933' lon='22.4987017'><time>2025-05-08T17:30:00.000Z</time></trkpt>
	<trkpt lat='36.4263017' lon='22.4981'><time>2025-05-08T17:31:00.000Z</time></trkpt>
	<trkpt lat='36.4304386' lon='22.4939195'><time>2025-05-08T17:36:00.000Z</time></trkpt>
	<trkpt lat='36.432265' lon='22.49194'><time>2025-05-08T17:38:00.000Z</time></trkpt>
	<trkpt lat='36.4328268' lon='22.4907808'><time>2025-05-08T17:39:00.000Z</time></trkpt>
	<trkpt lat='36.4302588' lon='22.4852423'><time>2025-05-08T17:45:00.000Z</time></trkpt>
	<trkpt lat='36.4313173' lon='22.4847828'><time>2025-05-08T17:47:00.000Z</time></trkpt>
	<trkpt lat='36.4316908' lon='22.4852603'><time>2025-05-08T17:52:00.000Z</time></trkpt>
	<trkpt lat='36.4315983' lon='22.48463'><time>2025-05-09T05:49:29.000Z</time></trkpt>
	<trkpt lat='36.43155' lon='22.4852167'><time>2025-05-09T05:51:00.000Z</time></trkpt>
	<trkpt lat='36.433485' lon='22.4900067'><time>2025-05-09T05:57:00.000Z</time></trkpt>
	<trkpt lat='36.4335067' lon='22.492335'><time>2025-05-09T06:00:00.000Z</time></trkpt>
	<trkpt lat='36.4323483' lon='22.497825'><time>2025-05-09T06:04:00.000Z</time></trkpt>
	<trkpt lat='36.432795' lon='22.503825'><time>2025-05-09T06:08:00.000Z</time></trkpt>
	<trkpt lat='36.4324917' lon='22.5097717'><time>2025-05-09T06:11:00.000Z</time></trkpt>
	<trkpt lat='36.43267' lon='22.517'><time>2025-05-09T06:15:00.000Z</time></trkpt>
	<trkpt lat='36.4322133' lon='22.542585'><time>2025-05-09T06:29:00.000Z</time></trkpt>
	<trkpt lat='36.433305' lon='22.5734017'><time>2025-05-09T06:48:00.000Z</time></trkpt>
	<trkpt lat='36.4331933' lon='22.579425'><time>2025-05-09T06:52:00.000Z</time></trkpt>
	<trkpt lat='36.4326667' lon='22.5824817'><time>2025-05-09T06:54:00.000Z</time></trkpt>
	<trkpt lat='36.4322267' lon='22.5927'><time>2025-05-09T07:00:00.000Z</time></trkpt>
	<trkpt lat='36.43254' lon='22.6110183'><time>2025-05-09T07:10:00.000Z</time></trkpt>
	<trkpt lat='36.4322867' lon='22.6313567'><time>2025-05-09T07:22:00.000Z</time></trkpt>
	<trkpt lat='36.4319417' lon='22.6374417'><time>2025-05-09T07:26:00.000Z</time></trkpt>
	<trkpt lat='36.4321267' lon='22.6472583'><time>2025-05-09T07:33:00.000Z</time></trkpt>
	<trkpt lat='36.4317133' lon='22.65409'><time>2025-05-09T07:38:00.000Z</time></trkpt>
	<trkpt lat='36.4319483' lon='22.6668067'><time>2025-05-09T07:47:00.000Z</time></trkpt>
	<trkpt lat='36.4316817' lon='22.6723167'><time>2025-05-09T07:51:00.000Z</time></trkpt>
	<trkpt lat='36.43086' lon='22.6783167'><time>2025-05-09T07:56:00.000Z</time></trkpt>
	<trkpt lat='36.4296383' lon='22.6810983'><time>2025-05-09T07:59:00.000Z</time></trkpt>
	<trkpt lat='36.4253967' lon='22.6942433'><time>2025-05-09T08:11:00.000Z</time></trkpt>
	<trkpt lat='36.4221817' lon='22.699905'><time>2025-05-09T08:17:00.000Z</time></trkpt>
	<trkpt lat='36.41849' lon='22.70425'><time>2025-05-09T08:22:00.000Z</time></trkpt>
	<trkpt lat='36.4168033' lon='22.70768'><time>2025-05-09T08:25:00.000Z</time></trkpt>
	<trkpt lat='36.4149317' lon='22.7100917'><time>2025-05-09T08:28:00.000Z</time></trkpt>
	<trkpt lat='36.42522' lon='22.71422'><time>2025-05-09T08:38:00.000Z</time></trkpt>
	<trkpt lat='36.4328317' lon='22.71811'><time>2025-05-09T08:45:00.000Z</time></trkpt>
	<trkpt lat='36.4413083' lon='22.7234533'><time>2025-05-09T08:53:00.000Z</time></trkpt>
	<trkpt lat='36.4473283' lon='22.7280683'><time>2025-05-09T08:59:00.000Z</time></trkpt>
	<trkpt lat='36.4579367' lon='22.73693'><time>2025-05-09T09:09:00.000Z</time></trkpt>
	<trkpt lat='36.4658867' lon='22.7447183'><time>2025-05-09T09:17:00.000Z</time></trkpt>
	<trkpt lat='36.472265' lon='22.7502333'><time>2025-05-09T09:23:00.000Z</time></trkpt>
	<trkpt lat='36.4817117' lon='22.7592183'><time>2025-05-09T09:32:00.000Z</time></trkpt>
	<trkpt lat='36.485545' lon='22.763595'><time>2025-05-09T09:36:00.000Z</time></trkpt>
	<trkpt lat='36.48958' lon='22.7698767'><time>2025-05-09T09:41:00.000Z</time></trkpt>
	<trkpt lat='36.49523' lon='22.78043'><time>2025-05-09T09:49:00.000Z</time></trkpt>
	<trkpt lat='36.5007233' lon='22.7926483'><time>2025-05-09T09:58:00.000Z</time></trkpt>
	<trkpt lat='36.5029733' lon='22.800005'><time>2025-05-09T10:03:00.000Z</time></trkpt>
	<trkpt lat='36.5081' lon='22.8198017'><time>2025-05-09T10:16:00.000Z</time></trkpt>
	<trkpt lat='36.5110883' lon='22.83316'><time>2025-05-09T10:24:00.000Z</time></trkpt>
	<trkpt lat='36.5136417' lon='22.8480233'><time>2025-05-09T10:33:00.000Z</time></trkpt>
	<trkpt lat='36.5160383' lon='22.8683167'><time>2025-05-09T10:45:00.000Z</time></trkpt>
	<trkpt lat='36.51626' lon='22.8717517'><time>2025-05-09T10:47:00.000Z</time></trkpt>
	<trkpt lat='36.5161083' lon='22.8806283'><time>2025-05-09T10:52:00.000Z</time></trkpt>
	<trkpt lat='36.5164567' lon='22.88595'><time>2025-05-09T10:55:00.000Z</time></trkpt>
	<trkpt lat='36.517985' lon='22.8916833'><time>2025-05-09T10:59:00.000Z</time></trkpt>
	<trkpt lat='36.5193667' lon='22.8988667'><time>2025-05-09T11:04:00.000Z</time></trkpt>
	<trkpt lat='36.518335' lon='22.89845'><time>2025-05-09T11:06:00.000Z</time></trkpt>
	<trkpt lat='36.51011' lon='22.9010583'><time>2025-05-09T11:12:00.000Z</time></trkpt>
	<trkpt lat='36.505865' lon='22.900645'><time>2025-05-09T11:16:00.000Z</time></trkpt>
	<trkpt lat='36.503015' lon='22.9010083'><time>2025-05-09T11:18:00.000Z</time></trkpt>
	<trkpt lat='36.500855' lon='22.8997967'><time>2025-05-09T11:21:00.000Z</time></trkpt>
	<trkpt lat='36.5000367' lon='22.8988433'><time>2025-05-09T11:22:00.000Z</time></trkpt>
	<trkpt lat='36.4931583' lon='22.8938983'><time>2025-05-09T11:29:00.000Z</time></trkpt>
	<trkpt lat='36.48817' lon='22.8909283'><time>2025-05-09T11:34:00.000Z</time></trkpt>
	<trkpt lat='36.4728483' lon='22.8805767'><time>2025-05-09T11:49:00.000Z</time></trkpt>
	<trkpt lat='36.469375' lon='22.8788283'><time>2025-05-09T11:52:00.000Z</time></trkpt>
	<trkpt lat='36.4714' lon='22.8876233'><time>2025-05-09T12:01:00.000Z</time></trkpt>
	<trkpt lat='36.4718517' lon='22.8921617'><time>2025-05-09T12:05:00.000Z</time></trkpt>
	<trkpt lat='36.4721617' lon='22.900015'><time>2025-05-09T12:11:00.000Z</time></trkpt>
	<trkpt lat='36.4714933' lon='22.9073133'><time>2025-05-09T12:16:00.000Z</time></trkpt>
	<trkpt lat='36.4714883' lon='22.9119967'><time>2025-05-09T12:19:00.000Z</time></trkpt>
	<trkpt lat='36.471095' lon='22.9124833'><time>2025-05-09T12:20:00.000Z</time></trkpt>
	<trkpt lat='36.4566217' lon='22.904855'><time>2025-05-09T12:33:00.000Z</time></trkpt>
	<trkpt lat='36.450085' lon='22.9027883'><time>2025-05-09T12:38:00.000Z</time></trkpt>
	<trkpt lat='36.4497333' lon='22.9032'><time>2025-05-09T12:39:00.000Z</time></trkpt>
	<trkpt lat='36.4519233' lon='22.9141867'><time>2025-05-09T12:47:00.000Z</time></trkpt>
	<trkpt lat='36.4527867' lon='22.9255667'><time>2025-05-09T12:55:00.000Z</time></trkpt>
	<trkpt lat='36.4681145' lon='22.9696551'><time>2025-05-09T13:28:00.000Z</time></trkpt>
	<trkpt lat='36.4670033' lon='22.9764008'><time>2025-05-09T13:34:00.000Z</time></trkpt>
	<trkpt lat='36.4672506' lon='22.976275'><time>2025-05-09T13:39:00.000Z</time></trkpt>
	<trkpt lat='36.4671276' lon='22.9759765'><time>2025-05-11T09:28:29.000Z</time></trkpt>
	<trkpt lat='36.467485' lon='22.974395'><time>2025-05-11T09:31:00.000Z</time></trkpt>
	<trkpt lat='36.4672445' lon='22.9734003'><time>2025-05-11T09:32:00.000Z</time></trkpt>
	<trkpt lat='36.4639833' lon='22.9663533'><time>2025-05-11T09:39:00.000Z</time></trkpt>
	<trkpt lat='36.459735' lon='22.9676083'><time>2025-05-11T09:43:00.000Z</time></trkpt>
	<trkpt lat='36.4579917' lon='22.9699383'><time>2025-05-11T09:45:00.000Z</time></trkpt>
	<trkpt lat='36.4540981' lon='22.9779875'><time>2025-05-11T09:52:00.000Z</time></trkpt>
	<trkpt lat='36.45243' lon='22.9796733'><time>2025-05-11T09:56:00.000Z</time></trkpt>
	<trkpt lat='36.4517026' lon='22.9810765'><time>2025-05-11T09:58:00.000Z</time></trkpt>
	<trkpt lat='36.4523313' lon='22.9844766'><time>2025-05-11T10:01:00.000Z</time></trkpt>
	<trkpt lat='36.4546756' lon='22.990163'><time>2025-05-11T10:07:00.000Z</time></trkpt>
	<trkpt lat='36.45526' lon='22.9907433'><time>2025-05-11T10:08:00.000Z</time></trkpt>
	<trkpt lat='36.4699773' lon='22.9946343'><time>2025-05-11T10:26:00.000Z</time></trkpt>
	<trkpt lat='36.5059316' lon='22.9843806'><time>2025-05-11T11:09:00.000Z</time></trkpt>
	<trkpt lat='36.5076683' lon='22.9842983'><time>2025-05-11T11:11:00.000Z</time></trkpt>
	<trkpt lat='36.509488' lon='22.9834769'><time>2025-05-11T11:13:00.000Z</time></trkpt>
	<trkpt lat='36.5102453' lon='22.9841851'><time>2025-05-11T11:14:00.000Z</time></trkpt>
	<trkpt lat='36.51128' lon='22.9872483'><time>2025-05-11T11:17:00.000Z</time></trkpt>
	<trkpt lat='36.5134833' lon='22.9906853'><time>2025-05-11T11:21:00.000Z</time></trkpt>
	<trkpt lat='36.515765' lon='22.9922283'><time>2025-05-11T11:24:00.000Z</time></trkpt>
	<trkpt lat='36.5188756' lon='22.993173'><time>2025-05-11T11:28:00.000Z</time></trkpt>
	<trkpt lat='36.5192539' lon='22.9931806'><time>2025-05-11T11:29:00.000Z</time></trkpt>
	<trkpt lat='36.5192067' lon='22.9928417'><time>2025-05-11T11:33:00.000Z</time></trkpt>
	<trkpt lat='36.5193603' lon='22.9931363'><time>2025-05-12T06:37:06.000Z</time></trkpt>
	<trkpt lat='36.5179095' lon='23.0006378'><time>2025-05-12T06:46:00.000Z</time></trkpt>
	<trkpt lat='36.510105' lon='23.048819'><time>2025-05-12T07:22:00.000Z</time></trkpt>
	<trkpt lat='36.509665' lon='23.05296'><time>2025-05-12T07:25:00.000Z</time></trkpt>
	<trkpt lat='36.5085925' lon='23.0576'><time>2025-05-12T07:29:00.000Z</time></trkpt>
	<trkpt lat='36.5077141' lon='23.0588118'><time>2025-05-12T07:37:00.000Z</time></trkpt>
	<trkpt lat='36.6839988' lon='23.0392146'><time>2025-05-17T08:13:41.000Z</time></trkpt>
	<trkpt lat='36.6848433' lon='23.0393817'><time>2025-05-17T08:15:00.000Z</time></trkpt>
	<trkpt lat='36.6848183' lon='23.04139'><time>2025-05-17T08:17:00.000Z</time></trkpt>
	<trkpt lat='36.6844181' lon='23.0447283'><time>2025-05-17T08:20:00.000Z</time></trkpt>
	<trkpt lat='36.6829336' lon='23.0493591'><time>2025-05-17T08:23:00.000Z</time></trkpt>
	<trkpt lat='36.68171' lon='23.0617533'><time>2025-05-17T08:30:00.000Z</time></trkpt>
	<trkpt lat='36.6820646' lon='23.0649513'><time>2025-05-17T08:32:00.000Z</time></trkpt>
	<trkpt lat='36.6877' lon='23.0741483'><time>2025-05-17T08:39:00.000Z</time></trkpt>
	<trkpt lat='36.7003268' lon='23.096892'><time>2025-05-17T08:55:00.000Z</time></trkpt>
	<trkpt lat='36.71153' lon='23.1152666'><time>2025-05-17T09:08:00.000Z</time></trkpt>
	<trkpt lat='36.71281' lon='23.1159083'><time>2025-05-17T09:09:00.000Z</time></trkpt>
	<trkpt lat='36.7223126' lon='23.1179764'><time>2025-05-17T09:16:00.000Z</time></trkpt>
	<trkpt lat='36.7731096' lon='23.1172938'><time>2025-05-17T09:47:00.000Z</time></trkpt>
	<trkpt lat='36.7786588' lon='23.1174859'><time>2025-05-17T09:50:00.000Z</time></trkpt>
	<trkpt lat='36.7914383' lon='23.1158767'><time>2025-05-17T09:58:00.000Z</time></trkpt>
	<trkpt lat='36.7916433' lon='23.1157067'><time>2025-05-17T09:59:00.000Z</time></trkpt>
	<trkpt lat='36.791478' lon='23.1137765'><time>2025-05-17T10:02:00.000Z</time></trkpt>
	<trkpt lat='36.789375' lon='23.0962133'><time>2025-05-17T10:15:00.000Z</time></trkpt>
	<trkpt lat='36.7890771' lon='23.0949721'><time>2025-05-17T10:16:00.000Z</time></trkpt>
	<trkpt lat='36.7857017' lon='23.0913333'><time>2025-05-17T10:20:00.000Z</time></trkpt>
	<trkpt lat='36.78444' lon='23.08916'><time>2025-05-17T10:22:00.000Z</time></trkpt>
	<trkpt lat='36.7848133' lon='23.0868333'><time>2025-05-17T10:25:00.000Z</time></trkpt>
	<trkpt lat='36.7856567' lon='23.08548'><time>2025-05-17T10:28:00.000Z</time></trkpt>
	<trkpt lat='36.7851667' lon='23.0861'><time>2025-05-17T10:30:00.000Z</time></trkpt>
	<trkpt lat='36.785502' lon='23.0865639'><time>2025-05-17T10:36:00.000Z</time></trkpt>
	<trkpt lat='36.7852891' lon='23.0863745'><time>2025-05-18T06:42:41.000Z</time></trkpt>
	<trkpt lat='36.7842048' lon='23.0880906'><time>2025-05-18T06:46:00.000Z</time></trkpt>
	<trkpt lat='36.7844401' lon='23.0896073'><time>2025-05-18T06:48:00.000Z</time></trkpt>
	<trkpt lat='36.790531' lon='23.0941318'><time>2025-05-18T06:56:00.000Z</time></trkpt>
	<trkpt lat='36.80272' lon='23.09796'><time>2025-05-18T07:13:00.000Z</time></trkpt>
	<trkpt lat='36.808545' lon='23.0994333'><time>2025-05-18T07:21:00.000Z</time></trkpt>
	<trkpt lat='36.8136667' lon='23.1012333'><time>2025-05-18T07:27:00.000Z</time></trkpt>
	<trkpt lat='36.8179281' lon='23.0998603'><time>2025-05-18T07:33:05.000Z</time></trkpt>
	<trkpt lat='36.8660917' lon='23.07591'><time>2025-05-18T08:25:00.000Z</time></trkpt>
	<trkpt lat='36.8716233' lon='23.0738333'><time>2025-05-18T08:30:00.000Z</time></trkpt>
	<trkpt lat='36.9290384' lon='23.0757133'><time>2025-05-18T09:20:00.000Z</time></trkpt>
	<trkpt lat='37.11759' lon='23.0809683'><time>2025-05-18T12:03:00.000Z</time></trkpt>
	<trkpt lat='37.1495417' lon='23.078255'><time>2025-05-18T12:21:00.000Z</time></trkpt>
	<trkpt lat='37.16595' lon='23.0777433'><time>2025-05-18T12:30:00.000Z</time></trkpt>
	<trkpt lat='37.18847' lon='23.0781567'><time>2025-05-18T12:42:00.000Z</time></trkpt>
	<trkpt lat='37.198665' lon='23.07282'><time>2025-05-18T12:51:00.000Z</time></trkpt>
	<trkpt lat='37.2023333' lon='23.0728383'><time>2025-05-18T12:54:00.000Z</time></trkpt>
	<trkpt lat='37.2145333' lon='23.0751'><time>2025-05-18T13:02:00.000Z</time></trkpt>
	<trkpt lat='37.2280383' lon='23.0763983'><time>2025-05-18T13:11:00.000Z</time></trkpt>
	<trkpt lat='37.243915' lon='23.0791017'><time>2025-05-18T13:21:00.000Z</time></trkpt>
	<trkpt lat='37.2600667' lon='23.0831683'><time>2025-05-18T13:31:00.000Z</time></trkpt>
	<trkpt lat='37.2761513' lon='23.086489'><time>2025-05-18T13:41:00.000Z</time></trkpt>
	<trkpt lat='37.2790531' lon='23.0874485'><time>2025-05-18T13:43:00.000Z</time></trkpt>
	<trkpt lat='37.2801488' lon='23.0884463'><time>2025-05-18T13:44:00.000Z</time></trkpt>
	<trkpt lat='37.2845165' lon='23.0952379'><time>2025-05-18T13:50:00.000Z</time></trkpt>
	<trkpt lat='37.2919367' lon='23.1020567'><time>2025-05-18T13:57:00.000Z</time></trkpt>
	<trkpt lat='37.2940623' lon='23.1046671'><time>2025-05-18T14:00:00.000Z</time></trkpt>
	<trkpt lat='37.3093758' lon='23.1279533'><time>2025-05-18T14:22:00.000Z</time></trkpt>
	<trkpt lat='37.3132333' lon='23.1355975'><time>2025-05-18T14:30:00.000Z</time></trkpt>
	<trkpt lat='37.3189333' lon='23.145685'><time>2025-05-18T14:40:00.000Z</time></trkpt>
	<trkpt lat='37.3197213' lon='23.1479695'><time>2025-05-18T14:42:00.000Z</time></trkpt>
	<trkpt lat='37.3201367' lon='23.15155'><time>2025-05-18T14:45:00.000Z</time></trkpt>
	<trkpt lat='37.3205583' lon='23.152095'><time>2025-05-18T14:50:00.000Z</time></trkpt>
	<trkpt lat='37.3205601' lon='23.1524481'><time>2025-05-24T09:28:03.000Z</time></trkpt>
	<trkpt lat='37.3184783' lon='23.1458967'><time>2025-05-24T09:35:00.000Z</time></trkpt>
	<trkpt lat='37.3155767' lon='23.1400333'><time>2025-05-24T09:41:00.000Z</time></trkpt>
	<trkpt lat='37.3148048' lon='23.1389336'><time>2025-05-24T09:42:00.000Z</time></trkpt>
	<trkpt lat='37.3096167' lon='23.1339083'><time>2025-05-24T09:48:00.000Z</time></trkpt>
	<trkpt lat='37.3026483' lon='23.13385'><time>2025-05-24T09:55:00.000Z</time></trkpt>
	<trkpt lat='37.301425' lon='23.1336867'><time>2025-05-24T09:57:00.000Z</time></trkpt>
	<trkpt lat='37.3013233' lon='23.1327367'><time>2025-05-24T09:59:00.000Z</time></trkpt>
	<trkpt lat='37.3003895' lon='23.1324723'><time>2025-05-24T10:00:00.000Z</time></trkpt>
	<trkpt lat='37.2958967' lon='23.1325517'><time>2025-05-24T10:04:00.000Z</time></trkpt>
	<trkpt lat='37.2877076' lon='23.1350758'><time>2025-05-24T10:13:00.000Z</time></trkpt>
	<trkpt lat='37.2798167' lon='23.1391967'><time>2025-05-24T10:22:00.000Z</time></trkpt>
	<trkpt lat='37.2796501' lon='23.1395305'><time>2025-05-24T10:23:00.000Z</time></trkpt>
	<trkpt lat='37.2843367' lon='23.14279'><time>2025-05-24T10:28:00.000Z</time></trkpt>
	<trkpt lat='37.2880167' lon='23.1460217'><time>2025-05-24T10:32:00.000Z</time></trkpt>
	<trkpt lat='37.2904867' lon='23.1490283'><time>2025-05-24T10:35:00.000Z</time></trkpt>
	<trkpt lat='37.29126' lon='23.150905'><time>2025-05-24T10:37:00.000Z</time></trkpt>
	<trkpt lat='37.283855' lon='23.1527083'><time>2025-05-24T10:45:00.000Z</time></trkpt>
	<trkpt lat='37.2753467' lon='23.1533633'><time>2025-05-24T10:53:00.000Z</time></trkpt>
	<trkpt lat='37.275235' lon='23.1538117'><time>2025-05-24T10:54:00.000Z</time></trkpt>
	<trkpt lat='37.2757548' lon='23.1548884'><time>2025-05-24T10:55:00.000Z</time></trkpt>
	<trkpt lat='37.2778867' lon='23.1585117'><time>2025-05-24T10:58:00.000Z</time></trkpt>
	<trkpt lat='37.282864' lon='23.168713'><time>2025-05-24T11:06:00.000Z</time></trkpt>
	<trkpt lat='37.2758805' lon='23.1682481'><time>2025-05-24T11:13:00.000Z</time></trkpt>
	<trkpt lat='37.267591' lon='23.1670951'><time>2025-05-24T11:21:00.000Z</time></trkpt>
	<trkpt lat='37.2716683' lon='23.17602'><time>2025-05-24T11:29:00.000Z</time></trkpt>
	<trkpt lat='37.274652' lon='23.183888'><time>2025-05-24T11:36:00.000Z</time></trkpt>
	<trkpt lat='37.2759317' lon='23.186245'><time>2025-05-24T11:39:00.000Z</time></trkpt>
	<trkpt lat='37.2773593' lon='23.1877425'><time>2025-05-24T11:43:00.000Z</time></trkpt>
	<trkpt lat='37.2853283' lon='23.1989783'><time>2025-05-24T11:56:00.000Z</time></trkpt>
	<trkpt lat='37.2865304' lon='23.2011053'><time>2025-05-24T11:58:00.000Z</time></trkpt>
	<trkpt lat='37.2932808' lon='23.2100893'><time>2025-05-24T12:07:00.000Z</time></trkpt>
	<trkpt lat='37.2949867' lon='23.211665'><time>2025-05-24T12:09:00.000Z</time></trkpt>
	<trkpt lat='37.3018198' lon='23.2198769'><time>2025-05-24T12:19:00.000Z</time></trkpt>
	<trkpt lat='37.304215' lon='23.2233755'><time>2025-05-24T12:23:00.000Z</time></trkpt>
	<trkpt lat='37.3103455' lon='23.2346318'><time>2025-05-24T12:33:00.000Z</time></trkpt>
	<trkpt lat='37.317641' lon='23.2442685'><time>2025-05-24T12:41:00.000Z</time></trkpt>
	<trkpt lat='37.3196776' lon='23.2467836'><time>2025-05-24T12:43:00.000Z</time></trkpt>
	<trkpt lat='37.32083' lon='23.2471967'><time>2025-05-24T12:44:00.000Z</time></trkpt>
	<trkpt lat='37.3228733' lon='23.2458558'><time>2025-05-24T12:46:00.000Z</time></trkpt>
	<trkpt lat='37.3255883' lon='23.24916'><time>2025-05-24T12:49:00.000Z</time></trkpt>
	<trkpt lat='37.3296317' lon='23.2556167'><time>2025-05-24T12:54:00.000Z</time></trkpt>
	<trkpt lat='37.334875' lon='23.26682'><time>2025-05-24T13:02:00.000Z</time></trkpt>
	<trkpt lat='37.3366758' lon='23.269404'><time>2025-05-24T13:04:00.000Z</time></trkpt>
	<trkpt lat='37.3381017' lon='23.2725'><time>2025-05-24T13:06:00.000Z</time></trkpt>
	<trkpt lat='37.341905' lon='23.27714'><time>2025-05-24T13:10:00.000Z</time></trkpt>
	<trkpt lat='37.347719' lon='23.2826766'><time>2025-05-24T13:17:00.000Z</time></trkpt>
	<trkpt lat='37.348505' lon='23.2829317'><time>2025-05-24T13:18:00.000Z</time></trkpt>
	<trkpt lat='37.3578924' lon='23.2794431'><time>2025-05-24T13:27:00.000Z</time></trkpt>
	<trkpt lat='37.3699044' lon='23.2710033'><time>2025-05-24T13:39:00.000Z</time></trkpt>
	<trkpt lat='37.370295' lon='23.2699017'><time>2025-05-24T13:40:00.000Z</time></trkpt>
	<trkpt lat='37.370365' lon='23.2642733'><time>2025-05-24T13:44:00.000Z</time></trkpt>
	<trkpt lat='37.3721383' lon='23.2382833'><time>2025-05-24T14:02:00.000Z</time></trkpt>
	<trkpt lat='37.3701096' lon='23.2314466'><time>2025-05-24T14:09:00.000Z</time></trkpt>
	<trkpt lat='37.3697549' lon='23.2312466'><time>2025-05-24T14:14:00.000Z</time></trkpt>
	<trkpt lat='37.370465' lon='23.2315'><time>2025-05-27T08:41:37.000Z</time></trkpt>
	<trkpt lat='37.370805' lon='23.23086'><time>2025-05-27T08:43:00.000Z</time></trkpt>
	<trkpt lat='37.3730526' lon='23.2409828'><time>2025-05-27T08:51:00.000Z</time></trkpt>
	<trkpt lat='37.3977' lon='23.40803'><time>2025-05-27T10:57:00.000Z</time></trkpt>
	<trkpt lat='37.398113' lon='23.4142933'><time>2025-05-27T11:04:00.000Z</time></trkpt>
	<trkpt lat='37.402585' lon='23.440255'><time>2025-05-27T11:28:00.000Z</time></trkpt>
	<trkpt lat='37.4054841' lon='23.4520485'><time>2025-05-27T11:36:00.000Z</time></trkpt>
	<trkpt lat='37.4148051' lon='23.4833315'><time>2025-05-27T11:57:00.000Z</time></trkpt>
	<trkpt lat='37.4329644' lon='23.5330656'><time>2025-05-27T12:34:00.000Z</time></trkpt>
	<trkpt lat='37.4336621' lon='23.534329'><time>2025-05-27T12:35:00.000Z</time></trkpt>
	<trkpt lat='37.4346983' lon='23.5352183'><time>2025-05-27T12:36:00.000Z</time></trkpt>
	<trkpt lat='37.43685' lon='23.534245'><time>2025-05-27T12:38:00.000Z</time></trkpt>
	<trkpt lat='37.4560533' lon='23.5225686'><time>2025-05-27T12:54:00.000Z</time></trkpt>
	<trkpt lat='37.4571217' lon='23.52159'><time>2025-05-27T12:55:00.000Z</time></trkpt>
	<trkpt lat='37.4808083' lon='23.4903933'><time>2025-05-27T13:20:00.000Z</time></trkpt>
	<trkpt lat='37.4888823' lon='23.4740468'><time>2025-05-27T13:32:00.000Z</time></trkpt>
	<trkpt lat='37.4915133' lon='23.470885'><time>2025-05-27T13:35:00.000Z</time></trkpt>
	<trkpt lat='37.4919317' lon='23.46959'><time>2025-05-27T13:36:00.000Z</time></trkpt>
	<trkpt lat='37.4924218' lon='23.4651966'><time>2025-05-27T13:39:00.000Z</time></trkpt>
	<trkpt lat='37.49321' lon='23.46235'><time>2025-05-27T13:41:00.000Z</time></trkpt>
	<trkpt lat='37.4938388' lon='23.4611873'><time>2025-05-27T13:42:00.000Z</time></trkpt>
	<trkpt lat='37.4958117' lon='23.45939'><time>2025-05-27T13:44:00.000Z</time></trkpt>
	<trkpt lat='37.4974506' lon='23.4571286'><time>2025-05-27T13:46:00.000Z</time></trkpt>
	<trkpt lat='37.4978615' lon='23.4557193'><time>2025-05-27T13:47:00.000Z</time></trkpt>
	<trkpt lat='37.49802' lon='23.453155'><time>2025-05-27T13:49:00.000Z</time></trkpt>
	<trkpt lat='37.49887' lon='23.4509767'><time>2025-05-27T13:51:00.000Z</time></trkpt>
	<trkpt lat='37.4995317' lon='23.4501367'><time>2025-05-27T13:52:00.000Z</time></trkpt>
	<trkpt lat='37.500425' lon='23.4497767'><time>2025-05-27T13:53:00.000Z</time></trkpt>
	<trkpt lat='37.5032167' lon='23.450675'><time>2025-05-27T13:56:00.000Z</time></trkpt>
	<trkpt lat='37.50525' lon='23.4517333'><time>2025-05-27T13:58:00.000Z</time></trkpt>
	<trkpt lat='37.5072717' lon='23.4519917'><time>2025-05-27T14:01:00.000Z</time></trkpt>
	<trkpt lat='37.50702' lon='23.4517633'><time>2025-05-27T14:02:00.000Z</time></trkpt>
	<trkpt lat='37.5068228' lon='23.4527221'><time>2025-05-27T14:04:00.000Z</time></trkpt>
	<trkpt lat='37.505069' lon='23.4523331'><time>2025-05-27T14:09:00.000Z</time></trkpt>
	<trkpt lat='37.5056311' lon='23.4512074'><time>2025-05-27T14:11:00.000Z</time></trkpt>
	<trkpt lat='37.5069866' lon='23.4501213'><time>2025-05-27T14:14:00.000Z</time></trkpt>
	<trkpt lat='37.506775' lon='23.4501817'><time>2025-05-27T14:18:00.000Z</time></trkpt>
	<trkpt lat='37.5123016' lon='23.4416695'><time>2025-05-30T06:39:00.000Z</time></trkpt>
	<trkpt lat='37.5116383' lon='23.4408053'><time>2025-05-30T06:42:00.000Z</time></trkpt>
	<trkpt lat='37.5105633' lon='23.43678'><time>2025-05-30T06:46:00.000Z</time></trkpt>
	<trkpt lat='37.5108' lon='23.4299033'><time>2025-05-30T06:50:00.000Z</time></trkpt>
	<trkpt lat='37.51241' lon='23.4225783'><time>2025-05-30T06:54:00.000Z</time></trkpt>
	<trkpt lat='37.5147566' lon='23.4174376'><time>2025-05-30T06:58:00.000Z</time></trkpt>
	<trkpt lat='37.5168521' lon='23.4138493'><time>2025-05-30T07:01:00.000Z</time></trkpt>
	<trkpt lat='37.5175138' lon='23.4174963'><time>2025-05-30T07:04:00.000Z</time></trkpt>
	<trkpt lat='37.5191167' lon='23.42083'><time>2025-05-30T07:07:00.000Z</time></trkpt>
	<trkpt lat='37.5206883' lon='23.4169983'><time>2025-05-30T07:11:00.000Z</time></trkpt>
	<trkpt lat='37.5215773' lon='23.419854'><time>2025-05-30T07:13:00.000Z</time></trkpt>
	<trkpt lat='37.5227933' lon='23.4224183'><time>2025-05-30T07:15:00.000Z</time></trkpt>
	<trkpt lat='37.5238863' lon='23.4196228'><time>2025-05-30T07:18:00.000Z</time></trkpt>
	<trkpt lat='37.5241833' lon='23.4197023'><time>2025-05-30T07:19:00.000Z</time></trkpt>
	<trkpt lat='37.5258288' lon='23.4234698'><time>2025-05-30T07:22:00.000Z</time></trkpt>
	<trkpt lat='37.5266998' lon='23.4204241'><time>2025-05-30T07:25:00.000Z</time></trkpt>
	<trkpt lat='37.5299861' lon='23.4275321'><time>2025-05-30T07:31:00.000Z</time></trkpt>
	<trkpt lat='37.5375817' lon='23.4417433'><time>2025-05-30T07:42:00.000Z</time></trkpt>
	<trkpt lat='37.5426574' lon='23.4532138'><time>2025-05-30T07:50:00.000Z</time></trkpt>
	<trkpt lat='37.546825' lon='23.46107'><time>2025-05-30T07:56:00.000Z</time></trkpt>
	<trkpt lat='37.5510617' lon='23.4678483'><time>2025-05-30T08:02:00.000Z</time></trkpt>
	<trkpt lat='37.5514206' lon='23.4679685'><time>2025-05-30T08:03:00.000Z</time></trkpt>
	<trkpt lat='37.5525467' lon='23.4490717'><time>2025-05-30T08:16:00.000Z</time></trkpt>
	<trkpt lat='37.5537998' lon='23.4388721'><time>2025-05-30T08:22:00.000Z</time></trkpt>
	<trkpt lat='37.5597596' lon='23.4095973'><time>2025-05-30T08:39:00.000Z</time></trkpt>
	<trkpt lat='37.5607266' lon='23.4063516'><time>2025-05-30T08:41:00.000Z</time></trkpt>
	<trkpt lat='37.5622515' lon='23.3986298'><time>2025-05-30T08:46:00.000Z</time></trkpt>
	<trkpt lat='37.5634917' lon='23.395795'><time>2025-05-30T08:48:00.000Z</time></trkpt>
	<trkpt lat='37.5637791' lon='23.3960455'><time>2025-05-30T08:49:00.000Z</time></trkpt>
	<trkpt lat='37.5691991' lon='23.4141673'><time>2025-05-30T09:01:00.000Z</time></trkpt>
	<trkpt lat='37.5727903' lon='23.4222413'><time>2025-05-30T09:06:00.000Z</time></trkpt>
	<trkpt lat='37.5779471' lon='23.4311371'><time>2025-05-30T09:12:00.000Z</time></trkpt>
	<trkpt lat='37.5893083' lon='23.4477917'><time>2025-05-30T09:25:00.000Z</time></trkpt>
	<trkpt lat='37.5941533' lon='23.4560617'><time>2025-05-30T09:31:00.000Z</time></trkpt>
	<trkpt lat='37.6028867' lon='23.472175'><time>2025-05-30T09:43:00.000Z</time></trkpt>
	<trkpt lat='37.6032017' lon='23.4723733'><time>2025-05-30T09:44:00.000Z</time></trkpt>
	<trkpt lat='37.6041723' lon='23.4629183'><time>2025-05-30T09:50:00.000Z</time></trkpt>
	<trkpt lat='37.6049915' lon='23.4445596'><time>2025-05-30T10:01:00.000Z</time></trkpt>
	<trkpt lat='37.6066408' lon='23.4209621'><time>2025-05-30T10:14:00.000Z</time></trkpt>
	<trkpt lat='37.6162161' lon='23.4359586'><time>2025-05-30T10:26:00.000Z</time></trkpt>
	<trkpt lat='37.6192283' lon='23.4415683'><time>2025-05-30T10:30:00.000Z</time></trkpt>
	<trkpt lat='37.626071' lon='23.4564303'><time>2025-05-30T10:40:00.000Z</time></trkpt>
	<trkpt lat='37.6296533' lon='23.4617967'><time>2025-05-30T10:44:00.000Z</time></trkpt>
	<trkpt lat='37.63757' lon='23.4721267'><time>2025-05-30T10:52:00.000Z</time></trkpt>
	<trkpt lat='37.6390233' lon='23.4749533'><time>2025-05-30T10:54:00.000Z</time></trkpt>
	<trkpt lat='37.6403517' lon='23.4788417'><time>2025-05-30T10:57:00.000Z</time></trkpt>
	<trkpt lat='37.6457199' lon='23.4869426'><time>2025-05-30T11:04:00.000Z</time></trkpt>
	<trkpt lat='37.6455067' lon='23.48584'><time>2025-05-30T11:05:00.000Z</time></trkpt>
	<trkpt lat='37.6457967' lon='23.484215'><time>2025-05-30T11:06:00.000Z</time></trkpt>
	<trkpt lat='37.6478083' lon='23.47726'><time>2025-05-30T11:10:00.000Z</time></trkpt>
	<trkpt lat='37.6506335' lon='23.4603251'><time>2025-05-30T11:19:00.000Z</time></trkpt>
	<trkpt lat='37.6523717' lon='23.441555'><time>2025-05-30T11:28:00.000Z</time></trkpt>
	<trkpt lat='37.6649533' lon='23.3257083'><time>2025-05-30T12:28:00.000Z</time></trkpt>
	<trkpt lat='37.6672468' lon='23.3193681'><time>2025-05-30T12:32:00.000Z</time></trkpt>
	<trkpt lat='37.6857606' lon='23.2608828'><time>2025-05-30T13:08:00.000Z</time></trkpt>
	<trkpt lat='37.6874883' lon='23.2571633'><time>2025-05-30T13:10:00.000Z</time></trkpt>
	<trkpt lat='37.6881056' lon='23.2534151'><time>2025-05-30T13:12:00.000Z</time></trkpt>
	<trkpt lat='37.68946' lon='23.2496367'><time>2025-05-30T13:14:00.000Z</time></trkpt>
	<trkpt lat='37.697695' lon='23.2345033'><time>2025-05-30T13:24:00.000Z</time></trkpt>
	<trkpt lat='37.70155' lon='23.22386'><time>2025-05-30T13:34:00.000Z</time></trkpt>
	<trkpt lat='37.705139' lon='23.2185153'><time>2025-05-30T13:40:00.000Z</time></trkpt>
	<trkpt lat='37.7131417' lon='23.204225'><time>2025-05-30T13:49:00.000Z</time></trkpt>
	<trkpt lat='37.7525819' lon='23.1325471'><time>2025-05-30T14:32:00.000Z</time></trkpt>
	<trkpt lat='37.7568783' lon='23.1268283'><time>2025-05-30T14:37:00.000Z</time></trkpt>
	<trkpt lat='37.75779' lon='23.1263'><time>2025-05-30T14:38:00.000Z</time></trkpt>
	<trkpt lat='37.7605101' lon='23.1264751'><time>2025-05-30T14:41:00.000Z</time></trkpt>
	<trkpt lat='37.7618433' lon='23.1257817'><time>2025-05-30T14:43:00.000Z</time></trkpt>
	<trkpt lat='37.7630118' lon='23.1255856'><time>2025-05-30T14:49:00.000Z</time></trkpt>
	<trkpt lat='37.763068' lon='23.1257083'><time>2025-06-02T10:38:31.000Z</time></trkpt>
	<trkpt lat='37.757387' lon='23.1279298'><time>2025-06-02T10:46:00.000Z</time></trkpt>
	<trkpt lat='37.756115' lon='23.1298933'><time>2025-06-02T10:48:00.000Z</time></trkpt>
	<trkpt lat='37.755435' lon='23.1322917'><time>2025-06-02T10:50:00.000Z</time></trkpt>
	<trkpt lat='37.7535866' lon='23.14621'><time>2025-06-02T11:01:00.000Z</time></trkpt>
	<trkpt lat='37.7536783' lon='23.1475367'><time>2025-06-02T11:02:00.000Z</time></trkpt>
	<trkpt lat='37.7552567' lon='23.152495'><time>2025-06-02T11:06:00.000Z</time></trkpt>
	<trkpt lat='37.7574368' lon='23.1571396'><time>2025-06-02T11:10:00.000Z</time></trkpt>
	<trkpt lat='37.7872883' lon='23.1976667'><time>2025-06-02T11:49:00.000Z</time></trkpt>
	<trkpt lat='37.8168604' lon='23.2351075'><time>2025-06-02T12:23:00.000Z</time></trkpt>
	<trkpt lat='37.8892705' lon='23.3404035'><time>2025-06-02T14:23:00.000Z</time></trkpt>
	<trkpt lat='37.9281196' lon='23.3973255'><time>2025-06-02T15:12:00.000Z</time></trkpt>
	<trkpt lat='37.9304491' lon='23.4011476'><time>2025-06-02T15:15:00.000Z</time></trkpt>
	<trkpt lat='37.9331371' lon='23.4119095'><time>2025-06-02T15:22:00.000Z</time></trkpt>
	<trkpt lat='37.93497' lon='23.4179017'><time>2025-06-02T15:26:00.000Z</time></trkpt>
	<trkpt lat='37.9367641' lon='23.428969'><time>2025-06-02T15:33:00.000Z</time></trkpt>
	<trkpt lat='37.9368333' lon='23.4321748'><time>2025-06-02T15:35:00.000Z</time></trkpt>
	<trkpt lat='37.9360055' lon='23.4420029'><time>2025-06-02T15:41:00.000Z</time></trkpt>
	<trkpt lat='37.9318145' lon='23.4584009'><time>2025-06-02T15:52:00.000Z</time></trkpt>
	<trkpt lat='37.9293517' lon='23.4663883'><time>2025-06-02T15:58:00.000Z</time></trkpt>
	<trkpt lat='37.9277325' lon='23.470095'><time>2025-06-02T16:04:00.000Z</time></trkpt>
	<trkpt lat='37.9279167' lon='23.4699333'><time>2025-06-02T16:09:00.000Z</time></trkpt>
	<trkpt lat='37.92774' lon='23.470138'><time>2025-06-05T07:20:41.000Z</time></trkpt>
	<trkpt lat='37.929937' lon='23.462684'><time>2025-06-05T07:28:00.000Z</time></trkpt>
	<trkpt lat='37.930547' lon='23.462258'><time>2025-06-05T07:29:00.000Z</time></trkpt>
	<trkpt lat='37.933698' lon='23.462508'><time>2025-06-05T07:33:00.000Z</time></trkpt>
	<trkpt lat='37.937547' lon='23.46208'><time>2025-06-05T07:37:00.000Z</time></trkpt>
	<trkpt lat='37.941612' lon='23.462337'><time>2025-06-05T07:41:00.000Z</time></trkpt>
	<trkpt lat='37.945893' lon='23.461667'><time>2025-06-05T07:45:00.000Z</time></trkpt>
	<trkpt lat='37.949795' lon='23.460505'><time>2025-06-05T07:49:00.000Z</time></trkpt>
	<trkpt lat='37.94854' lon='23.459288'><time>2025-06-05T07:51:00.000Z</time></trkpt>
	<trkpt lat='37.94696' lon='23.456643'><time>2025-06-05T07:54:00.000Z</time></trkpt>
	<trkpt lat='37.943468' lon='23.449132'><time>2025-06-05T08:02:00.000Z</time></trkpt>
	<trkpt lat='37.935785' lon='23.44272'><time>2025-06-05T08:14:00.000Z</time></trkpt>
	<trkpt lat='37.937045' lon='23.442568'><time>2025-06-05T08:16:00.000Z</time></trkpt>
	<trkpt lat='37.939512' lon='23.439888'><time>2025-06-05T08:23:00.000Z</time></trkpt>
	<trkpt lat='37.942452' lon='23.437983'><time>2025-06-05T08:27:00.000Z</time></trkpt>
	<trkpt lat='37.947044' lon='23.434209'><time>2025-06-05T08:36:00.000Z</time></trkpt>
	<trkpt lat='37.93081' lon='23.403793'><time>2025-06-05T09:09:00.000Z</time></trkpt>
	<trkpt lat='37.90458' lon='23.387965'><time>2025-06-05T09:34:00.000Z</time></trkpt>
	<trkpt lat='37.903389' lon='23.387957'><time>2025-06-05T09:35:00.000Z</time></trkpt>
	<trkpt lat='37.880837' lon='23.392802'><time>2025-06-05T09:54:00.000Z</time></trkpt>
	<trkpt lat='37.812413' lon='23.406563'><time>2025-06-05T11:09:00.000Z</time></trkpt>
	<trkpt lat='37.811043' lon='23.407713'><time>2025-06-05T11:13:00.000Z</time></trkpt>
	<trkpt lat='37.807875' lon='23.411637'><time>2025-06-05T11:19:00.000Z</time></trkpt>
	<trkpt lat='37.806168' lon='23.41271'><time>2025-06-05T11:22:00.000Z</time></trkpt>
	<trkpt lat='37.802427' lon='23.414432'><time>2025-06-05T11:29:00.000Z</time></trkpt>
	<trkpt lat='37.795415' lon='23.416535'><time>2025-06-05T11:44:00.000Z</time></trkpt>
	<trkpt lat='37.794293' lon='23.41666'><time>2025-06-05T11:47:00.000Z</time></trkpt>
	<trkpt lat='37.793071' lon='23.41626'><time>2025-06-05T11:51:00.000Z</time></trkpt>
	<trkpt lat='37.761833' lon='23.416288'><time>2025-06-05T12:18:00.000Z</time></trkpt>
	<trkpt lat='37.749837' lon='23.418318'><time>2025-06-05T12:28:00.000Z</time></trkpt>
	<trkpt lat='37.748692' lon='23.418723'><time>2025-06-05T12:29:00.000Z</time></trkpt>
	<trkpt lat='37.745747' lon='23.42113'><time>2025-06-05T12:32:00.000Z</time></trkpt>
	<trkpt lat='37.743637' lon='23.421482'><time>2025-06-05T12:34:00.000Z</time></trkpt>
	<trkpt lat='37.738651' lon='23.424789'><time>2025-06-05T12:39:00.000Z</time></trkpt>
	<trkpt lat='37.737803' lon='23.427367'><time>2025-06-05T12:44:00.000Z</time></trkpt>
	<trkpt lat='37.737586' lon='23.42719'><time>2025-06-05T12:47:00.000Z</time></trkpt>
	<trkpt lat='37.737478' lon='23.42741'><time>2025-06-05T12:50:00.000Z</time></trkpt>
	<trkpt lat='37.737372' lon='23.427392'><time>2025-06-06T02:58:51.000Z</time></trkpt>
	<trkpt lat='37.736657' lon='23.425971'><time>2025-06-06T03:01:00.000Z</time></trkpt>
	<trkpt lat='37.73589' lon='23.425323'><time>2025-06-06T03:02:00.000Z</time></trkpt>
	<trkpt lat='37.714886' lon='23.421571'><time>2025-06-06T03:31:00.000Z</time></trkpt>
	<trkpt lat='37.688123' lon='23.42044'><time>2025-06-06T04:10:00.000Z</time></trkpt>
	<trkpt lat='37.629412' lon='23.427792'><time>2025-06-06T05:44:00.000Z</time></trkpt>
	<trkpt lat='37.587268' lon='23.42601'><time>2025-06-06T06:39:00.000Z</time></trkpt>
	<trkpt lat='37.586523' lon='23.425638'><time>2025-06-06T06:44:00.000Z</time></trkpt>
	<trkpt lat='37.572827' lon='23.425352'><time>2025-06-06T06:58:00.000Z</time></trkpt>
	<trkpt lat='37.554855' lon='23.424438'><time>2025-06-06T07:15:00.000Z</time></trkpt>
	<trkpt lat='37.554143' lon='23.42486'><time>2025-06-06T07:16:00.000Z</time></trkpt>
	<trkpt lat='37.554435' lon='23.424535'><time>2025-06-06T07:20:00.000Z</time></trkpt>
	<trkpt lat='37.507093' lon='23.451897'><time>2025-06-16T06:38:39.000Z</time></trkpt>
	<trkpt lat='37.506145' lon='23.448791'><time>2025-06-16T06:42:00.000Z</time></trkpt>
	<trkpt lat='37.506094' lon='23.446692'><time>2025-06-16T06:44:00.000Z</time></trkpt>
	<trkpt lat='37.50897' lon='23.433287'><time>2025-06-16T06:57:00.000Z</time></trkpt>
	<trkpt lat='37.512708' lon='23.409386'><time>2025-06-16T07:14:00.000Z</time></trkpt>
	<trkpt lat='37.516045' lon='23.396313'><time>2025-06-16T07:29:00.000Z</time></trkpt>
	<trkpt lat='37.51587' lon='23.39631'><time>2025-06-16T08:12:05.000Z</time></trkpt>
	<trkpt lat='37.516295' lon='23.404287'><time>2025-06-16T08:20:00.000Z</time></trkpt>
	<trkpt lat='37.515267' lon='23.405581'><time>2025-06-16T08:22:00.000Z</time></trkpt>
	<trkpt lat='37.51246' lon='23.413487'><time>2025-06-16T08:28:00.000Z</time></trkpt>
	<trkpt lat='37.512746' lon='23.422509'><time>2025-06-16T08:36:00.000Z</time></trkpt>
	<trkpt lat='37.517623' lon='23.418318'><time>2025-06-16T08:43:00.000Z</time></trkpt>
	<trkpt lat='37.521004' lon='23.416229'><time>2025-06-16T08:49:00.000Z</time></trkpt>
	<trkpt lat='37.521593' lon='23.422141'><time>2025-06-16T08:55:00.000Z</time></trkpt>
	<trkpt lat='37.523837' lon='23.419372'><time>2025-06-16T09:00:00.000Z</time></trkpt>
	<trkpt lat='37.524198' lon='23.423892'><time>2025-06-16T09:06:00.000Z</time></trkpt>
	<trkpt lat='37.527171' lon='23.419765'><time>2025-06-16T09:13:00.000Z</time></trkpt>
	<trkpt lat='37.52695' lon='23.423658'><time>2025-06-16T09:21:00.000Z</time></trkpt>
	<trkpt lat='37.528977' lon='23.421793'><time>2025-06-16T09:25:00.000Z</time></trkpt>
	<trkpt lat='37.534708' lon='23.418855'><time>2025-06-16T09:35:00.000Z</time></trkpt>
	<trkpt lat='37.543627' lon='23.418512'><time>2025-06-16T09:45:00.000Z</time></trkpt>
	<trkpt lat='37.556842' lon='23.421467'><time>2025-06-16T09:57:00.000Z</time></trkpt>
	<trkpt lat='37.557255' lon='23.421887'><time>2025-06-16T09:58:00.000Z</time></trkpt>
	<trkpt lat='37.556233' lon='23.423359'><time>2025-06-16T10:01:00.000Z</time></trkpt>
	<trkpt lat='37.563482' lon='23.426822'><time>2025-06-16T10:10:00.000Z</time></trkpt>
	<trkpt lat='37.569038' lon='23.430503'><time>2025-06-16T10:16:00.000Z</time></trkpt>
	<trkpt lat='37.569766' lon='23.431067'><time>2025-06-16T10:17:00.000Z</time></trkpt>
	<trkpt lat='37.569828' lon='23.431473'><time>2025-06-16T10:18:00.000Z</time></trkpt>
	<trkpt lat='37.568213' lon='23.432131'><time>2025-06-16T10:21:00.000Z</time></trkpt>
	<trkpt lat='37.563904' lon='23.434923'><time>2025-06-16T10:28:00.000Z</time></trkpt>
	<trkpt lat='37.560385' lon='23.438054'><time>2025-06-16T10:33:00.000Z</time></trkpt>
	<trkpt lat='37.556888' lon='23.440344'><time>2025-06-16T10:37:00.000Z</time></trkpt>
	<trkpt lat='37.550363' lon='23.4459'><time>2025-06-16T10:44:00.000Z</time></trkpt>
	<trkpt lat='37.548439' lon='23.447706'><time>2025-06-16T10:46:00.000Z</time></trkpt>
	<trkpt lat='37.548334' lon='23.448232'><time>2025-06-16T10:47:00.000Z</time></trkpt>
	<trkpt lat='37.550606' lon='23.449241'><time>2025-06-16T10:49:00.000Z</time></trkpt>
	<trkpt lat='37.553967' lon='23.449705'><time>2025-06-16T10:52:00.000Z</time></trkpt>
	<trkpt lat='37.559425' lon='23.451165'><time>2025-06-16T10:56:00.000Z</time></trkpt>
	<trkpt lat='37.563042' lon='23.451745'><time>2025-06-16T10:59:00.000Z</time></trkpt>
	<trkpt lat='37.567975' lon='23.45336'><time>2025-06-16T11:03:00.000Z</time></trkpt>
	<trkpt lat='37.573763' lon='23.455755'><time>2025-06-16T11:08:00.000Z</time></trkpt>
	<trkpt lat='37.583967' lon='23.461015'><time>2025-06-16T11:17:00.000Z</time></trkpt>
	<trkpt lat='37.586477' lon='23.461907'><time>2025-06-16T11:19:00.000Z</time></trkpt>
	<trkpt lat='37.59328' lon='23.466138'><time>2025-06-16T11:25:00.000Z</time></trkpt>
	<trkpt lat='37.598587' lon='23.470123'><time>2025-06-16T11:30:00.000Z</time></trkpt>
	<trkpt lat='37.605688' lon='23.472282'><time>2025-06-16T11:36:00.000Z</time></trkpt>
	<trkpt lat='37.607088' lon='23.473185'><time>2025-06-16T11:38:00.000Z</time></trkpt>
	<trkpt lat='37.605286' lon='23.473401'><time>2025-06-16T11:40:00.000Z</time></trkpt>
	<trkpt lat='37.602108' lon='23.475277'><time>2025-06-16T11:44:00.000Z</time></trkpt>
	<trkpt lat='37.599729' lon='23.47729'><time>2025-06-16T11:47:00.000Z</time></trkpt>
	<trkpt lat='37.595266' lon='23.47996'><time>2025-06-16T11:51:00.000Z</time></trkpt>
	<trkpt lat='37.586746' lon='23.484263'><time>2025-06-16T11:58:00.000Z</time></trkpt>
	<trkpt lat='37.583' lon='23.485307'><time>2025-06-16T12:01:00.000Z</time></trkpt>
	<trkpt lat='37.567853' lon='23.487515'><time>2025-06-16T12:16:00.000Z</time></trkpt>
	<trkpt lat='37.566242' lon='23.487983'><time>2025-06-16T12:19:00.000Z</time></trkpt>
	<trkpt lat='37.551499' lon='23.489202'><time>2025-06-16T12:43:00.000Z</time></trkpt>
	<trkpt lat='37.546665' lon='23.488877'><time>2025-06-16T12:47:00.000Z</time></trkpt>
	<trkpt lat='37.544263' lon='23.489092'><time>2025-06-16T12:49:00.000Z</time></trkpt>
	<trkpt lat='37.541843' lon='23.488509'><time>2025-06-16T12:51:00.000Z</time></trkpt>
	<trkpt lat='37.535863' lon='23.48554'><time>2025-06-16T12:56:00.000Z</time></trkpt>
	<trkpt lat='37.532308' lon='23.484596'><time>2025-06-16T13:00:00.000Z</time></trkpt>
	<trkpt lat='37.531925' lon='23.484098'><time>2025-06-16T13:05:00.000Z</time></trkpt>
	<trkpt lat='37.537352' lon='23.487245'><time>2025-06-16T15:39:00.000Z</time></trkpt>
	<trkpt lat='37.538598' lon='23.487195'><time>2025-06-16T15:40:00.000Z</time></trkpt>
	<trkpt lat='37.539532' lon='23.487992'><time>2025-06-16T15:43:00.000Z</time></trkpt>
	<trkpt lat='37.53934' lon='23.488169'><time>2025-06-16T15:44:00.000Z</time></trkpt>
	<trkpt lat='37.539623' lon='23.48903'><time>2025-06-16T15:46:00.000Z</time></trkpt>
	<trkpt lat='37.539232' lon='23.490618'><time>2025-06-16T15:49:00.000Z</time></trkpt>
	<trkpt lat='37.535245' lon='23.501413'><time>2025-06-16T15:57:00.000Z</time></trkpt>
	<trkpt lat='37.527448' lon='23.518283'><time>2025-06-16T16:12:00.000Z</time></trkpt>
	<trkpt lat='37.525586' lon='23.524325'><time>2025-06-16T16:17:00.000Z</time></trkpt>
	<trkpt lat='37.524857' lon='23.5253'><time>2025-06-16T16:18:00.000Z</time></trkpt>
	<trkpt lat='37.522776' lon='23.52628'><time>2025-06-16T16:20:00.000Z</time></trkpt>
	<trkpt lat='37.519232' lon='23.526148'><time>2025-06-16T16:23:00.000Z</time></trkpt>
	<trkpt lat='37.518098' lon='23.52589'><time>2025-06-16T16:24:00.000Z</time></trkpt>
	<trkpt lat='37.503077' lon='23.512642'><time>2025-06-16T16:39:00.000Z</time></trkpt>
	<trkpt lat='37.499272' lon='23.495852'><time>2025-06-16T16:50:00.000Z</time></trkpt>
	<trkpt lat='37.500046' lon='23.491038'><time>2025-06-16T16:53:00.000Z</time></trkpt>
	<trkpt lat='37.499947' lon='23.489457'><time>2025-06-16T16:54:00.000Z</time></trkpt>
	<trkpt lat='37.49335' lon='23.46735'><time>2025-06-16T17:09:00.000Z</time></trkpt>
	<trkpt lat='37.493095' lon='23.46253'><time>2025-06-16T17:12:00.000Z</time></trkpt>
	<trkpt lat='37.493798' lon='23.461157'><time>2025-06-16T17:13:00.000Z</time></trkpt>
	<trkpt lat='37.496087' lon='23.459478'><time>2025-06-16T17:15:00.000Z</time></trkpt>
	<trkpt lat='37.496917' lon='23.458215'><time>2025-06-16T17:16:00.000Z</time></trkpt>
	<trkpt lat='37.497558' lon='23.456813'><time>2025-06-16T17:17:00.000Z</time></trkpt>
	<trkpt lat='37.498242' lon='23.452168'><time>2025-06-16T17:20:00.000Z</time></trkpt>
	<trkpt lat='37.498988' lon='23.450943'><time>2025-06-16T17:21:00.000Z</time></trkpt>
	<trkpt lat='37.499928' lon='23.450075'><time>2025-06-16T17:22:00.000Z</time></trkpt>
	<trkpt lat='37.507094' lon='23.452204'><time>2025-06-16T17:33:00.000Z</time></trkpt>
	<trkpt lat='37.507129' lon='23.451901'><time>2025-06-20T06:22:41.000Z</time></trkpt>
	<trkpt lat='37.506762' lon='23.450134'><time>2025-06-20T06:25:00.000Z</time></trkpt>
	<trkpt lat='37.50725' lon='23.444593'><time>2025-06-20T06:31:00.000Z</time></trkpt>
	<trkpt lat='37.511643' lon='23.441025'><time>2025-06-20T06:38:00.000Z</time></trkpt>
	<trkpt lat='37.512682' lon='23.439998'><time>2025-06-20T06:40:00.000Z</time></trkpt>
	<trkpt lat='37.512918' lon='23.439242'><time>2025-06-20T06:42:00.000Z</time></trkpt>
	<trkpt lat='37.512375' lon='23.439805'><time>2025-06-20T06:45:00.000Z</time></trkpt>
	<trkpt lat='37.512627' lon='23.439322'><time>2025-06-21T11:42:00.000Z</time></trkpt>
	<trkpt lat='37.512387' lon='23.439255'><time>2025-06-21T11:43:00.000Z</time></trkpt>
	<trkpt lat='37.512408' lon='23.4384'><time>2025-06-21T11:44:00.000Z</time></trkpt>
	<trkpt lat='37.514128' lon='23.430792'><time>2025-06-21T11:51:00.000Z</time></trkpt>
	<trkpt lat='37.516812' lon='23.406537'><time>2025-06-21T12:07:00.000Z</time></trkpt>
	<trkpt lat='37.51797' lon='23.405761'><time>2025-06-21T12:09:00.000Z</time></trkpt>
	<trkpt lat='37.517997' lon='23.404968'><time>2025-06-21T12:11:00.000Z</time></trkpt>
	<trkpt lat='37.518122' lon='23.405738'><time>2025-06-21T12:14:00.000Z</time></trkpt>
	<trkpt lat='37.518569' lon='23.404922'><time>2025-06-24T07:16:00.000Z</time></trkpt>
	<trkpt lat='37.516523' lon='23.407265'><time>2025-06-24T07:20:00.000Z</time></trkpt>
	<trkpt lat='37.506851' lon='23.436331'><time>2025-06-24T07:45:00.000Z</time></trkpt>
	<trkpt lat='37.502772' lon='23.443437'><time>2025-06-24T07:52:00.000Z</time></trkpt>
	<trkpt lat='37.4995' lon='23.447964'><time>2025-06-24T07:59:00.000Z</time></trkpt>
	<trkpt lat='37.501366' lon='23.449712'><time>2025-06-24T08:03:00.000Z</time></trkpt>
	<trkpt lat='37.502971' lon='23.450438'><time>2025-06-24T08:05:00.000Z</time></trkpt>
	<trkpt lat='37.503902' lon='23.451268'><time>2025-06-24T08:07:00.000Z</time></trkpt>
	<trkpt lat='37.504115' lon='23.451119'><time>2025-06-24T08:09:00.000Z</time></trkpt>
	<trkpt lat='37.503683' lon='23.451598'><time>2025-06-24T08:12:00.000Z</time></trkpt>
	<trkpt lat='37.504477' lon='23.450333'><time>2025-06-25T05:44:14.000Z</time></trkpt>
	<trkpt lat='37.501118' lon='23.449867'><time>2025-06-25T05:48:00.000Z</time></trkpt>
	<trkpt lat='37.500135' lon='23.449903'><time>2025-06-25T05:49:00.000Z</time></trkpt>
	<trkpt lat='37.499277' lon='23.450492'><time>2025-06-25T05:50:00.000Z</time></trkpt>
	<trkpt lat='37.498038' lon='23.45247'><time>2025-06-25T05:52:00.000Z</time></trkpt>
	<trkpt lat='37.4971' lon='23.457529'><time>2025-06-25T05:56:00.000Z</time></trkpt>
	<trkpt lat='37.496524' lon='23.458587'><time>2025-06-25T05:57:00.000Z</time></trkpt>
	<trkpt lat='37.493962' lon='23.460865'><time>2025-06-25T06:00:00.000Z</time></trkpt>
	<trkpt lat='37.492715' lon='23.462937'><time>2025-06-25T06:02:00.000Z</time></trkpt>
	<trkpt lat='37.504028' lon='23.52348'><time>2025-06-25T06:41:00.000Z</time></trkpt>
	<trkpt lat='37.505722' lon='23.533418'><time>2025-06-25T06:47:00.000Z</time></trkpt>
	<trkpt lat='37.505343' lon='23.535458'><time>2025-06-25T06:50:00.000Z</time></trkpt>
	<trkpt lat='37.507341' lon='23.541041'><time>2025-06-25T06:54:00.000Z</time></trkpt>
	<trkpt lat='37.515893' lon='23.569622'><time>2025-06-25T07:14:00.000Z</time></trkpt>
	<trkpt lat='37.516638' lon='23.573092'><time>2025-06-25T07:17:00.000Z</time></trkpt>
	<trkpt lat='37.519358' lon='23.580999'><time>2025-06-25T07:21:00.000Z</time></trkpt>
	<trkpt lat='37.5638' lon='23.72833'><time>2025-06-25T09:12:00.000Z</time></trkpt>
	<trkpt lat='37.576218' lon='23.769662'><time>2025-06-25T09:46:00.000Z</time></trkpt>
	<trkpt lat='37.578552' lon='23.778935'><time>2025-06-25T09:51:00.000Z</time></trkpt>
	<trkpt lat='37.588675' lon='23.812448'><time>2025-06-25T10:11:00.000Z</time></trkpt>
	<trkpt lat='37.58983' lon='23.818991'><time>2025-06-25T10:17:00.000Z</time></trkpt>
	<trkpt lat='37.589765' lon='23.828778'><time>2025-06-25T10:24:00.000Z</time></trkpt>
	<trkpt lat='37.590116' lon='23.833639'><time>2025-06-25T10:29:00.000Z</time></trkpt>
	<trkpt lat='37.59551' lon='23.84991'><time>2025-06-25T10:44:00.000Z</time></trkpt>
	<trkpt lat='37.596852' lon='23.85781'><time>2025-06-25T10:51:00.000Z</time></trkpt>
	<trkpt lat='37.596401' lon='23.86147'><time>2025-06-25T10:55:00.000Z</time></trkpt>
	<trkpt lat='37.595896' lon='23.880982'><time>2025-06-25T11:09:00.000Z</time></trkpt>
	<trkpt lat='37.596184' lon='23.897528'><time>2025-06-25T11:21:00.000Z</time></trkpt>
	<trkpt lat='37.597508' lon='23.90654'><time>2025-06-25T11:27:00.000Z</time></trkpt>
	<trkpt lat='37.597612' lon='23.909305'><time>2025-06-25T11:29:00.000Z</time></trkpt>
	<trkpt lat='37.597352' lon='23.915617'><time>2025-06-25T11:33:00.000Z</time></trkpt>
	<trkpt lat='37.59785' lon='23.92145'><time>2025-06-25T11:37:00.000Z</time></trkpt>
	<trkpt lat='37.597535' lon='23.932717'><time>2025-06-25T11:45:00.000Z</time></trkpt>
	<trkpt lat='37.597852' lon='23.932882'><time>2025-06-25T11:46:00.000Z</time></trkpt>
	<trkpt lat='37.600987' lon='23.929957'><time>2025-06-25T11:49:00.000Z</time></trkpt>
	<trkpt lat='37.602648' lon='23.92794'><time>2025-06-25T11:51:00.000Z</time></trkpt>
	<trkpt lat='37.608273' lon='23.919053'><time>2025-06-25T11:58:00.000Z</time></trkpt>
	<trkpt lat='37.611967' lon='23.913902'><time>2025-06-25T12:03:00.000Z</time></trkpt>
	<trkpt lat='37.617805' lon='23.907468'><time>2025-06-25T12:09:00.000Z</time></trkpt>
	<trkpt lat='37.625566' lon='23.896882'><time>2025-06-25T12:19:00.000Z</time></trkpt>
	<trkpt lat='37.632615' lon='23.889717'><time>2025-06-25T12:26:00.000Z</time></trkpt>
	<trkpt lat='37.632068' lon='23.890553'><time>2025-06-25T12:27:00.000Z</time></trkpt>
	<trkpt lat='37.631758' lon='23.892437'><time>2025-06-25T12:28:00.000Z</time></trkpt>
	<trkpt lat='37.631535' lon='23.907988'><time>2025-06-25T12:37:00.000Z</time></trkpt>
	<trkpt lat='37.630772' lon='23.914981'><time>2025-06-25T12:41:00.000Z</time></trkpt>
	<trkpt lat='37.631532' lon='23.9252'><time>2025-06-25T12:47:00.000Z</time></trkpt>
	<trkpt lat='37.6314' lon='23.931445'><time>2025-06-25T12:51:00.000Z</time></trkpt>
	<trkpt lat='37.631867' lon='23.935037'><time>2025-06-25T12:53:00.000Z</time></trkpt>
	<trkpt lat='37.631775' lon='23.936736'><time>2025-06-25T12:54:00.000Z</time></trkpt>
	<trkpt lat='37.629762' lon='23.94321'><time>2025-06-25T12:58:00.000Z</time></trkpt>
	<trkpt lat='37.629341' lon='23.949349'><time>2025-06-25T13:02:00.000Z</time></trkpt>
	<trkpt lat='37.62771' lon='23.958422'><time>2025-06-25T13:08:00.000Z</time></trkpt>
	<trkpt lat='37.627622' lon='23.961667'><time>2025-06-25T13:10:00.000Z</time></trkpt>
	<trkpt lat='37.62834' lon='23.972793'><time>2025-06-25T13:18:00.000Z</time></trkpt>
	<trkpt lat='37.628355' lon='23.980458'><time>2025-06-25T13:23:00.000Z</time></trkpt>
	<trkpt lat='37.627655' lon='23.996255'><time>2025-06-25T13:34:00.000Z</time></trkpt>
	<trkpt lat='37.626455' lon='24.008063'><time>2025-06-25T13:42:00.000Z</time></trkpt>
	<trkpt lat='37.630482' lon='24.005058'><time>2025-06-25T13:46:00.000Z</time></trkpt>
	<trkpt lat='37.635204' lon='24.000862'><time>2025-06-25T13:50:00.000Z</time></trkpt>
	<trkpt lat='37.642556' lon='23.992997'><time>2025-06-25T13:57:00.000Z</time></trkpt>
	<trkpt lat='37.646124' lon='23.990615'><time>2025-06-25T14:00:00.000Z</time></trkpt>
	<trkpt lat='37.648403' lon='23.986525'><time>2025-06-25T14:04:00.000Z</time></trkpt>
	<trkpt lat='37.659222' lon='23.996533'><time>2025-06-25T14:19:00.000Z</time></trkpt>
	<trkpt lat='37.659365' lon='23.996268'><time>2025-06-25T14:21:00.000Z</time></trkpt>
	<trkpt lat='37.659152' lon='23.996415'><time>2025-06-25T14:23:00.000Z</time></trkpt>
	<trkpt lat='37.659447' lon='23.996543'><time>2025-06-26T04:08:00.000Z</time></trkpt>
	<trkpt lat='37.658228' lon='23.99711'><time>2025-06-26T04:11:00.000Z</time></trkpt>
	<trkpt lat='37.650266' lon='24.008422'><time>2025-06-26T04:25:00.000Z</time></trkpt>
	<trkpt lat='37.646758' lon='24.020505'><time>2025-06-26T04:34:00.000Z</time></trkpt>
	<trkpt lat='37.64299' lon='24.024848'><time>2025-06-26T04:40:00.000Z</time></trkpt>
	<trkpt lat='37.642628' lon='24.026323'><time>2025-06-26T04:42:00.000Z</time></trkpt>
	<trkpt lat='37.668663' lon='24.063391'><time>2025-06-26T05:15:00.000Z</time></trkpt>
	<trkpt lat='37.672336' lon='24.069136'><time>2025-06-26T05:20:00.000Z</time></trkpt>
	<trkpt lat='37.675445' lon='24.071369'><time>2025-06-26T05:23:00.000Z</time></trkpt>
	<trkpt lat='37.68085' lon='24.07445'><time>2025-06-26T05:28:00.000Z</time></trkpt>
	<trkpt lat='37.696615' lon='24.078043'><time>2025-06-26T05:41:00.000Z</time></trkpt>
	<trkpt lat='37.69777' lon='24.080118'><time>2025-06-26T05:43:00.000Z</time></trkpt>
	<trkpt lat='37.698783' lon='24.084032'><time>2025-06-26T05:48:00.000Z</time></trkpt>
	<trkpt lat='37.698907' lon='24.085042'><time>2025-06-26T05:49:00.000Z</time></trkpt>
	<trkpt lat='37.698265' lon='24.087652'><time>2025-06-26T05:52:00.000Z</time></trkpt>
	<trkpt lat='37.716125' lon='24.088857'><time>2025-06-26T06:08:00.000Z</time></trkpt>
	<trkpt lat='37.716915' lon='24.088447'><time>2025-06-26T06:09:00.000Z</time></trkpt>
	<trkpt lat='37.717603' lon='24.087502'><time>2025-06-26T06:10:00.000Z</time></trkpt>
	<trkpt lat='37.721108' lon='24.081297'><time>2025-06-26T06:15:00.000Z</time></trkpt>
	<trkpt lat='37.727173' lon='24.073065'><time>2025-06-26T06:22:00.000Z</time></trkpt>
	<trkpt lat='37.727809' lon='24.076317'><time>2025-06-26T06:24:00.000Z</time></trkpt>
	<trkpt lat='37.730159' lon='24.084387'><time>2025-06-26T06:29:00.000Z</time></trkpt>
	<trkpt lat='37.731558' lon='24.090948'><time>2025-06-26T06:33:00.000Z</time></trkpt>
	<trkpt lat='37.734659' lon='24.101004'><time>2025-06-26T06:39:00.000Z</time></trkpt>
	<trkpt lat='37.739707' lon='24.110662'><time>2025-06-26T06:46:00.000Z</time></trkpt>
	<trkpt lat='37.751598' lon='24.129292'><time>2025-06-26T07:00:00.000Z</time></trkpt>
	<trkpt lat='37.755389' lon='24.121078'><time>2025-06-26T07:07:00.000Z</time></trkpt>
	<trkpt lat='37.758547' lon='24.111715'><time>2025-06-26T07:18:00.000Z</time></trkpt>
	<trkpt lat='37.772261' lon='24.107592'><time>2025-06-26T07:31:00.000Z</time></trkpt>
	<trkpt lat='37.773023' lon='24.106624'><time>2025-06-26T07:32:00.000Z</time></trkpt>
	<trkpt lat='37.77438' lon='24.10143'><time>2025-06-26T07:36:00.000Z</time></trkpt>
	<trkpt lat='37.776225' lon='24.090752'><time>2025-06-26T07:43:00.000Z</time></trkpt>
	<trkpt lat='37.77634' lon='24.091648'><time>2025-06-26T07:44:00.000Z</time></trkpt>
	<trkpt lat='37.777349' lon='24.093669'><time>2025-06-26T07:46:00.000Z</time></trkpt>
	<trkpt lat='37.781285' lon='24.09844'><time>2025-06-26T07:52:00.000Z</time></trkpt>
	<trkpt lat='37.783407' lon='24.099982'><time>2025-06-26T07:55:00.000Z</time></trkpt>
	<trkpt lat='37.787737' lon='24.10183'><time>2025-06-26T08:02:00.000Z</time></trkpt>
	<trkpt lat='37.788807' lon='24.102647'><time>2025-06-26T08:03:00.000Z</time></trkpt>
	<trkpt lat='37.798191' lon='24.110476'><time>2025-06-26T08:15:00.000Z</time></trkpt>
	<trkpt lat='37.805528' lon='24.11722'><time>2025-06-26T08:23:00.000Z</time></trkpt>
	<trkpt lat='37.819605' lon='24.131183'><time>2025-06-26T08:37:00.000Z</time></trkpt>
	<trkpt lat='37.830277' lon='24.143633'><time>2025-06-26T08:49:00.000Z</time></trkpt>
	<trkpt lat='37.845103' lon='24.163957'><time>2025-06-26T09:08:00.000Z</time></trkpt>
	<trkpt lat='37.853885' lon='24.177493'><time>2025-06-26T09:23:00.000Z</time></trkpt>
	<trkpt lat='37.856527' lon='24.183825'><time>2025-06-26T09:31:00.000Z</time></trkpt>
	<trkpt lat='37.860085' lon='24.189868'><time>2025-06-26T09:37:00.000Z</time></trkpt>
	<trkpt lat='37.863075' lon='24.195778'><time>2025-06-26T09:42:00.000Z</time></trkpt>
	<trkpt lat='37.864347' lon='24.199587'><time>2025-06-26T09:45:00.000Z</time></trkpt>
	<trkpt lat='37.865187' lon='24.200377'><time>2025-06-26T09:46:00.000Z</time></trkpt>
	<trkpt lat='37.866228' lon='24.20079'><time>2025-06-26T09:47:00.000Z</time></trkpt>
	<trkpt lat='37.894075' lon='24.205118'><time>2025-06-26T10:13:00.000Z</time></trkpt>
	<trkpt lat='37.896058' lon='24.205867'><time>2025-06-26T10:16:00.000Z</time></trkpt>
	<trkpt lat='37.897685' lon='24.203245'><time>2025-06-26T10:19:00.000Z</time></trkpt>
	<trkpt lat='37.900535' lon='24.19986'><time>2025-06-26T10:24:00.000Z</time></trkpt>
	<trkpt lat='37.909656' lon='24.177772'><time>2025-06-26T10:45:00.000Z</time></trkpt>
	<trkpt lat='37.914787' lon='24.168473'><time>2025-06-26T10:52:00.000Z</time></trkpt>
	<trkpt lat='37.918683' lon='24.162355'><time>2025-06-26T10:57:00.000Z</time></trkpt>
	<trkpt lat='37.924895' lon='24.15376'><time>2025-06-26T11:04:00.000Z</time></trkpt>
	<trkpt lat='37.93083' lon='24.147237'><time>2025-06-26T11:10:00.000Z</time></trkpt>
	<trkpt lat='37.933533' lon='24.143778'><time>2025-06-26T11:13:00.000Z</time></trkpt>
	<trkpt lat='37.942208' lon='24.130702'><time>2025-06-26T11:24:00.000Z</time></trkpt>
	<trkpt lat='37.945071' lon='24.126937'><time>2025-06-26T11:27:00.000Z</time></trkpt>
	<trkpt lat='37.950657' lon='24.121152'><time>2025-06-26T11:32:00.000Z</time></trkpt>
	<trkpt lat='37.955355' lon='24.117137'><time>2025-06-26T11:36:00.000Z</time></trkpt>
	<trkpt lat='37.963552' lon='24.110864'><time>2025-06-26T11:43:00.000Z</time></trkpt>
	<trkpt lat='37.966491' lon='24.107977'><time>2025-06-26T11:46:00.000Z</time></trkpt>
	<trkpt lat='37.974618' lon='24.096833'><time>2025-06-26T11:56:00.000Z</time></trkpt>
	<trkpt lat='37.982723' lon='24.084337'><time>2025-06-26T12:08:00.000Z</time></trkpt>
	<trkpt lat='37.985855' lon='24.080612'><time>2025-06-26T12:11:00.000Z</time></trkpt>
	<trkpt lat='37.997334' lon='24.065342'><time>2025-06-26T12:23:00.000Z</time></trkpt>
	<trkpt lat='38.003776' lon='24.058342'><time>2025-06-26T12:29:00.000Z</time></trkpt>
	<trkpt lat='38.007505' lon='24.055424'><time>2025-06-26T12:32:00.000Z</time></trkpt>
	<trkpt lat='38.016893' lon='24.049052'><time>2025-06-26T12:40:00.000Z</time></trkpt>
	<trkpt lat='38.020857' lon='24.04497'><time>2025-06-26T12:45:00.000Z</time></trkpt>
	<trkpt lat='38.031076' lon='24.035637'><time>2025-06-26T12:55:00.000Z</time></trkpt>
	<trkpt lat='38.040334' lon='24.029325'><time>2025-06-26T13:02:00.000Z</time></trkpt>
	<trkpt lat='38.0468' lon='24.025888'><time>2025-06-26T13:07:00.000Z</time></trkpt>
	<trkpt lat='38.052945' lon='24.022075'><time>2025-06-26T13:12:00.000Z</time></trkpt>
	<trkpt lat='38.061913' lon='24.017686'><time>2025-06-26T13:19:00.000Z</time></trkpt>
	<trkpt lat='38.062426' lon='24.017747'><time>2025-06-26T13:20:00.000Z</time></trkpt>
	<trkpt lat='38.061487' lon='24.028433'><time>2025-06-26T13:27:00.000Z</time></trkpt>
	<trkpt lat='38.06142' lon='24.038293'><time>2025-06-26T13:33:00.000Z</time></trkpt>
	<trkpt lat='38.062132' lon='24.055072'><time>2025-06-26T13:46:00.000Z</time></trkpt>
	<trkpt lat='38.063213' lon='24.06089'><time>2025-06-26T13:51:00.000Z</time></trkpt>
	<trkpt lat='38.070692' lon='24.05273'><time>2025-06-26T14:00:00.000Z</time></trkpt>
	<trkpt lat='38.075887' lon='24.047713'><time>2025-06-26T14:05:00.000Z</time></trkpt>
	<trkpt lat='38.08401' lon='24.041243'><time>2025-06-26T14:12:00.000Z</time></trkpt>
	<trkpt lat='38.099275' lon='24.03123'><time>2025-06-26T14:25:00.000Z</time></trkpt>
	<trkpt lat='38.104985' lon='24.026242'><time>2025-06-26T14:31:00.000Z</time></trkpt>
	<trkpt lat='38.10792' lon='24.022403'><time>2025-06-26T14:34:00.000Z</time></trkpt>
	<trkpt lat='38.110237' lon='24.030416'><time>2025-06-26T14:40:00.000Z</time></trkpt>
	<trkpt lat='38.111668' lon='24.041072'><time>2025-06-26T14:47:00.000Z</time></trkpt>
	<trkpt lat='38.111741' lon='24.044756'><time>2025-06-26T14:50:00.000Z</time></trkpt>
	<trkpt lat='38.120123' lon='24.038023'><time>2025-06-26T14:58:00.000Z</time></trkpt>
	<trkpt lat='38.122555' lon='24.036618'><time>2025-06-26T15:00:00.000Z</time></trkpt>
	<trkpt lat='38.124692' lon='24.034566'><time>2025-06-26T15:02:00.000Z</time></trkpt>
	<trkpt lat='38.12577' lon='24.036878'><time>2025-06-26T15:04:00.000Z</time></trkpt>
	<trkpt lat='38.127215' lon='24.047702'><time>2025-06-26T15:10:00.000Z</time></trkpt>
	<trkpt lat='38.12763' lon='24.048375'><time>2025-06-26T15:11:00.000Z</time></trkpt>
	<trkpt lat='38.130147' lon='24.045676'><time>2025-06-26T15:15:00.000Z</time></trkpt>
	<trkpt lat='38.136453' lon='24.045232'><time>2025-06-26T15:22:00.000Z</time></trkpt>
	<trkpt lat='38.138242' lon='24.045843'><time>2025-06-26T15:24:00.000Z</time></trkpt>
	<trkpt lat='38.138691' lon='24.046198'><time>2025-06-26T15:25:00.000Z</time></trkpt>
	<trkpt lat='38.138435' lon='24.04626'><time>2025-06-26T15:29:00.000Z</time></trkpt>
	<trkpt lat='38.138697' lon='24.046518'><time>2025-06-27T05:12:00.000Z</time></trkpt>
	<trkpt lat='38.136736' lon='24.045912'><time>2025-06-27T05:16:00.000Z</time></trkpt>
	<trkpt lat='38.132377' lon='24.043182'><time>2025-06-27T05:20:00.000Z</time></trkpt>
	<trkpt lat='38.131331' lon='24.042851'><time>2025-06-27T05:21:00.000Z</time></trkpt>
	<trkpt lat='38.124827' lon='24.048452'><time>2025-06-27T05:27:00.000Z</time></trkpt>
	<trkpt lat='38.11991' lon='24.053694'><time>2025-06-27T05:32:00.000Z</time></trkpt>
	<trkpt lat='38.119135' lon='24.054817'><time>2025-06-27T05:33:00.000Z</time></trkpt>
	<trkpt lat='38.118377' lon='24.057052'><time>2025-06-27T05:35:00.000Z</time></trkpt>
	<trkpt lat='38.118455' lon='24.060289'><time>2025-06-27T05:38:00.000Z</time></trkpt>
	<trkpt lat='38.120614' lon='24.068399'><time>2025-06-27T05:45:00.000Z</time></trkpt>
	<trkpt lat='38.121285' lon='24.074837'><time>2025-06-27T05:51:00.000Z</time></trkpt>
	<trkpt lat='38.123618' lon='24.087062'><time>2025-06-27T06:00:00.000Z</time></trkpt>
	<trkpt lat='38.126923' lon='24.097756'><time>2025-06-27T06:06:00.000Z</time></trkpt>
	<trkpt lat='38.131088' lon='24.106056'><time>2025-06-27T06:11:00.000Z</time></trkpt>
	<trkpt lat='38.133905' lon='24.110763'><time>2025-06-27T06:14:00.000Z</time></trkpt>
	<trkpt lat='38.137135' lon='24.115342'><time>2025-06-27T06:17:00.000Z</time></trkpt>
	<trkpt lat='38.140367' lon='24.121808'><time>2025-06-27T06:21:00.000Z</time></trkpt>
	<trkpt lat='38.152211' lon='24.14319'><time>2025-06-27T06:34:00.000Z</time></trkpt>
	<trkpt lat='38.155209' lon='24.148148'><time>2025-06-27T06:37:00.000Z</time></trkpt>
	<trkpt lat='38.157837' lon='24.15177'><time>2025-06-27T06:40:00.000Z</time></trkpt>
	<trkpt lat='38.158895' lon='24.140655'><time>2025-06-27T06:46:00.000Z</time></trkpt>
	<trkpt lat='38.16176' lon='24.125163'><time>2025-06-27T06:54:00.000Z</time></trkpt>
	<trkpt lat='38.163595' lon='24.117687'><time>2025-06-27T06:59:00.000Z</time></trkpt>
	<trkpt lat='38.164923' lon='24.103538'><time>2025-06-27T07:06:00.000Z</time></trkpt>
	<trkpt lat='38.167203' lon='24.088015'><time>2025-06-27T07:14:00.000Z</time></trkpt>
	<trkpt lat='38.176453' lon='24.099764'><time>2025-06-27T07:22:00.000Z</time></trkpt>
	<trkpt lat='38.178135' lon='24.103825'><time>2025-06-27T07:24:00.000Z</time></trkpt>
	<trkpt lat='38.181368' lon='24.109397'><time>2025-06-27T07:27:00.000Z</time></trkpt>
	<trkpt lat='38.183868' lon='24.112156'><time>2025-06-27T07:29:00.000Z</time></trkpt>
	<trkpt lat='38.189594' lon='24.117157'><time>2025-06-27T07:33:00.000Z</time></trkpt>
	<trkpt lat='38.197118' lon='24.122552'><time>2025-06-27T07:38:00.000Z</time></trkpt>
	<trkpt lat='38.197943' lon='24.122833'><time>2025-06-27T07:39:00.000Z</time></trkpt>
	<trkpt lat='38.19637' lon='24.11351'><time>2025-06-27T07:44:00.000Z</time></trkpt>
	<trkpt lat='38.195819' lon='24.10735'><time>2025-06-27T07:47:00.000Z</time></trkpt>
	<trkpt lat='38.19645' lon='24.096333'><time>2025-06-27T07:53:00.000Z</time></trkpt>
	<trkpt lat='38.196254' lon='24.084865'><time>2025-06-27T08:00:00.000Z</time></trkpt>
	<trkpt lat='38.204747' lon='24.09396'><time>2025-06-27T08:09:00.000Z</time></trkpt>
	<trkpt lat='38.205537' lon='24.094453'><time>2025-06-27T08:10:00.000Z</time></trkpt>
	<trkpt lat='38.204103' lon='24.079612'><time>2025-06-27T08:20:00.000Z</time></trkpt>
	<trkpt lat='38.203621' lon='24.077252'><time>2025-06-27T08:22:00.000Z</time></trkpt>
	<trkpt lat='38.217367' lon='24.08806'><time>2025-06-27T08:38:00.000Z</time></trkpt>
	<trkpt lat='38.217537' lon='24.086723'><time>2025-06-27T08:41:00.000Z</time></trkpt>
	<trkpt lat='38.220125' lon='24.083913'><time>2025-06-27T08:45:00.000Z</time></trkpt>
	<trkpt lat='38.218638' lon='24.074555'><time>2025-06-27T08:51:00.000Z</time></trkpt>
	<trkpt lat='38.216466' lon='24.056412'><time>2025-06-27T09:01:00.000Z</time></trkpt>
	<trkpt lat='38.232793' lon='24.068976'><time>2025-06-27T09:14:00.000Z</time></trkpt>
	<trkpt lat='38.237558' lon='24.07205'><time>2025-06-27T09:18:00.000Z</time></trkpt>
	<trkpt lat='38.239398' lon='24.073842'><time>2025-06-27T09:20:00.000Z</time></trkpt>
	<trkpt lat='38.239977' lon='24.075138'><time>2025-06-27T09:21:00.000Z</time></trkpt>
	<trkpt lat='38.240173' lon='24.076867'><time>2025-06-27T09:22:00.000Z</time></trkpt>
	<trkpt lat='38.241935' lon='24.074167'><time>2025-06-27T09:25:00.000Z</time></trkpt>
	<trkpt lat='38.246335' lon='24.069511'><time>2025-06-27T09:29:00.000Z</time></trkpt>
	<trkpt lat='38.248408' lon='24.066623'><time>2025-06-27T09:31:00.000Z</time></trkpt>
	<trkpt lat='38.253839' lon='24.061697'><time>2025-06-27T09:35:00.000Z</time></trkpt>
	<trkpt lat='38.262109' lon='24.05154'><time>2025-06-27T09:42:00.000Z</time></trkpt>
	<trkpt lat='38.28403' lon='24.004229'><time>2025-06-27T10:13:00.000Z</time></trkpt>
	<trkpt lat='38.28677' lon='23.999445'><time>2025-06-27T10:16:00.000Z</time></trkpt>
	<trkpt lat='38.293087' lon='23.990345'><time>2025-06-27T10:22:00.000Z</time></trkpt>
	<trkpt lat='38.343345' lon='23.879018'><time>2025-06-27T11:35:00.000Z</time></trkpt>
	<trkpt lat='38.378483' lon='23.80001'><time>2025-06-27T12:28:00.000Z</time></trkpt>
	<trkpt lat='38.379466' lon='23.798902'><time>2025-06-27T12:29:00.000Z</time></trkpt>
	<trkpt lat='38.381937' lon='23.797566'><time>2025-06-27T12:31:00.000Z</time></trkpt>
	<trkpt lat='38.385834' lon='23.798077'><time>2025-06-27T12:34:00.000Z</time></trkpt>
	<trkpt lat='38.387134' lon='23.798465'><time>2025-06-27T12:36:00.000Z</time></trkpt>
	<trkpt lat='38.387193' lon='23.798909'><time>2025-06-27T12:41:00.000Z</time></trkpt>
	<trkpt lat='38.38717' lon='23.798318'><time>2025-07-01T11:25:00.000Z</time></trkpt>
	<trkpt lat='38.382145' lon='23.795243'><time>2025-07-01T11:32:00.000Z</time></trkpt>
	<trkpt lat='38.381184' lon='23.792242'><time>2025-07-01T11:34:00.000Z</time></trkpt>
	<trkpt lat='38.374082' lon='23.776387'><time>2025-07-01T11:45:00.000Z</time></trkpt>
	<trkpt lat='38.37376' lon='23.774473'><time>2025-07-01T11:46:00.000Z</time></trkpt>
	<trkpt lat='38.373743' lon='23.770503'><time>2025-07-01T11:48:00.000Z</time></trkpt>
	<trkpt lat='38.371241' lon='23.766074'><time>2025-07-01T11:51:00.000Z</time></trkpt>
	<trkpt lat='38.373987' lon='23.75307'><time>2025-07-01T12:00:00.000Z</time></trkpt>
	<trkpt lat='38.373542' lon='23.745613'><time>2025-07-01T12:06:00.000Z</time></trkpt>
	<trkpt lat='38.371817' lon='23.735857'><time>2025-07-01T12:14:00.000Z</time></trkpt>
	<trkpt lat='38.368002' lon='23.723787'><time>2025-07-01T12:22:00.000Z</time></trkpt>
	<trkpt lat='38.363221' lon='23.712703'><time>2025-07-01T12:30:00.000Z</time></trkpt>
	<trkpt lat='38.361468' lon='23.704991'><time>2025-07-01T12:35:00.000Z</time></trkpt>
	<trkpt lat='38.356923' lon='23.69362'><time>2025-07-01T12:42:00.000Z</time></trkpt>
	<trkpt lat='38.355246' lon='23.688371'><time>2025-07-01T12:45:00.000Z</time></trkpt>
	<trkpt lat='38.354333' lon='23.68304'><time>2025-07-01T12:48:00.000Z</time></trkpt>
	<trkpt lat='38.353845' lon='23.675655'><time>2025-07-01T12:52:00.000Z</time></trkpt>
	<trkpt lat='38.359108' lon='23.678297'><time>2025-07-01T12:56:00.000Z</time></trkpt>
	<trkpt lat='38.36801' lon='23.681713'><time>2025-07-01T13:02:00.000Z</time></trkpt>
	<trkpt lat='38.375675' lon='23.683857'><time>2025-07-01T13:07:00.000Z</time></trkpt>
	<trkpt lat='38.383545' lon='23.684882'><time>2025-07-01T13:12:00.000Z</time></trkpt>
	<trkpt lat='38.387836' lon='23.686092'><time>2025-07-01T13:15:00.000Z</time></trkpt>
	<trkpt lat='38.393413' lon='23.688648'><time>2025-07-01T13:19:00.000Z</time></trkpt>
	<trkpt lat='38.394354' lon='23.688767'><time>2025-07-01T13:20:00.000Z</time></trkpt>
	<trkpt lat='38.394141' lon='23.685673'><time>2025-07-01T13:22:00.000Z</time></trkpt>
	<trkpt lat='38.39283' lon='23.68057'><time>2025-07-01T13:25:00.000Z</time></trkpt>
	<trkpt lat='38.391509' lon='23.673253'><time>2025-07-01T13:29:00.000Z</time></trkpt>
	<trkpt lat='38.389372' lon='23.666592'><time>2025-07-01T13:33:00.000Z</time></trkpt>
	<trkpt lat='38.387618' lon='23.659782'><time>2025-07-01T13:37:00.000Z</time></trkpt>
	<trkpt lat='38.38555' lon='23.643873'><time>2025-07-01T13:46:00.000Z</time></trkpt>
	<trkpt lat='38.385428' lon='23.638772'><time>2025-07-01T13:49:00.000Z</time></trkpt>
	<trkpt lat='38.391351' lon='23.642679'><time>2025-07-01T13:54:00.000Z</time></trkpt>
	<trkpt lat='38.395283' lon='23.644702'><time>2025-07-01T13:57:00.000Z</time></trkpt>
	<trkpt lat='38.394799' lon='23.634488'><time>2025-07-01T14:04:00.000Z</time></trkpt>
	<trkpt lat='38.403392' lon='23.639601'><time>2025-07-01T14:11:00.000Z</time></trkpt>
	<trkpt lat='38.403592' lon='23.631443'><time>2025-07-01T14:17:00.000Z</time></trkpt>
	<trkpt lat='38.405156' lon='23.632706'><time>2025-07-01T14:19:00.000Z</time></trkpt>
	<trkpt lat='38.412437' lon='23.636399'><time>2025-07-01T14:25:00.000Z</time></trkpt>
	<trkpt lat='38.412958' lon='23.631268'><time>2025-07-01T14:29:00.000Z</time></trkpt>
	<trkpt lat='38.417468' lon='23.634174'><time>2025-07-01T14:33:00.000Z</time></trkpt>
	<trkpt lat='38.418154' lon='23.634201'><time>2025-07-01T14:34:00.000Z</time></trkpt>
	<trkpt lat='38.419267' lon='23.623614'><time>2025-07-01T14:41:00.000Z</time></trkpt>
	<trkpt lat='38.419635' lon='23.623053'><time>2025-07-01T14:42:00.000Z</time></trkpt>
	<trkpt lat='38.425597' lon='23.625138'><time>2025-07-01T14:47:00.000Z</time></trkpt>
	<trkpt lat='38.426308' lon='23.620973'><time>2025-07-01T14:51:00.000Z</time></trkpt>
	<trkpt lat='38.426392' lon='23.618196'><time>2025-07-01T14:53:00.000Z</time></trkpt>
	<trkpt lat='38.427252' lon='23.61386'><time>2025-07-01T14:56:00.000Z</time></trkpt>
	<trkpt lat='38.427908' lon='23.606886'><time>2025-07-01T15:01:00.000Z</time></trkpt>
	<trkpt lat='38.428272' lon='23.606048'><time>2025-07-01T15:02:00.000Z</time></trkpt>
	<trkpt lat='38.432487' lon='23.608775'><time>2025-07-01T15:06:00.000Z</time></trkpt>
	<trkpt lat='38.437538' lon='23.610032'><time>2025-07-01T15:10:00.000Z</time></trkpt>
	<trkpt lat='38.443252' lon='23.612833'><time>2025-07-01T15:15:00.000Z</time></trkpt>
	<trkpt lat='38.443922' lon='23.612613'><time>2025-07-01T15:16:00.000Z</time></trkpt>
	<trkpt lat='38.444023' lon='23.611365'><time>2025-07-01T15:17:00.000Z</time></trkpt>
	<trkpt lat='38.443143' lon='23.608052'><time>2025-07-01T15:19:00.000Z</time></trkpt>
	<trkpt lat='38.443547' lon='23.607682'><time>2025-07-01T15:20:00.000Z</time></trkpt>
	<trkpt lat='38.444712' lon='23.608376'><time>2025-07-01T15:21:00.000Z</time></trkpt>
	<trkpt lat='38.446874' lon='23.6105'><time>2025-07-01T15:23:00.000Z</time></trkpt>
	<trkpt lat='38.449442' lon='23.611972'><time>2025-07-01T15:25:00.000Z</time></trkpt>
	<trkpt lat='38.447857' lon='23.603812'><time>2025-07-01T15:31:00.000Z</time></trkpt>
	<trkpt lat='38.444873' lon='23.595373'><time>2025-07-01T15:37:00.000Z</time></trkpt>
	<trkpt lat='38.44471' lon='23.59333'><time>2025-07-01T15:39:00.000Z</time></trkpt>
	<trkpt lat='38.445263' lon='23.590492'><time>2025-07-01T15:41:00.000Z</time></trkpt>
	<trkpt lat='38.447718' lon='23.586757'><time>2025-07-01T15:44:00.000Z</time></trkpt>
	<trkpt lat='38.44861' lon='23.585884'><time>2025-07-01T15:45:00.000Z</time></trkpt>
	<trkpt lat='38.449718' lon='23.585647'><time>2025-07-01T15:46:00.000Z</time></trkpt>
	<trkpt lat='38.45432' lon='23.586071'><time>2025-07-01T15:50:00.000Z</time></trkpt>
	<trkpt lat='38.457761' lon='23.58542'><time>2025-07-01T15:53:00.000Z</time></trkpt>
	<trkpt lat='38.460022' lon='23.584485'><time>2025-07-01T15:57:00.000Z</time></trkpt>
	<trkpt lat='38.459821' lon='23.584983'><time>2025-07-01T16:01:00.000Z</time></trkpt>
	<trkpt lat='38.45861' lon='23.586423'><time>2025-07-03T19:45:00.000Z</time></trkpt>
	<trkpt lat='38.459495' lon='23.587667'><time>2025-07-03T19:48:00.000Z</time></trkpt>
	<trkpt lat='38.460437' lon='23.588195'><time>2025-07-03T19:49:00.000Z</time></trkpt>
	<trkpt lat='38.467095' lon='23.591748'><time>2025-07-03T19:56:00.000Z</time></trkpt>
	<trkpt lat='38.47148' lon='23.59338'><time>2025-07-03T20:00:00.000Z</time></trkpt>
	<trkpt lat='38.472578' lon='23.593775'><time>2025-07-03T20:01:00.000Z</time></trkpt>
	<trkpt lat='38.475878' lon='23.592655'><time>2025-07-03T20:04:00.000Z</time></trkpt>
	<trkpt lat='38.482371' lon='23.584594'><time>2025-07-03T20:12:00.000Z</time></trkpt>
	<trkpt lat='38.485291' lon='23.577846'><time>2025-07-03T20:19:00.000Z</time></trkpt>
	<trkpt lat='38.485808' lon='23.575414'><time>2025-07-03T20:23:00.000Z</time></trkpt>
	<trkpt lat='38.485601' lon='23.575662'><time>2025-07-03T20:27:00.000Z</time></trkpt>
	<trkpt lat='38.485832' lon='23.575376'><time>2025-07-04T07:46:07.000Z</time></trkpt>
	<trkpt lat='38.486027' lon='23.57526'><time>2025-07-04T07:47:00.000Z</time></trkpt>
	<trkpt lat='38.488569' lon='23.57826'><time>2025-07-04T07:53:00.000Z</time></trkpt>
	<trkpt lat='38.491327' lon='23.58041'><time>2025-07-04T07:56:00.000Z</time></trkpt>
	<trkpt lat='38.500021' lon='23.583018'><time>2025-07-04T08:02:00.000Z</time></trkpt>
	<trkpt lat='38.504241' lon='23.583571'><time>2025-07-04T08:05:00.000Z</time></trkpt>
	<trkpt lat='38.515728' lon='23.585855'><time>2025-07-04T08:13:00.000Z</time></trkpt>
	<trkpt lat='38.526451' lon='23.586193'><time>2025-07-04T08:21:00.000Z</time></trkpt>
	<trkpt lat='38.525112' lon='23.583582'><time>2025-07-04T08:25:00.000Z</time></trkpt>
	<trkpt lat='38.52328' lon='23.581847'><time>2025-07-04T08:28:00.000Z</time></trkpt>
	<trkpt lat='38.516952' lon='23.57406'><time>2025-07-04T08:36:00.000Z</time></trkpt>
	<trkpt lat='38.50829' lon='23.561745'><time>2025-07-04T08:48:00.000Z</time></trkpt>
	<trkpt lat='38.511137' lon='23.563013'><time>2025-07-04T08:52:00.000Z</time></trkpt>
	<trkpt lat='38.51425' lon='23.563464'><time>2025-07-04T08:55:00.000Z</time></trkpt>
	<trkpt lat='38.51389' lon='23.563372'><time>2025-07-04T08:57:00.000Z</time></trkpt>
	<trkpt lat='38.514297' lon='23.562736'><time>2025-07-04T08:58:00.000Z</time></trkpt>
	<trkpt lat='38.515795' lon='23.561167'><time>2025-07-04T09:00:00.000Z</time></trkpt>
	<trkpt lat='38.51905' lon='23.556653'><time>2025-07-04T09:05:00.000Z</time></trkpt>
	<trkpt lat='38.530682' lon='23.54403'><time>2025-07-04T09:19:00.000Z</time></trkpt>
	<trkpt lat='38.530802' lon='23.542674'><time>2025-07-04T09:20:00.000Z</time></trkpt>
	<trkpt lat='38.532071' lon='23.540343'><time>2025-07-04T09:22:00.000Z</time></trkpt>
	<trkpt lat='38.543762' lon='23.528067'><time>2025-07-04T09:33:00.000Z</time></trkpt>
	<trkpt lat='38.545795' lon='23.525193'><time>2025-07-04T09:36:00.000Z</time></trkpt>
	<trkpt lat='38.553757' lon='23.517068'><time>2025-07-04T09:46:00.000Z</time></trkpt>
	<trkpt lat='38.554197' lon='23.516159'><time>2025-07-04T09:47:00.000Z</time></trkpt>
	<trkpt lat='38.557158' lon='23.500572'><time>2025-07-04T09:56:00.000Z</time></trkpt>
	<trkpt lat='38.560735' lon='23.490122'><time>2025-07-04T10:02:00.000Z</time></trkpt>
	<trkpt lat='38.564058' lon='23.47672'><time>2025-07-04T10:10:00.000Z</time></trkpt>
	<trkpt lat='38.568052' lon='23.466643'><time>2025-07-04T10:16:00.000Z</time></trkpt>
	<trkpt lat='38.571682' lon='23.460137'><time>2025-07-04T10:20:00.000Z</time></trkpt>
	<trkpt lat='38.572915' lon='23.455608'><time>2025-07-04T10:23:00.000Z</time></trkpt>
	<trkpt lat='38.57437' lon='23.452877'><time>2025-07-04T10:25:00.000Z</time></trkpt>
	<trkpt lat='38.575005' lon='23.450243'><time>2025-07-04T10:27:00.000Z</time></trkpt>
	<trkpt lat='38.574872' lon='23.448565'><time>2025-07-04T10:29:00.000Z</time></trkpt>
	<trkpt lat='38.647117' lon='23.389812'><time>2025-07-04T11:43:00.000Z</time></trkpt>
	<trkpt lat='38.649278' lon='23.386267'><time>2025-07-04T11:46:00.000Z</time></trkpt>
	<trkpt lat='38.651572' lon='23.383557'><time>2025-07-04T11:49:00.000Z</time></trkpt>
	<trkpt lat='38.652574' lon='23.380998'><time>2025-07-04T11:51:00.000Z</time></trkpt>
	<trkpt lat='38.6553' lon='23.375818'><time>2025-07-04T11:55:00.000Z</time></trkpt>
	<trkpt lat='38.659658' lon='23.370618'><time>2025-07-04T12:01:00.000Z</time></trkpt>
	<trkpt lat='38.660004' lon='23.36711'><time>2025-07-04T12:05:00.000Z</time></trkpt>
	<trkpt lat='38.66422' lon='23.36389'><time>2025-07-04T12:10:00.000Z</time></trkpt>
	<trkpt lat='38.665601' lon='23.360909'><time>2025-07-04T12:12:00.000Z</time></trkpt>
	<trkpt lat='38.667023' lon='23.35614'><time>2025-07-04T12:15:00.000Z</time></trkpt>
	<trkpt lat='38.669888' lon='23.35201'><time>2025-07-04T12:17:59.000Z</time></trkpt>
	<trkpt lat='38.670925' lon='23.349518'><time>2025-07-04T12:20:00.000Z</time></trkpt>
	<trkpt lat='38.672614' lon='23.346842'><time>2025-07-04T12:22:00.000Z</time></trkpt>
	<trkpt lat='38.676204' lon='23.341631'><time>2025-07-04T12:26:00.000Z</time></trkpt>
	<trkpt lat='38.685562' lon='23.330705'><time>2025-07-04T12:35:00.000Z</time></trkpt>
	<trkpt lat='38.691373' lon='23.326149'><time>2025-07-04T12:40:00.000Z</time></trkpt>
	<trkpt lat='38.701512' lon='23.319577'><time>2025-07-04T12:48:00.000Z</time></trkpt>
	<trkpt lat='38.70895' lon='23.313576'><time>2025-07-04T12:55:00.000Z</time></trkpt>
	<trkpt lat='38.714577' lon='23.31115'><time>2025-07-04T12:59:00.000Z</time></trkpt>
	<trkpt lat='38.720117' lon='23.309438'><time>2025-07-04T13:03:00.000Z</time></trkpt>
	<trkpt lat='38.724767' lon='23.30569'><time>2025-07-04T13:07:00.000Z</time></trkpt>
	<trkpt lat='38.731237' lon='23.302285'><time>2025-07-04T13:13:00.000Z</time></trkpt>
	<trkpt lat='38.742519' lon='23.297499'><time>2025-07-04T13:24:00.000Z</time></trkpt>
	<trkpt lat='38.74509' lon='23.295832'><time>2025-07-04T13:27:00.000Z</time></trkpt>
	<trkpt lat='38.748267' lon='23.294627'><time>2025-07-04T13:30:00.000Z</time></trkpt>
	<trkpt lat='38.750172' lon='23.293005'><time>2025-07-04T13:33:00.000Z</time></trkpt>
	<trkpt lat='38.762698' lon='23.29159'><time>2025-07-04T13:44:00.000Z</time></trkpt>
	<trkpt lat='38.767153' lon='23.292411'><time>2025-07-04T13:48:00.000Z</time></trkpt>
	<trkpt lat='38.767145' lon='23.292905'><time>2025-07-04T13:49:00.000Z</time></trkpt>
	<trkpt lat='38.767257' lon='23.292318'><time>2025-07-04T13:53:00.000Z</time></trkpt>
	<trkpt lat='38.768821299430115' lon='23.292071859444547'><time>2025-07-11T06:16:00.345Z</time></trkpt>
	<trkpt lat='38.767915' lon='23.292273'><time>2025-07-17T07:53:15.000Z</time></trkpt>
	<trkpt lat='38.764775' lon='23.294828'><time>2025-07-17T07:57:00.000Z</time></trkpt>
	<trkpt lat='38.763427' lon='23.296527'><time>2025-07-17T07:58:00.000Z</time></trkpt>
	<trkpt lat='38.761682' lon='23.301'><time>2025-07-17T08:00:00.000Z</time></trkpt>
	<trkpt lat='38.760368' lon='23.30578'><time>2025-07-17T08:02:00.000Z</time></trkpt>
	<trkpt lat='38.759992' lon='23.307968'><time>2025-07-17T08:03:00.000Z</time></trkpt>
	<trkpt lat='38.760238' lon='23.314273'><time>2025-07-17T08:06:00.000Z</time></trkpt>
	<trkpt lat='38.761162' lon='23.319168'><time>2025-07-17T08:10:00.000Z</time></trkpt>
	<trkpt lat='38.764713' lon='23.281978'><time>2025-07-17T08:27:00.000Z</time></trkpt>
	<trkpt lat='38.821815' lon='23.10805'><time>2025-07-17T09:44:00.000Z</time></trkpt>
	<trkpt lat='38.826049' lon='23.099625'><time>2025-07-17T09:48:00.000Z</time></trkpt>
	<trkpt lat='38.838706' lon='23.070772'><time>2025-07-17T10:01:00.000Z</time></trkpt>
	<trkpt lat='38.847583' lon='23.053235'><time>2025-07-17T10:09:00.000Z</time></trkpt>
	<trkpt lat='38.852508' lon='23.041833'><time>2025-07-17T10:14:00.000Z</time></trkpt>
	<trkpt lat='38.857117' lon='23.038827'><time>2025-07-17T10:17:00.000Z</time></trkpt>
	<trkpt lat='38.859945' lon='23.038343'><time>2025-07-17T10:19:00.000Z</time></trkpt>
	<trkpt lat='38.862147' lon='23.038451'><time>2025-07-17T10:26:00.000Z</time></trkpt>
	<trkpt lat='38.861961' lon='23.038526'><time>2025-07-18T11:33:15.000Z</time></trkpt>
	<trkpt lat='38.858826' lon='23.033359'><time>2025-07-18T11:40:00.000Z</time></trkpt>
	<trkpt lat='38.855548' lon='23.02615'><time>2025-07-18T11:46:00.000Z</time></trkpt>
	<trkpt lat='38.854072' lon='23.020763'><time>2025-07-18T11:51:00.000Z</time></trkpt>
	<trkpt lat='38.852643' lon='23.017535'><time>2025-07-18T11:54:00.000Z</time></trkpt>
	<trkpt lat='38.850304' lon='23.0105'><time>2025-07-18T12:00:00.000Z</time></trkpt>
	<trkpt lat='38.847334' lon='23.003865'><time>2025-07-18T12:06:00.000Z</time></trkpt>
	<trkpt lat='38.846022' lon='22.999947'><time>2025-07-18T12:10:00.000Z</time></trkpt>
	<trkpt lat='38.840219' lon='22.986'><time>2025-07-18T12:22:00.000Z</time></trkpt>
	<trkpt lat='38.837207' lon='22.976695'><time>2025-07-18T12:26:00.000Z</time></trkpt>
	<trkpt lat='38.831837' lon='22.963258'><time>2025-07-18T12:34:00.000Z</time></trkpt>
	<trkpt lat='38.830562' lon='22.945963'><time>2025-07-18T12:47:00.000Z</time></trkpt>
	<trkpt lat='38.828501' lon='22.934687'><time>2025-07-18T12:55:00.000Z</time></trkpt>
	<trkpt lat='38.825102' lon='22.869075'><time>2025-07-18T13:36:00.000Z</time></trkpt>
	<trkpt lat='38.823902' lon='22.830351'><time>2025-07-18T14:00:00.000Z</time></trkpt>
	<trkpt lat='38.824118' lon='22.827279'><time>2025-07-18T14:02:00.000Z</time></trkpt>
	<trkpt lat='38.826257' lon='22.826732'><time>2025-07-18T14:04:00.000Z</time></trkpt>
	<trkpt lat='38.83157' lon='22.826297'><time>2025-07-18T14:08:00.000Z</time></trkpt>
	<trkpt lat='38.841762' lon='22.827297'><time>2025-07-18T14:17:00.000Z</time></trkpt>
	<trkpt lat='38.84499' lon='22.824325'><time>2025-07-18T14:22:00.000Z</time></trkpt>
	<trkpt lat='38.851256' lon='22.821721'><time>2025-07-18T14:26:00.000Z</time></trkpt>
	<trkpt lat='38.854662' lon='22.820977'><time>2025-07-18T14:28:00.000Z</time></trkpt>
	<trkpt lat='38.86458' lon='22.820367'><time>2025-07-18T14:34:00.000Z</time></trkpt>
	<trkpt lat='38.868401' lon='22.819219'><time>2025-07-18T14:36:00.000Z</time></trkpt>
	<trkpt lat='38.8703' lon='22.81909'><time>2025-07-18T14:37:00.000Z</time></trkpt>
	<trkpt lat='38.875212' lon='22.819805'><time>2025-07-18T14:40:00.000Z</time></trkpt>
	<trkpt lat='38.883478' lon='22.822067'><time>2025-07-18T14:45:00.000Z</time></trkpt>
	<trkpt lat='38.875724' lon='22.831715'><time>2025-07-18T14:53:00.000Z</time></trkpt>
	<trkpt lat='38.869583' lon='22.842103'><time>2025-07-18T14:59:00.000Z</time></trkpt>
	<trkpt lat='38.869943' lon='22.842848'><time>2025-07-18T15:00:00.000Z</time></trkpt>
	<trkpt lat='38.877795' lon='22.844463'><time>2025-07-18T15:05:00.000Z</time></trkpt>
	<trkpt lat='38.882175' lon='22.846158'><time>2025-07-18T15:08:00.000Z</time></trkpt>
	<trkpt lat='38.887986' lon='22.849363'><time>2025-07-18T15:12:00.000Z</time></trkpt>
	<trkpt lat='38.892052' lon='22.852802'><time>2025-07-18T15:15:00.000Z</time></trkpt>
	<trkpt lat='38.894648' lon='22.855572'><time>2025-07-18T15:17:00.000Z</time></trkpt>
	<trkpt lat='38.898009' lon='22.860153'><time>2025-07-18T15:20:00.000Z</time></trkpt>
	<trkpt lat='38.906505' lon='22.874212'><time>2025-07-18T15:29:00.000Z</time></trkpt>
	<trkpt lat='38.91054' lon='22.882318'><time>2025-07-18T15:34:00.000Z</time></trkpt>
	<trkpt lat='38.912568' lon='22.884799'><time>2025-07-18T15:36:00.000Z</time></trkpt>
	<trkpt lat='38.906575' lon='22.887683'><time>2025-07-18T15:41:00.000Z</time></trkpt>
	<trkpt lat='38.899485' lon='22.891685'><time>2025-07-18T15:46:00.000Z</time></trkpt>
	<trkpt lat='38.891058' lon='22.895547'><time>2025-07-18T15:52:00.000Z</time></trkpt>
	<trkpt lat='38.88808' lon='22.897335'><time>2025-07-18T15:54:00.000Z</time></trkpt>
	<trkpt lat='38.88867' lon='22.898174'><time>2025-07-18T15:55:00.000Z</time></trkpt>
	<trkpt lat='38.892828' lon='22.901626'><time>2025-07-18T15:58:00.000Z</time></trkpt>
	<trkpt lat='38.899453' lon='22.906742'><time>2025-07-18T16:03:00.000Z</time></trkpt>
	<trkpt lat='38.911033' lon='22.9127'><time>2025-07-18T16:11:00.000Z</time></trkpt>
	<trkpt lat='38.911525' lon='22.913435'><time>2025-07-18T16:12:00.000Z</time></trkpt>
	<trkpt lat='38.904252' lon='22.921536'><time>2025-07-18T16:19:00.000Z</time></trkpt>
	<trkpt lat='38.898893' lon='22.926572'><time>2025-07-18T16:24:00.000Z</time></trkpt>
	<trkpt lat='38.896897' lon='22.928928'><time>2025-07-18T16:26:00.000Z</time></trkpt>
	<trkpt lat='38.897895' lon='22.929072'><time>2025-07-18T16:27:00.000Z</time></trkpt>
	<trkpt lat='38.90492' lon='22.93224'><time>2025-07-18T16:32:00.000Z</time></trkpt>
	<trkpt lat='38.920025' lon='22.93517'><time>2025-07-18T16:43:00.000Z</time></trkpt>
	<trkpt lat='38.92546' lon='22.939515'><time>2025-07-18T16:47:00.000Z</time></trkpt>
	<trkpt lat='38.928353' lon='22.941598'><time>2025-07-18T16:49:00.000Z</time></trkpt>
	<trkpt lat='38.92999' lon='22.942372'><time>2025-07-18T16:50:00.000Z</time></trkpt>
	<trkpt lat='38.931788' lon='22.942178'><time>2025-07-18T16:51:00.000Z</time></trkpt>
	<trkpt lat='38.937123' lon='22.939871'><time>2025-07-18T16:54:00.000Z</time></trkpt>
	<trkpt lat='38.940015' lon='22.939787'><time>2025-07-18T16:56:00.000Z</time></trkpt>
	<trkpt lat='38.940778' lon='22.940005'><time>2025-07-18T16:57:00.000Z</time></trkpt>
	<trkpt lat='38.941381' lon='22.940632'><time>2025-07-18T16:58:00.000Z</time></trkpt>
	<trkpt lat='38.941882' lon='22.941827'><time>2025-07-18T17:00:00.000Z</time></trkpt>
	<trkpt lat='38.941801' lon='22.942415'><time>2025-07-18T17:05:00.000Z</time></trkpt>
	<trkpt lat='38.942107' lon='22.941537'><time>2025-07-19T08:14:39.000Z</time></trkpt>
	<trkpt lat='38.941812' lon='22.941688'><time>2025-07-19T08:16:00.000Z</time></trkpt>
	<trkpt lat='38.940468' lon='22.939755'><time>2025-07-19T08:18:00.000Z</time></trkpt>
	<trkpt lat='38.938863' lon='22.939311'><time>2025-07-19T08:19:00.000Z</time></trkpt>
	<trkpt lat='38.937293' lon='22.940017'><time>2025-07-19T08:20:00.000Z</time></trkpt>
	<trkpt lat='38.936197' lon='22.941489'><time>2025-07-19T08:21:00.000Z</time></trkpt>
	<trkpt lat='38.935788' lon='22.943527'><time>2025-07-19T08:22:00.000Z</time></trkpt>
	<trkpt lat='38.93556' lon='22.948238'><time>2025-07-19T08:24:00.000Z</time></trkpt>
	<trkpt lat='38.936218' lon='22.954674'><time>2025-07-19T08:27:00.000Z</time></trkpt>
	<trkpt lat='38.937101' lon='22.954742'><time>2025-07-19T08:28:00.000Z</time></trkpt>
	<trkpt lat='38.938188' lon='22.954316'><time>2025-07-19T08:29:00.000Z</time></trkpt>
	<trkpt lat='38.938168' lon='22.955077'><time>2025-07-19T08:30:00.000Z</time></trkpt>
	<trkpt lat='38.93392' lon='22.97021'><time>2025-07-19T08:39:00.000Z</time></trkpt>
	<trkpt lat='38.92917' lon='22.998708'><time>2025-07-19T08:54:00.000Z</time></trkpt>
	<trkpt lat='38.926892' lon='23.015437'><time>2025-07-19T09:03:00.000Z</time></trkpt>
	<trkpt lat='38.92631' lon='23.026419'><time>2025-07-19T09:09:00.000Z</time></trkpt>
	<trkpt lat='38.926449' lon='23.028415'><time>2025-07-19T09:10:00.000Z</time></trkpt>
	<trkpt lat='38.927047' lon='23.029235'><time>2025-07-19T09:11:00.000Z</time></trkpt>
	<trkpt lat='38.934783' lon='23.027037'><time>2025-07-19T09:16:00.000Z</time></trkpt>
	<trkpt lat='38.942212' lon='23.025986'><time>2025-07-19T09:21:00.000Z</time></trkpt>
	<trkpt lat='38.952998' lon='23.023788'><time>2025-07-19T09:28:00.000Z</time></trkpt>
	<trkpt lat='38.959616' lon='23.023046'><time>2025-07-19T09:32:00.000Z</time></trkpt>
	<trkpt lat='38.966334' lon='23.022843'><time>2025-07-19T09:36:00.000Z</time></trkpt>
	<trkpt lat='38.979578' lon='23.024282'><time>2025-07-19T09:44:00.000Z</time></trkpt>
	<trkpt lat='38.986272' lon='23.025487'><time>2025-07-19T09:48:00.000Z</time></trkpt>
	<trkpt lat='38.992998' lon='23.027168'><time>2025-07-19T09:52:00.000Z</time></trkpt>
	<trkpt lat='39.002708' lon='23.030803'><time>2025-07-19T09:58:00.000Z</time></trkpt>
	<trkpt lat='39.003572' lon='23.031433'><time>2025-07-19T09:59:00.000Z</time></trkpt>
	<trkpt lat='38.993153' lon='23.047712'><time>2025-07-19T10:10:00.000Z</time></trkpt>
	<trkpt lat='38.985175' lon='23.063108'><time>2025-07-19T10:19:00.000Z</time></trkpt>
	<trkpt lat='38.980277' lon='23.074595'><time>2025-07-19T10:25:00.000Z</time></trkpt>
	<trkpt lat='38.977428' lon='23.085015'><time>2025-07-19T10:30:00.000Z</time></trkpt>
	<trkpt lat='38.983087' lon='23.084468'><time>2025-07-19T10:34:00.000Z</time></trkpt>
	<trkpt lat='38.995343' lon='23.085617'><time>2025-07-19T10:42:00.000Z</time></trkpt>
	<trkpt lat='39.001063' lon='23.086877'><time>2025-07-19T10:46:00.000Z</time></trkpt>
	<trkpt lat='39.012892' lon='23.090992'><time>2025-07-19T10:55:00.000Z</time></trkpt>
	<trkpt lat='39.01925' lon='23.094017'><time>2025-07-19T11:00:00.000Z</time></trkpt>
	<trkpt lat='39.036026' lon='23.103264'><time>2025-07-19T11:13:00.000Z</time></trkpt>
	<trkpt lat='39.04689' lon='23.110213'><time>2025-07-19T11:21:00.000Z</time></trkpt>
	<trkpt lat='39.053548' lon='23.113535'><time>2025-07-19T11:26:00.000Z</time></trkpt>
	<trkpt lat='39.069657' lon='23.12035'><time>2025-07-19T11:38:00.000Z</time></trkpt>
	<trkpt lat='39.079068' lon='23.125523'><time>2025-07-19T11:45:00.000Z</time></trkpt>
	<trkpt lat='39.082974' lon='23.128426'><time>2025-07-19T11:48:00.000Z</time></trkpt>
	<trkpt lat='39.072463' lon='23.138052'><time>2025-07-19T11:57:00.000Z</time></trkpt>
	<trkpt lat='39.067296' lon='23.143746'><time>2025-07-19T12:02:00.000Z</time></trkpt>
	<trkpt lat='39.064442' lon='23.147367'><time>2025-07-19T12:05:00.000Z</time></trkpt>
	<trkpt lat='39.046431' lon='23.17369'><time>2025-07-19T12:26:00.000Z</time></trkpt>
	<trkpt lat='39.038813' lon='23.186298'><time>2025-07-19T12:35:00.000Z</time></trkpt>
	<trkpt lat='39.033943' lon='23.195352'><time>2025-07-19T12:41:00.000Z</time></trkpt>
	<trkpt lat='39.025528' lon='23.213735'><time>2025-07-19T12:52:00.000Z</time></trkpt>
	<trkpt lat='39.023441' lon='23.219256'><time>2025-07-19T12:55:00.000Z</time></trkpt>
	<trkpt lat='39.051194' lon='23.214321'><time>2025-07-19T13:14:00.000Z</time></trkpt>
	<trkpt lat='39.055861' lon='23.213941'><time>2025-07-19T13:17:00.000Z</time></trkpt>
	<trkpt lat='39.068198' lon='23.213802'><time>2025-07-19T13:25:00.000Z</time></trkpt>
	<trkpt lat='39.072867' lon='23.214203'><time>2025-07-19T13:28:00.000Z</time></trkpt>
	<trkpt lat='39.08052' lon='23.21571'><time>2025-07-19T13:33:00.000Z</time></trkpt>
	<trkpt lat='39.089758' lon='23.219471'><time>2025-07-19T13:39:00.000Z</time></trkpt>
	<trkpt lat='39.098096' lon='23.223962'><time>2025-07-19T13:46:00.000Z</time></trkpt>
	<trkpt lat='39.097697' lon='23.224993'><time>2025-07-19T13:47:00.000Z</time></trkpt>
	<trkpt lat='39.087891' lon='23.239299'><time>2025-07-19T13:57:00.000Z</time></trkpt>
	<trkpt lat='39.078306' lon='23.259226'><time>2025-07-19T14:10:00.000Z</time></trkpt>
	<trkpt lat='39.072122' lon='23.276425'><time>2025-07-19T14:21:00.000Z</time></trkpt>
	<trkpt lat='39.069211' lon='23.287068'><time>2025-07-19T14:28:00.000Z</time></trkpt>
	<trkpt lat='39.065635' lon='23.30631'><time>2025-07-19T14:39:00.000Z</time></trkpt>
	<trkpt lat='39.064397' lon='23.316525'><time>2025-07-19T14:45:00.000Z</time></trkpt>
	<trkpt lat='39.061678' lon='23.324685'><time>2025-07-19T14:51:00.000Z</time></trkpt>
	<trkpt lat='39.05903' lon='23.329222'><time>2025-07-19T14:55:00.000Z</time></trkpt>
	<trkpt lat='39.069338' lon='23.330613'><time>2025-07-19T15:02:00.000Z</time></trkpt>
	<trkpt lat='39.073498' lon='23.332033'><time>2025-07-19T15:05:00.000Z</time></trkpt>
	<trkpt lat='39.078962' lon='23.333134'><time>2025-07-19T15:09:00.000Z</time></trkpt>
	<trkpt lat='39.079976' lon='23.333185'><time>2025-07-19T15:10:00.000Z</time></trkpt>
	<trkpt lat='39.08417' lon='23.331453'><time>2025-07-19T15:15:00.000Z</time></trkpt>
	<trkpt lat='39.113975' lon='23.433103'><time>2025-07-19T16:04:00.000Z</time></trkpt>
	<trkpt lat='39.126598' lon='23.46281'><time>2025-07-19T16:18:00.000Z</time></trkpt>
	<trkpt lat='39.1278' lon='23.464755'><time>2025-07-19T16:19:00.000Z</time></trkpt>
	<trkpt lat='39.129362' lon='23.466184'><time>2025-07-19T16:20:00.000Z</time></trkpt>
	<trkpt lat='39.134687' lon='23.469158'><time>2025-07-19T16:23:00.000Z</time></trkpt>
	<trkpt lat='39.136516' lon='23.469942'><time>2025-07-19T16:24:00.000Z</time></trkpt>
	<trkpt lat='39.14229' lon='23.471394'><time>2025-07-19T16:27:00.000Z</time></trkpt>
	<trkpt lat='39.155339' lon='23.476428'><time>2025-07-19T16:34:00.000Z</time></trkpt>
	<trkpt lat='39.159129' lon='23.477151'><time>2025-07-19T16:37:00.000Z</time></trkpt>
	<trkpt lat='39.159862' lon='23.477504'><time>2025-07-19T16:38:00.000Z</time></trkpt>
	<trkpt lat='39.160524' lon='23.478921'><time>2025-07-19T16:44:00.000Z</time></trkpt>
	<trkpt lat='39.160184' lon='23.478954'><time>2025-07-24T07:47:00.000Z</time></trkpt>
	<trkpt lat='39.159222' lon='23.480196'><time>2025-07-24T07:50:00.000Z</time></trkpt>
	<trkpt lat='39.156643' lon='23.486377'><time>2025-07-24T07:54:00.000Z</time></trkpt>
	<trkpt lat='39.155573' lon='23.490482'><time>2025-07-24T07:56:00.000Z</time></trkpt>
	<trkpt lat='39.154853' lon='23.49753'><time>2025-07-24T07:59:00.000Z</time></trkpt>
	<trkpt lat='39.154895' lon='23.499898'><time>2025-07-24T08:00:00.000Z</time></trkpt>
	<trkpt lat='39.155601' lon='23.504595'><time>2025-07-24T08:02:00.000Z</time></trkpt>
	<trkpt lat='39.158281' lon='23.514627'><time>2025-07-24T08:09:00.000Z</time></trkpt>
	<trkpt lat='39.163297' lon='23.525947'><time>2025-07-24T08:15:00.000Z</time></trkpt>
	<trkpt lat='39.167542' lon='23.53432'><time>2025-07-24T08:20:00.000Z</time></trkpt>
	<trkpt lat='39.174472' lon='23.545708'><time>2025-07-24T08:28:00.000Z</time></trkpt>
	<trkpt lat='39.182725' lon='23.557352'><time>2025-07-24T08:37:00.000Z</time></trkpt>
	<trkpt lat='39.198763' lon='23.574972'><time>2025-07-24T08:53:00.000Z</time></trkpt>
	<trkpt lat='39.202619' lon='23.579766'><time>2025-07-24T08:57:00.000Z</time></trkpt>
	<trkpt lat='39.207043' lon='23.586364'><time>2025-07-24T09:02:00.000Z</time></trkpt>
	<trkpt lat='39.209971' lon='23.591896'><time>2025-07-24T09:07:00.000Z</time></trkpt>
	<trkpt lat='39.212344' lon='23.597705'><time>2025-07-24T09:12:00.000Z</time></trkpt>
	<trkpt lat='39.21429' lon='23.603987'><time>2025-07-24T09:17:00.000Z</time></trkpt>
	<trkpt lat='39.214662' lon='23.606554'><time>2025-07-24T09:19:00.000Z</time></trkpt>
	<trkpt lat='39.214143' lon='23.609252'><time>2025-07-24T09:21:00.000Z</time></trkpt>
	<trkpt lat='39.213228' lon='23.611858'><time>2025-07-24T09:23:00.000Z</time></trkpt>
	<trkpt lat='39.211276' lon='23.616095'><time>2025-07-24T09:26:00.000Z</time></trkpt>
	<trkpt lat='39.204032' lon='23.635375'><time>2025-07-24T09:38:00.000Z</time></trkpt>
	<trkpt lat='39.15611' lon='23.72048'><time>2025-07-24T10:45:00.000Z</time></trkpt>
	<trkpt lat='39.154805' lon='23.722255'><time>2025-07-24T10:46:00.000Z</time></trkpt>
	<trkpt lat='39.145571' lon='23.730825'><time>2025-07-24T10:52:00.000Z</time></trkpt>
	<trkpt lat='39.143833' lon='23.731477'><time>2025-07-24T10:53:00.000Z</time></trkpt>
	<trkpt lat='39.136217' lon='23.731545'><time>2025-07-24T10:57:00.000Z</time></trkpt>
	<trkpt lat='39.134671' lon='23.730369'><time>2025-07-24T10:58:00.000Z</time></trkpt>
	<trkpt lat='39.130825' lon='23.723765'><time>2025-07-24T11:03:00.000Z</time></trkpt>
	<trkpt lat='39.13104' lon='23.725227'><time>2025-07-24T11:05:00.000Z</time></trkpt>
	<trkpt lat='39.126503' lon='23.73288'><time>2025-07-24T11:09:00.000Z</time></trkpt>
	<trkpt lat='39.125195' lon='23.734573'><time>2025-07-24T11:10:00.000Z</time></trkpt>
	<trkpt lat='39.123517' lon='23.735667'><time>2025-07-24T11:11:00.000Z</time></trkpt>
	<trkpt lat='39.122796' lon='23.733795'><time>2025-07-24T11:12:00.000Z</time></trkpt>
	<trkpt lat='39.122765' lon='23.731105'><time>2025-07-24T11:16:00.000Z</time></trkpt>
	<trkpt lat='39.122665' lon='23.731405'><time>2025-07-24T11:18:00.000Z</time></trkpt>
	<trkpt lat='39.122806' lon='23.731474'><time>2025-07-25T04:35:00.000Z</time></trkpt>
	<trkpt lat='39.122482' lon='23.733425'><time>2025-07-25T04:38:00.000Z</time></trkpt>
	<trkpt lat='39.122915' lon='23.735012'><time>2025-07-25T04:39:00.000Z</time></trkpt>
	<trkpt lat='39.131299' lon='23.742011'><time>2025-07-25T04:46:00.000Z</time></trkpt>
	<trkpt lat='39.134567' lon='23.746238'><time>2025-07-25T04:49:00.000Z</time></trkpt>
	<trkpt lat='39.135281' lon='23.757072'><time>2025-07-25T04:54:00.000Z</time></trkpt>
	<trkpt lat='39.139772' lon='23.804265'><time>2025-07-25T05:16:00.000Z</time></trkpt>
	<trkpt lat='39.138837' lon='23.80611'><time>2025-07-25T05:17:00.000Z</time></trkpt>
	<trkpt lat='39.138247' lon='23.808172'><time>2025-07-25T05:18:00.000Z</time></trkpt>
	<trkpt lat='39.137933' lon='23.832508'><time>2025-07-25T05:28:00.000Z</time></trkpt>
	<trkpt lat='39.139215' lon='23.838888'><time>2025-07-25T05:31:00.000Z</time></trkpt>
	<trkpt lat='39.13982' lon='23.840408'><time>2025-07-25T05:32:00.000Z</time></trkpt>
	<trkpt lat='39.140933' lon='23.841992'><time>2025-07-25T05:38:00.000Z</time></trkpt>
	<trkpt lat='39.140705' lon='23.841943'><time>2025-07-26T07:11:24.000Z</time></trkpt>
	<trkpt lat='39.137046' lon='23.84366'><time>2025-07-26T07:14:00.000Z</time></trkpt>
	<trkpt lat='39.132888' lon='23.847102'><time>2025-07-26T07:17:00.000Z</time></trkpt>
	<trkpt lat='39.130633' lon='23.850508'><time>2025-07-26T07:19:00.000Z</time></trkpt>
	<trkpt lat='39.130041' lon='23.855018'><time>2025-07-26T07:21:00.000Z</time></trkpt>
	<trkpt lat='39.132595' lon='23.863229'><time>2025-07-26T07:25:00.000Z</time></trkpt>
	<trkpt lat='39.135335' lon='23.869083'><time>2025-07-26T07:28:00.000Z</time></trkpt>
	<trkpt lat='39.136425' lon='23.870773'><time>2025-07-26T07:29:00.000Z</time></trkpt>
	<trkpt lat='39.138172' lon='23.871732'><time>2025-07-26T07:30:00.000Z</time></trkpt>
	<trkpt lat='39.140003' lon='23.870933'><time>2025-07-26T07:31:00.000Z</time></trkpt>
	<trkpt lat='39.141455' lon='23.869538'><time>2025-07-26T07:32:00.000Z</time></trkpt>
	<trkpt lat='39.142898' lon='23.869962'><time>2025-07-26T07:33:00.000Z</time></trkpt>
	<trkpt lat='39.145308' lon='23.872908'><time>2025-07-26T07:35:00.000Z</time></trkpt>
	<trkpt lat='39.148409' lon='23.873965'><time>2025-07-26T07:37:00.000Z</time></trkpt>
	<trkpt lat='39.148821' lon='23.874712'><time>2025-07-26T07:42:00.000Z</time></trkpt>
	<trkpt lat='39.147067' lon='23.869827'><time>2025-07-27T07:50:33.000Z</time></trkpt>
	<trkpt lat='39.145805' lon='23.870368'><time>2025-07-27T07:52:00.000Z</time></trkpt>
	<trkpt lat='39.144817' lon='23.871749'><time>2025-07-27T07:53:00.000Z</time></trkpt>
	<trkpt lat='39.145574' lon='23.875569'><time>2025-07-27T07:55:00.000Z</time></trkpt>
	<trkpt lat='39.147093' lon='23.87965'><time>2025-07-27T07:57:00.000Z</time></trkpt>
	<trkpt lat='39.158042' lon='23.903651'><time>2025-07-27T08:09:00.000Z</time></trkpt>
	<trkpt lat='39.169138' lon='23.915413'><time>2025-07-27T08:17:00.000Z</time></trkpt>
	<trkpt lat='39.174261' lon='23.921618'><time>2025-07-27T08:21:00.000Z</time></trkpt>
	<trkpt lat='39.177202' lon='23.924162'><time>2025-07-27T08:23:00.000Z</time></trkpt>
	<trkpt lat='39.187402' lon='23.928595'><time>2025-07-27T08:29:00.000Z</time></trkpt>
	<trkpt lat='39.189105' lon='23.928648'><time>2025-07-27T08:30:00.000Z</time></trkpt>
	<trkpt lat='39.190658' lon='23.927842'><time>2025-07-27T08:31:00.000Z</time></trkpt>
	<trkpt lat='39.191878' lon='23.925055'><time>2025-07-27T08:35:00.000Z</time></trkpt>
	<trkpt lat='39.191668' lon='23.925687'><time>2025-07-27T08:39:00.000Z</time></trkpt>
	<trkpt lat='39.191775' lon='23.925037'><time>2025-07-30T06:07:00.000Z</time></trkpt>
	<trkpt lat='39.191186' lon='23.927016'><time>2025-07-30T06:10:00.000Z</time></trkpt>
	<trkpt lat='39.190475' lon='23.927986'><time>2025-07-30T06:11:00.000Z</time></trkpt>
	<trkpt lat='39.189538' lon='23.928708'><time>2025-07-30T06:12:00.000Z</time></trkpt>
	<trkpt lat='39.186267' lon='23.93005'><time>2025-07-30T06:15:00.000Z</time></trkpt>
	<trkpt lat='39.184821' lon='23.929998'><time>2025-07-30T06:16:00.000Z</time></trkpt>
	<trkpt lat='39.175459' lon='23.924591'><time>2025-07-30T06:21:00.000Z</time></trkpt>
	<trkpt lat='39.158257' lon='23.905107'><time>2025-07-30T06:35:00.000Z</time></trkpt>
	<trkpt lat='39.155504' lon='23.902993'><time>2025-07-30T06:37:00.000Z</time></trkpt>
	<trkpt lat='39.150555' lon='23.897953'><time>2025-07-30T06:41:00.000Z</time></trkpt>
	<trkpt lat='39.143102' lon='23.89116'><time>2025-07-30T06:47:00.000Z</time></trkpt>
	<trkpt lat='39.13753' lon='23.88336'><time>2025-07-30T06:52:00.000Z</time></trkpt>
	<trkpt lat='39.135942' lon='23.879618'><time>2025-07-30T06:54:00.000Z</time></trkpt>
	<trkpt lat='39.134803' lon='23.877863'><time>2025-07-30T06:55:00.000Z</time></trkpt>
	<trkpt lat='39.130907' lon='23.87378'><time>2025-07-30T06:58:00.000Z</time></trkpt>
	<trkpt lat='39.128053' lon='23.869238'><time>2025-07-30T07:01:00.000Z</time></trkpt>
	<trkpt lat='39.12529' lon='23.867093'><time>2025-07-30T07:03:00.000Z</time></trkpt>
	<trkpt lat='39.124125' lon='23.865517'><time>2025-07-30T07:04:00.000Z</time></trkpt>
	<trkpt lat='39.121585' lon='23.859945'><time>2025-07-30T07:07:00.000Z</time></trkpt>
	<trkpt lat='39.117941' lon='23.854988'><time>2025-07-30T07:10:00.000Z</time></trkpt>
	<trkpt lat='39.116353' lon='23.854347'><time>2025-07-30T07:11:00.000Z</time></trkpt>
	<trkpt lat='39.11453' lon='23.854573'><time>2025-07-30T07:12:00.000Z</time></trkpt>
	<trkpt lat='39.112994' lon='23.853969'><time>2025-07-30T07:13:00.000Z</time></trkpt>
	<trkpt lat='39.101631' lon='23.833394'><time>2025-07-30T07:23:00.000Z</time></trkpt>
	<trkpt lat='39.100243' lon='23.832047'><time>2025-07-30T07:24:00.000Z</time></trkpt>
	<trkpt lat='39.096792' lon='23.833085'><time>2025-07-30T07:26:00.000Z</time></trkpt>
	<trkpt lat='39.095567' lon='23.8314'><time>2025-07-30T07:27:00.000Z</time></trkpt>
	<trkpt lat='39.088972' lon='23.816317'><time>2025-07-30T07:34:00.000Z</time></trkpt>
	<trkpt lat='39.083477' lon='23.796092'><time>2025-07-30T07:43:00.000Z</time></trkpt>
	<trkpt lat='39.081224' lon='23.787158'><time>2025-07-30T07:47:00.000Z</time></trkpt>
	<trkpt lat='39.080348' lon='23.7824'><time>2025-07-30T07:49:00.000Z</time></trkpt>
	<trkpt lat='39.078448' lon='23.775473'><time>2025-07-30T07:52:00.000Z</time></trkpt>
	<trkpt lat='39.07635' lon='23.771523'><time>2025-07-30T07:54:00.000Z</time></trkpt>
	<trkpt lat='39.075862' lon='23.769156'><time>2025-07-30T07:55:00.000Z</time></trkpt>
	<trkpt lat='39.075635' lon='23.767262'><time>2025-07-30T07:56:00.000Z</time></trkpt>
	<trkpt lat='39.075912' lon='23.765248'><time>2025-07-30T07:57:00.000Z</time></trkpt>
	<trkpt lat='39.078497' lon='23.753998'><time>2025-07-30T08:02:00.000Z</time></trkpt>
	<trkpt lat='39.079561' lon='23.752162'><time>2025-07-30T08:03:00.000Z</time></trkpt>
	<trkpt lat='39.080978' lon='23.750712'><time>2025-07-30T08:04:00.000Z</time></trkpt>
	<trkpt lat='39.082947' lon='23.749788'><time>2025-07-30T08:06:00.000Z</time></trkpt>
	<trkpt lat='39.083232' lon='23.747995'><time>2025-07-30T08:08:00.000Z</time></trkpt>
	<trkpt lat='39.083715' lon='23.747361'><time>2025-07-30T08:09:00.000Z</time></trkpt>
	<trkpt lat='39.083192' lon='23.749163'><time>2025-07-30T08:11:00.000Z</time></trkpt>
	<trkpt lat='39.083575' lon='23.749624'><time>2025-07-30T08:12:00.000Z</time></trkpt>
	<trkpt lat='39.082735' lon='23.749885'><time>2025-07-30T08:16:00.000Z</time></trkpt>
	<trkpt lat='39.083083' lon='23.749883'><time>2025-07-30T09:43:00.000Z</time></trkpt>
	<trkpt lat='39.07114' lon='23.738354'><time>2025-07-30T09:54:00.000Z</time></trkpt>
	<trkpt lat='39.069597' lon='23.736744'><time>2025-07-30T09:55:00.000Z</time></trkpt>
	<trkpt lat='39.068369' lon='23.734742'><time>2025-07-30T09:56:00.000Z</time></trkpt>
	<trkpt lat='39.066153' lon='23.72899'><time>2025-07-30T09:59:00.000Z</time></trkpt>
	<trkpt lat='39.065447' lon='23.713642'><time>2025-07-30T10:09:00.000Z</time></trkpt>
	<trkpt lat='39.067923' lon='23.68521'><time>2025-07-30T10:20:00.000Z</time></trkpt>
	<trkpt lat='39.069159' lon='23.663831'><time>2025-07-30T10:29:00.000Z</time></trkpt>
	<trkpt lat='39.068165' lon='23.657662'><time>2025-07-30T10:33:00.000Z</time></trkpt>
	<trkpt lat='39.066113' lon='23.650475'><time>2025-07-30T10:37:00.000Z</time></trkpt>
	<trkpt lat='39.064754' lon='23.644263'><time>2025-07-30T10:40:00.000Z</time></trkpt>
	<trkpt lat='39.064266' lon='23.640252'><time>2025-07-30T10:42:00.000Z</time></trkpt>
	<trkpt lat='39.063797' lon='23.629545'><time>2025-07-30T10:47:00.000Z</time></trkpt>
	<trkpt lat='39.064552' lon='23.593285'><time>2025-07-30T11:05:00.000Z</time></trkpt>
	<trkpt lat='39.065157' lon='23.576678'><time>2025-07-30T11:13:00.000Z</time></trkpt>
	<trkpt lat='39.066203' lon='23.561457'><time>2025-07-30T11:20:00.000Z</time></trkpt>
	<trkpt lat='39.06542' lon='23.54886'><time>2025-07-30T11:25:00.000Z</time></trkpt>
	<trkpt lat='39.065463' lon='23.531283'><time>2025-07-30T11:32:00.000Z</time></trkpt>
	<trkpt lat='39.066136' lon='23.516034'><time>2025-07-30T11:38:00.000Z</time></trkpt>
	<trkpt lat='39.064841' lon='23.499119'><time>2025-07-30T11:45:00.000Z</time></trkpt>
	<trkpt lat='39.065252' lon='23.492228'><time>2025-07-30T11:48:00.000Z</time></trkpt>
	<trkpt lat='39.06788' lon='23.465711'><time>2025-07-30T12:00:00.000Z</time></trkpt>
	<trkpt lat='39.072407' lon='23.440525'><time>2025-07-30T12:11:00.000Z</time></trkpt>
	<trkpt lat='39.073463' lon='23.435992'><time>2025-07-30T12:13:00.000Z</time></trkpt>
	<trkpt lat='39.073605' lon='23.43186'><time>2025-07-30T12:15:00.000Z</time></trkpt>
	<trkpt lat='39.073604' lon='23.421673'><time>2025-07-30T12:20:00.000Z</time></trkpt>
	<trkpt lat='39.073125' lon='23.4143'><time>2025-07-30T12:23:00.000Z</time></trkpt>
	<trkpt lat='39.07107' lon='23.399094'><time>2025-07-30T12:29:00.000Z</time></trkpt>
	<trkpt lat='39.068806' lon='23.387346'><time>2025-07-30T12:34:00.000Z</time></trkpt>
	<trkpt lat='39.068072' lon='23.380082'><time>2025-07-30T12:37:00.000Z</time></trkpt>
	<trkpt lat='39.066593' lon='23.370335'><time>2025-07-30T12:41:00.000Z</time></trkpt>
	<trkpt lat='39.061567' lon='23.343145'><time>2025-07-30T12:52:00.000Z</time></trkpt>
	<trkpt lat='39.060009' lon='23.332792'><time>2025-07-30T12:56:00.000Z</time></trkpt>
	<trkpt lat='39.046485' lon='23.271328'><time>2025-07-30T13:20:00.000Z</time></trkpt>
	<trkpt lat='39.04054' lon='23.245675'><time>2025-07-30T13:30:00.000Z</time></trkpt>
	<trkpt lat='39.03384' lon='23.210357'><time>2025-07-30T13:44:00.000Z</time></trkpt>
	<trkpt lat='39.015934' lon='23.136336'><time>2025-07-30T14:17:00.000Z</time></trkpt>
	<trkpt lat='38.950538' lon='23.016308'><time>2025-07-30T15:27:00.000Z</time></trkpt>
	<trkpt lat='38.94265' lon='22.99798'><time>2025-07-30T15:37:00.000Z</time></trkpt>
	<trkpt lat='38.941972' lon='22.995912'><time>2025-07-30T15:38:00.000Z</time></trkpt>
	<trkpt lat='38.93516' lon='22.953707'><time>2025-07-30T15:59:00.000Z</time></trkpt>
	<trkpt lat='38.935089' lon='22.951634'><time>2025-07-30T16:00:00.000Z</time></trkpt>
	<trkpt lat='38.93555' lon='22.946094'><time>2025-07-30T16:03:00.000Z</time></trkpt>
	<trkpt lat='38.936477' lon='22.941856'><time>2025-07-30T16:06:00.000Z</time></trkpt>
	<trkpt lat='38.937715' lon='22.940161'><time>2025-07-30T16:07:00.000Z</time></trkpt>
	<trkpt lat='38.939493' lon='22.94003'><time>2025-07-30T16:08:00.000Z</time></trkpt>
	<trkpt lat='38.940762' lon='22.940285'><time>2025-07-30T16:09:00.000Z</time></trkpt>
	<trkpt lat='38.942425' lon='22.94138'><time>2025-07-30T16:12:00.000Z</time></trkpt>
	<trkpt lat='38.941975' lon='22.940902'><time>2025-07-30T16:13:00.000Z</time></trkpt>
	<trkpt lat='38.941864' lon='22.941148'><time>2025-07-30T16:14:00.000Z</time></trkpt>
	<trkpt lat='38.942251' lon='22.941433'><time>2025-07-30T16:16:00.000Z</time></trkpt>
	<trkpt lat='38.942262' lon='22.941382'><time>2025-07-31T06:29:10.000Z</time></trkpt>
	<trkpt lat='38.940377' lon='22.940205'><time>2025-07-31T06:32:00.000Z</time></trkpt>
	<trkpt lat='38.938646' lon='22.939874'><time>2025-07-31T06:33:00.000Z</time></trkpt>
	<trkpt lat='38.936935' lon='22.940117'><time>2025-07-31T06:34:00.000Z</time></trkpt>
	<trkpt lat='38.933656' lon='22.941789'><time>2025-07-31T06:36:00.000Z</time></trkpt>
	<trkpt lat='38.930222' lon='22.941765'><time>2025-07-31T06:38:00.000Z</time></trkpt>
	<trkpt lat='38.928492' lon='22.94115'><time>2025-07-31T06:39:00.000Z</time></trkpt>
	<trkpt lat='38.927062' lon='22.939772'><time>2025-07-31T06:40:00.000Z</time></trkpt>
	<trkpt lat='38.879647' lon='22.855955'><time>2025-07-31T07:21:00.000Z</time></trkpt>
	<trkpt lat='38.878405' lon='22.854133'><time>2025-07-31T07:22:00.000Z</time></trkpt>
	<trkpt lat='38.875294' lon='22.851396'><time>2025-07-31T07:24:00.000Z</time></trkpt>
	<trkpt lat='38.855676' lon='22.831224'><time>2025-07-31T07:38:00.000Z</time></trkpt>
	<trkpt lat='38.854131' lon='22.830315'><time>2025-07-31T07:39:00.000Z</time></trkpt>
	<trkpt lat='38.847453' lon='22.829845'><time>2025-07-31T07:43:00.000Z</time></trkpt>
	<trkpt lat='38.825472' lon='22.827348'><time>2025-07-31T07:57:00.000Z</time></trkpt>
	<trkpt lat='38.823983' lon='22.827538'><time>2025-07-31T07:58:00.000Z</time></trkpt>
	<trkpt lat='38.823863' lon='22.829578'><time>2025-07-31T07:59:00.000Z</time></trkpt>
	<trkpt lat='38.829438' lon='22.930364'><time>2025-07-31T08:43:00.000Z</time></trkpt>
	<trkpt lat='38.828939' lon='22.93254'><time>2025-07-31T08:44:00.000Z</time></trkpt>
	<trkpt lat='38.823037' lon='22.94051'><time>2025-07-31T08:49:00.000Z</time></trkpt>
	<trkpt lat='38.817298' lon='22.951362'><time>2025-07-31T08:55:00.000Z</time></trkpt>
	<trkpt lat='38.814868' lon='22.958771'><time>2025-07-31T08:59:00.000Z</time></trkpt>
	<trkpt lat='38.813206' lon='22.96627'><time>2025-07-31T09:03:00.000Z</time></trkpt>
	<trkpt lat='38.813175' lon='22.967437'><time>2025-07-31T09:04:00.000Z</time></trkpt>
	<trkpt lat='38.815772' lon='22.965443'><time>2025-07-31T09:06:00.000Z</time></trkpt>
	<trkpt lat='38.816817' lon='22.965022'><time>2025-07-31T09:07:00.000Z</time></trkpt>
	<trkpt lat='38.815125' lon='22.976793'><time>2025-07-31T09:13:00.000Z</time></trkpt>
	<trkpt lat='38.814827' lon='22.981116'><time>2025-07-31T09:15:00.000Z</time></trkpt>
	<trkpt lat='38.814991' lon='22.989183'><time>2025-07-31T09:19:00.000Z</time></trkpt>
	<trkpt lat='38.816312' lon='22.997588'><time>2025-07-31T09:23:00.000Z</time></trkpt>
	<trkpt lat='38.815775' lon='23.002224'><time>2025-07-31T09:25:00.000Z</time></trkpt>
	<trkpt lat='38.81116' lon='23.027086'><time>2025-07-31T09:36:00.000Z</time></trkpt>
	<trkpt lat='38.809875' lon='23.030885'><time>2025-07-31T09:39:00.000Z</time></trkpt>
	<trkpt lat='38.809295' lon='23.034371'><time>2025-07-31T09:41:00.000Z</time></trkpt>
	<trkpt lat='38.807109' lon='23.037163'><time>2025-07-31T09:45:00.000Z</time></trkpt>
	<trkpt lat='38.805483' lon='23.041075'><time>2025-07-31T09:49:00.000Z</time></trkpt>
	<trkpt lat='38.805625' lon='23.041852'><time>2025-07-31T09:52:00.000Z</time></trkpt>
	<trkpt lat='38.804892' lon='23.046096'><time>2025-07-31T09:54:00.000Z</time></trkpt>
	<trkpt lat='38.778403' lon='23.197135'><time>2025-07-31T11:11:00.000Z</time></trkpt>
	<trkpt lat='38.77365' lon='23.206564'><time>2025-07-31T11:18:00.000Z</time></trkpt>
	<trkpt lat='38.773105' lon='23.208329'><time>2025-07-31T11:19:00.000Z</time></trkpt>
	<trkpt lat='38.772157' lon='23.217823'><time>2025-07-31T11:24:00.000Z</time></trkpt>
	<trkpt lat='38.769432' lon='23.229239'><time>2025-07-31T11:31:00.000Z</time></trkpt>
	<trkpt lat='38.768511' lon='23.230953'><time>2025-07-31T11:32:00.000Z</time></trkpt>
	<trkpt lat='38.766062' lon='23.233863'><time>2025-07-31T11:34:00.000Z</time></trkpt>
	<trkpt lat='38.762302' lon='23.242602'><time>2025-07-31T11:39:00.000Z</time></trkpt>
	<trkpt lat='38.757948' lon='23.249592'><time>2025-07-31T11:43:00.000Z</time></trkpt>
	<trkpt lat='38.754703' lon='23.259318'><time>2025-07-31T11:48:00.000Z</time></trkpt>
	<trkpt lat='38.751797' lon='23.264738'><time>2025-07-31T11:51:00.000Z</time></trkpt>
	<trkpt lat='38.74942' lon='23.270798'><time>2025-07-31T11:54:00.000Z</time></trkpt>
	<trkpt lat='38.738187' lon='23.284485'><time>2025-07-31T12:02:00.000Z</time></trkpt>
	<trkpt lat='38.731625' lon='23.29027'><time>2025-07-31T12:06:00.000Z</time></trkpt>
	<trkpt lat='38.726884' lon='23.294982'><time>2025-07-31T12:09:00.000Z</time></trkpt>
	<trkpt lat='38.724045' lon='23.298558'><time>2025-07-31T12:11:00.000Z</time></trkpt>
	<trkpt lat='38.722338' lon='23.298088'><time>2025-07-31T12:12:00.000Z</time></trkpt>
	<trkpt lat='38.720752' lon='23.298912'><time>2025-07-31T12:13:00.000Z</time></trkpt>
	<trkpt lat='38.710102' lon='23.312718'><time>2025-07-31T12:21:00.000Z</time></trkpt>
	<trkpt lat='38.70022' lon='23.32353'><time>2025-07-31T12:28:00.000Z</time></trkpt>
	<trkpt lat='38.695183' lon='23.330672'><time>2025-07-31T12:32:00.000Z</time></trkpt>
	<trkpt lat='38.68969' lon='23.337708'><time>2025-07-31T12:36:00.000Z</time></trkpt>
	<trkpt lat='38.687488' lon='23.341462'><time>2025-07-31T12:38:00.000Z</time></trkpt>
	<trkpt lat='38.685435' lon='23.343748'><time>2025-07-31T12:40:00.000Z</time></trkpt>
	<trkpt lat='38.68358' lon='23.347032'><time>2025-07-31T12:42:00.000Z</time></trkpt>
	<trkpt lat='38.649193' lon='23.399195'><time>2025-07-31T13:16:00.000Z</time></trkpt>
	<trkpt lat='38.648137' lon='23.399743'><time>2025-07-31T13:18:00.000Z</time></trkpt>
	<trkpt lat='38.641837' lon='23.408125'><time>2025-07-31T13:25:00.000Z</time></trkpt>
	<trkpt lat='38.638978' lon='23.411133'><time>2025-07-31T13:29:00.000Z</time></trkpt>
	<trkpt lat='38.614852' lon='23.449205'><time>2025-07-31T13:53:00.000Z</time></trkpt>
	<trkpt lat='38.61046' lon='23.455008'><time>2025-07-31T13:58:00.000Z</time></trkpt>
	<trkpt lat='38.604124' lon='23.464356'><time>2025-07-31T14:03:00.000Z</time></trkpt>
	<trkpt lat='38.601992' lon='23.468308'><time>2025-07-31T14:05:00.000Z</time></trkpt>
	<trkpt lat='38.593967' lon='23.480332'><time>2025-07-31T14:11:00.000Z</time></trkpt>
	<trkpt lat='38.584742' lon='23.496143'><time>2025-07-31T14:19:00.000Z</time></trkpt>
	<trkpt lat='38.582129' lon='23.500075'><time>2025-07-31T14:21:00.000Z</time></trkpt>
	<trkpt lat='38.575418' lon='23.51406'><time>2025-07-31T14:29:00.000Z</time></trkpt>
	<trkpt lat='38.553508' lon='23.552793'><time>2025-07-31T14:56:00.000Z</time></trkpt>
	<trkpt lat='38.53967' lon='23.579132'><time>2025-07-31T15:09:00.000Z</time></trkpt>
	<trkpt lat='38.531425' lon='23.592387'><time>2025-07-31T15:16:00.000Z</time></trkpt>
	<trkpt lat='38.523722' lon='23.603225'><time>2025-07-31T15:22:00.000Z</time></trkpt>
	<trkpt lat='38.521454' lon='23.606933'><time>2025-07-31T15:24:00.000Z</time></trkpt>
	<trkpt lat='38.518738' lon='23.610395'><time>2025-07-31T15:26:00.000Z</time></trkpt>
	<trkpt lat='38.511185' lon='23.622333'><time>2025-07-31T15:33:00.000Z</time></trkpt>
	<trkpt lat='38.510015' lon='23.626373'><time>2025-07-31T15:35:00.000Z</time></trkpt>
	<trkpt lat='38.509657' lon='23.630566'><time>2025-07-31T15:37:00.000Z</time></trkpt>
	<trkpt lat='38.50978' lon='23.631941'><time>2025-07-31T15:38:00.000Z</time></trkpt>
	<trkpt lat='38.511315' lon='23.632721'><time>2025-07-31T15:45:00.000Z</time></trkpt>
	<trkpt lat='38.51141' lon='23.632752'><time>2025-08-01T16:04:00.000Z</time></trkpt>
	<trkpt lat='38.510665' lon='23.632483'><time>2025-08-01T16:06:00.000Z</time></trkpt>
	<trkpt lat='38.509767' lon='23.631592'><time>2025-08-01T16:07:00.000Z</time></trkpt>
	<trkpt lat='38.508755' lon='23.62901'><time>2025-08-01T16:09:00.000Z</time></trkpt>
	<trkpt lat='38.505794' lon='23.62355'><time>2025-08-01T16:12:00.000Z</time></trkpt>
	<trkpt lat='38.501487' lon='23.61826'><time>2025-08-01T16:15:00.000Z</time></trkpt>
	<trkpt lat='38.487238' lon='23.607908'><time>2025-08-01T16:23:00.000Z</time></trkpt>
	<trkpt lat='38.473982' lon='23.596895'><time>2025-08-01T16:31:00.000Z</time></trkpt>
	<trkpt lat='38.470155' lon='23.595367'><time>2025-08-01T16:34:00.000Z</time></trkpt>
	<trkpt lat='38.470675' lon='23.595031'><time>2025-08-01T16:35:00.000Z</time></trkpt>
	<trkpt lat='38.470322' lon='23.594877'><time>2025-08-01T16:38:00.000Z</time></trkpt>
	<trkpt lat='38.470819' lon='23.595174'><time>2025-08-01T22:24:00.000Z</time></trkpt>
	<trkpt lat='38.470303' lon='23.59394'><time>2025-08-01T22:27:00.000Z</time></trkpt>
	<trkpt lat='38.46953' lon='23.593188'><time>2025-08-01T22:28:00.000Z</time></trkpt>
	<trkpt lat='38.461775' lon='23.58869'><time>2025-08-01T22:34:00.000Z</time></trkpt>
	<trkpt lat='38.461206' lon='23.586089'><time>2025-08-01T22:37:00.000Z</time></trkpt>
	<trkpt lat='38.460162' lon='23.586007'><time>2025-08-01T22:39:00.000Z</time></trkpt>
	<trkpt lat='38.459658' lon='23.586235'><time>2025-08-01T22:40:00.000Z</time></trkpt>
	<trkpt lat='38.459665' lon='23.586763'><time>2025-08-01T22:48:00.000Z</time></trkpt>
	<trkpt lat='38.459697' lon='23.586452'><time>2025-08-02T10:10:00.000Z</time></trkpt>
	<trkpt lat='38.448815' lon='23.586043'><time>2025-08-02T10:18:00.000Z</time></trkpt>
	<trkpt lat='38.44726' lon='23.586732'><time>2025-08-02T10:19:00.000Z</time></trkpt>
	<trkpt lat='38.444987' lon='23.59064'><time>2025-08-02T10:21:00.000Z</time></trkpt>
	<trkpt lat='38.443106' lon='23.599397'><time>2025-08-02T10:25:00.000Z</time></trkpt>
	<trkpt lat='38.438903' lon='23.604247'><time>2025-08-02T10:29:00.000Z</time></trkpt>
	<trkpt lat='38.42919' lon='23.616702'><time>2025-08-02T10:38:00.000Z</time></trkpt>
	<trkpt lat='38.415306' lon='23.631546'><time>2025-08-02T10:49:00.000Z</time></trkpt>
	<trkpt lat='38.410712' lon='23.634005'><time>2025-08-02T10:52:00.000Z</time></trkpt>
	<trkpt lat='38.407471' lon='23.63463'><time>2025-08-02T10:54:00.000Z</time></trkpt>
	<trkpt lat='38.40609' lon='23.635527'><time>2025-08-02T10:55:00.000Z</time></trkpt>
	<trkpt lat='38.400738' lon='23.640915'><time>2025-08-02T10:59:00.000Z</time></trkpt>
	<trkpt lat='38.396514' lon='23.643532'><time>2025-08-02T11:02:00.000Z</time></trkpt>
	<trkpt lat='38.39497' lon='23.649713'><time>2025-08-02T11:05:00.000Z</time></trkpt>
	<trkpt lat='38.385725' lon='23.680981'><time>2025-08-02T11:22:00.000Z</time></trkpt>
	<trkpt lat='38.384716' lon='23.682968'><time>2025-08-02T11:23:00.000Z</time></trkpt>
	<trkpt lat='38.383235' lon='23.684102'><time>2025-08-02T11:24:00.000Z</time></trkpt>
	<trkpt lat='38.381854' lon='23.688693'><time>2025-08-02T11:26:00.000Z</time></trkpt>
	<trkpt lat='38.328177' lon='23.87285'><time>2025-08-02T13:15:00.000Z</time></trkpt>
	<trkpt lat='38.31665' lon='23.918148'><time>2025-08-02T13:37:00.000Z</time></trkpt>
	<trkpt lat='38.31667' lon='23.919598'><time>2025-08-02T13:38:00.000Z</time></trkpt>
	<trkpt lat='38.309217' lon='23.936712'><time>2025-08-02T13:46:00.000Z</time></trkpt>
	<trkpt lat='38.29783' lon='23.95442'><time>2025-08-02T13:55:00.000Z</time></trkpt>
	<trkpt lat='38.277657' lon='23.980563'><time>2025-08-02T14:11:00.000Z</time></trkpt>
	<trkpt lat='38.264388' lon='23.998655'><time>2025-08-02T14:21:00.000Z</time></trkpt>
	<trkpt lat='38.251863' lon='24.014893'><time>2025-08-02T14:30:00.000Z</time></trkpt>
	<trkpt lat='38.238317' lon='24.033532'><time>2025-08-02T14:40:00.000Z</time></trkpt>
	<trkpt lat='38.226693' lon='24.047893'><time>2025-08-02T14:49:00.000Z</time></trkpt>
	<trkpt lat='38.216182' lon='24.059582'><time>2025-08-02T14:57:00.000Z</time></trkpt>
	<trkpt lat='38.209048' lon='24.068122'><time>2025-08-02T15:02:00.000Z</time></trkpt>
	<trkpt lat='38.206272' lon='24.071948'><time>2025-08-02T15:04:00.000Z</time></trkpt>
	<trkpt lat='38.201768' lon='24.076748'><time>2025-08-02T15:07:00.000Z</time></trkpt>
	<trkpt lat='38.198128' lon='24.078005'><time>2025-08-02T15:09:00.000Z</time></trkpt>
	<trkpt lat='38.170209' lon='24.083324'><time>2025-08-02T15:26:00.000Z</time></trkpt>
	<trkpt lat='38.16563' lon='24.083597'><time>2025-08-02T15:29:00.000Z</time></trkpt>
	<trkpt lat='38.123141' lon='24.063065'><time>2025-08-02T16:00:00.000Z</time></trkpt>
	<trkpt lat='38.12084' lon='24.060839'><time>2025-08-02T16:02:00.000Z</time></trkpt>
	<trkpt lat='38.119153' lon='24.058246'><time>2025-08-02T16:04:00.000Z</time></trkpt>
	<trkpt lat='38.11897' lon='24.056498'><time>2025-08-02T16:05:00.000Z</time></trkpt>
	<trkpt lat='38.119418' lon='24.05474'><time>2025-08-02T16:06:00.000Z</time></trkpt>
	<trkpt lat='38.122116' lon='24.04965'><time>2025-08-02T16:09:00.000Z</time></trkpt>
	<trkpt lat='38.129025' lon='24.03846'><time>2025-08-02T16:16:00.000Z</time></trkpt>
	<trkpt lat='38.128349' lon='24.037623'><time>2025-08-02T16:17:00.000Z</time></trkpt>
	<trkpt lat='38.130425' lon='24.03632'><time>2025-08-02T16:19:00.000Z</time></trkpt>
	<trkpt lat='38.135113' lon='24.034327'><time>2025-08-02T16:23:00.000Z</time></trkpt>
	<trkpt lat='38.137975' lon='24.033586'><time>2025-08-02T16:26:00.000Z</time></trkpt>
	<trkpt lat='38.137603' lon='24.033455'><time>2025-08-02T16:30:00.000Z</time></trkpt>
	<trkpt lat='38.137969' lon='24.033615'><time>2025-08-03T07:02:00.000Z</time></trkpt>
	<trkpt lat='38.021611' lon='24.058082'><time>2025-08-03T08:36:00.000Z</time></trkpt>
	<trkpt lat='38.009173' lon='24.058872'><time>2025-08-03T08:44:00.000Z</time></trkpt>
	<trkpt lat='37.988338' lon='24.063225'><time>2025-08-03T08:57:00.000Z</time></trkpt>
	<trkpt lat='37.977354' lon='24.064568'><time>2025-08-03T09:04:00.000Z</time></trkpt>
	<trkpt lat='37.912682' lon='24.078898'><time>2025-08-03T09:43:00.000Z</time></trkpt>
	<trkpt lat='37.795937' lon='24.091128'><time>2025-08-03T11:00:00.000Z</time></trkpt>
	<trkpt lat='37.788837' lon='24.090737'><time>2025-08-03T11:07:00.000Z</time></trkpt>
	<trkpt lat='37.786372' lon='24.091422'><time>2025-08-03T11:10:00.000Z</time></trkpt>
	<trkpt lat='37.77436' lon='24.091477'><time>2025-08-03T11:21:00.000Z</time></trkpt>
	<trkpt lat='37.753357' lon='24.089028'><time>2025-08-03T11:33:00.000Z</time></trkpt>
	<trkpt lat='37.709487' lon='24.08094'><time>2025-08-03T11:58:00.000Z</time></trkpt>
	<trkpt lat='37.707107' lon='24.080382'><time>2025-08-03T12:00:00.000Z</time></trkpt>
	<trkpt lat='37.704872' lon='24.079093'><time>2025-08-03T12:02:00.000Z</time></trkpt>
	<trkpt lat='37.678565' lon='24.075122'><time>2025-08-03T12:22:00.000Z</time></trkpt>
	<trkpt lat='37.676095' lon='24.073677'><time>2025-08-03T12:24:00.000Z</time></trkpt>
	<trkpt lat='37.669388' lon='24.067777'><time>2025-08-03T12:30:00.000Z</time></trkpt>
	<trkpt lat='37.643426' lon='24.028784'><time>2025-08-03T12:56:00.000Z</time></trkpt>
	<trkpt lat='37.645851' lon='24.013216'><time>2025-08-03T13:04:00.000Z</time></trkpt>
	<trkpt lat='37.651697' lon='23.979962'><time>2025-08-03T13:22:00.000Z</time></trkpt>
	<trkpt lat='37.65959' lon='23.960733'><time>2025-08-03T13:34:00.000Z</time></trkpt>
	<trkpt lat='37.663387' lon='23.948988'><time>2025-08-03T13:42:00.000Z</time></trkpt>
	<trkpt lat='37.664667' lon='23.943834'><time>2025-08-03T13:46:00.000Z</time></trkpt>
	<trkpt lat='37.668037' lon='23.938353'><time>2025-08-03T13:49:00.000Z</time></trkpt>
	<trkpt lat='37.669525' lon='23.936787'><time>2025-08-03T13:50:00.000Z</time></trkpt>
	<trkpt lat='37.684043' lon='23.931952'><time>2025-08-03T13:58:00.000Z</time></trkpt>
	<trkpt lat='37.69479' lon='23.93183'><time>2025-08-03T14:04:00.000Z</time></trkpt>
	<trkpt lat='37.698192' lon='23.932632'><time>2025-08-03T14:06:00.000Z</time></trkpt>
	<trkpt lat='37.705357' lon='23.932471'><time>2025-08-03T14:10:00.000Z</time></trkpt>
	<trkpt lat='37.708965' lon='23.932017'><time>2025-08-03T14:12:00.000Z</time></trkpt>
	<trkpt lat='37.713713' lon='23.936782'><time>2025-08-03T14:16:00.000Z</time></trkpt>
	<trkpt lat='37.715015' lon='23.937585'><time>2025-08-03T14:17:00.000Z</time></trkpt>
	<trkpt lat='37.717979' lon='23.938279'><time>2025-08-03T14:20:00.000Z</time></trkpt>
	<trkpt lat='37.717777' lon='23.937777'><time>2025-08-03T14:24:00.000Z</time></trkpt>
	<trkpt lat='37.718072' lon='23.938276'><time>2025-08-04T10:42:00.000Z</time></trkpt>
	<trkpt lat='37.716984' lon='23.937137'><time>2025-08-04T10:45:00.000Z</time></trkpt>
	<trkpt lat='37.71255' lon='23.93026'><time>2025-08-04T10:50:00.000Z</time></trkpt>
	<trkpt lat='37.710108' lon='23.92449'><time>2025-08-04T10:53:00.000Z</time></trkpt>
	<trkpt lat='37.709698' lon='23.922383'><time>2025-08-04T10:54:00.000Z</time></trkpt>
	<trkpt lat='37.709924' lon='23.920222'><time>2025-08-04T10:55:00.000Z</time></trkpt>
	<trkpt lat='37.713053' lon='23.912023'><time>2025-08-04T10:59:00.000Z</time></trkpt>
	<trkpt lat='37.71476' lon='23.907892'><time>2025-08-04T11:01:00.000Z</time></trkpt>
	<trkpt lat='37.71672' lon='23.904309'><time>2025-08-04T11:03:00.000Z</time></trkpt>
	<trkpt lat='37.720228' lon='23.895202'><time>2025-08-04T11:08:00.000Z</time></trkpt>
	<trkpt lat='37.722783' lon='23.882952'><time>2025-08-04T11:15:00.000Z</time></trkpt>
	<trkpt lat='37.723668' lon='23.881958'><time>2025-08-04T11:16:00.000Z</time></trkpt>
	<trkpt lat='37.743601' lon='23.866369'><time>2025-08-04T11:36:00.000Z</time></trkpt>
	<trkpt lat='37.80758' lon='23.815138'><time>2025-08-04T12:33:00.000Z</time></trkpt>
	<trkpt lat='37.812443' lon='23.810757'><time>2025-08-04T12:38:00.000Z</time></trkpt>
	<trkpt lat='37.813118' lon='23.808698'><time>2025-08-04T12:40:00.000Z</time></trkpt>
	<trkpt lat='37.813087' lon='23.804782'><time>2025-08-04T12:43:00.000Z</time></trkpt>
	<trkpt lat='37.814152' lon='23.805298'><time>2025-08-04T12:44:00.000Z</time></trkpt>
	<trkpt lat='37.813387' lon='23.804638'><time>2025-08-04T12:47:00.000Z</time></trkpt>
	<trkpt lat='37.813809' lon='23.804934'><time>2025-08-04T12:52:00.000Z</time></trkpt>
	<trkpt lat='37.813291' lon='23.805072'><time>2025-08-06T06:30:04.000Z</time></trkpt>
	<trkpt lat='37.813269' lon='23.805428'><time>2025-08-06T06:31:00.000Z</time></trkpt>
	<trkpt lat='37.812275' lon='23.805413'><time>2025-08-06T06:32:00.000Z</time></trkpt>
	<trkpt lat='37.801592' lon='23.800896'><time>2025-08-06T06:38:00.000Z</time></trkpt>
	<trkpt lat='37.799868' lon='23.799875'><time>2025-08-06T06:39:00.000Z</time></trkpt>
	<trkpt lat='37.795226' lon='23.789509'><time>2025-08-06T06:44:00.000Z</time></trkpt>
	<trkpt lat='37.797124' lon='23.76494'><time>2025-08-06T06:55:00.000Z</time></trkpt>
	<trkpt lat='37.79558' lon='23.758696'><time>2025-08-06T06:59:00.000Z</time></trkpt>
	<trkpt lat='37.79288' lon='23.739409'><time>2025-08-06T07:09:00.000Z</time></trkpt>
	<trkpt lat='37.789448' lon='23.710772'><time>2025-08-06T07:22:00.000Z</time></trkpt>
	<trkpt lat='37.787704' lon='23.655875'><time>2025-08-06T07:47:00.000Z</time></trkpt>
	<trkpt lat='37.788065' lon='23.647254'><time>2025-08-06T07:51:00.000Z</time></trkpt>
	<trkpt lat='37.789386' lon='23.634496'><time>2025-08-06T07:57:00.000Z</time></trkpt>
	<trkpt lat='37.792965' lon='23.611683'><time>2025-08-06T08:08:00.000Z</time></trkpt>
	<trkpt lat='37.795241' lon='23.601693'><time>2025-08-06T08:13:00.000Z</time></trkpt>
	<trkpt lat='37.798843' lon='23.588216'><time>2025-08-06T08:20:00.000Z</time></trkpt>
	<trkpt lat='37.807257' lon='23.565349'><time>2025-08-06T08:32:00.000Z</time></trkpt>
	<trkpt lat='37.818833' lon='23.539747'><time>2025-08-06T08:46:00.000Z</time></trkpt>
	<trkpt lat='37.826376' lon='23.52554'><time>2025-08-06T08:54:00.000Z</time></trkpt>
	<trkpt lat='37.828912' lon='23.52012'><time>2025-08-06T08:57:00.000Z</time></trkpt>
	<trkpt lat='37.836128' lon='23.509087'><time>2025-08-06T09:05:00.000Z</time></trkpt>
	<trkpt lat='37.838513' lon='23.50356'><time>2025-08-06T09:09:00.000Z</time></trkpt>
	<trkpt lat='37.840447' lon='23.497256'><time>2025-08-06T09:13:00.000Z</time></trkpt>
	<trkpt lat='37.8464' lon='23.485198'><time>2025-08-06T09:22:00.000Z</time></trkpt>
	<trkpt lat='37.851063' lon='23.471355'><time>2025-08-06T09:30:00.000Z</time></trkpt>
	<trkpt lat='37.854493' lon='23.462793'><time>2025-08-06T09:35:00.000Z</time></trkpt>
	<trkpt lat='37.858779' lon='23.456981'><time>2025-08-06T09:39:00.000Z</time></trkpt>
	<trkpt lat='37.86157' lon='23.451882'><time>2025-08-06T09:42:00.000Z</time></trkpt>
	<trkpt lat='37.863826' lon='23.449628'><time>2025-08-06T09:44:00.000Z</time></trkpt>
	<trkpt lat='37.866927' lon='23.445207'><time>2025-08-06T09:47:00.000Z</time></trkpt>
	<trkpt lat='37.870184' lon='23.442192'><time>2025-08-06T09:50:00.000Z</time></trkpt>
	<trkpt lat='37.871835' lon='23.438706'><time>2025-08-06T09:56:00.000Z</time></trkpt>
	<trkpt lat='37.879703' lon='23.430494'><time>2025-08-06T10:03:00.000Z</time></trkpt>
	<trkpt lat='37.881948' lon='23.426925'><time>2025-08-06T10:05:00.000Z</time></trkpt>
	<trkpt lat='37.882871' lon='23.426456'><time>2025-08-06T10:06:00.000Z</time></trkpt>
	<trkpt lat='37.885418' lon='23.426449'><time>2025-08-06T10:09:00.000Z</time></trkpt>
	<trkpt lat='37.887219' lon='23.426811'><time>2025-08-06T10:11:00.000Z</time></trkpt>
	<trkpt lat='37.88817' lon='23.427569'><time>2025-08-06T10:13:00.000Z</time></trkpt>
	<trkpt lat='37.887906' lon='23.427601'><time>2025-08-06T10:18:00.000Z</time></trkpt>
	<trkpt lat='37.888114' lon='23.427654'><time>2025-08-07T06:54:10.000Z</time></trkpt>
	<trkpt lat='37.886608' lon='23.425449'><time>2025-08-07T06:57:00.000Z</time></trkpt>
	<trkpt lat='37.885925' lon='23.423729'><time>2025-08-07T06:58:00.000Z</time></trkpt>
	<trkpt lat='37.885359' lon='23.419765'><time>2025-08-07T07:00:00.000Z</time></trkpt>
	<trkpt lat='37.885427' lon='23.414991'><time>2025-08-07T07:02:00.000Z</time></trkpt>
	<trkpt lat='37.88693' lon='23.39342'><time>2025-08-07T07:13:00.000Z</time></trkpt>
	<trkpt lat='37.887079' lon='23.378277'><time>2025-08-07T07:19:00.000Z</time></trkpt>
	<trkpt lat='37.888207' lon='23.363381'><time>2025-08-07T07:25:00.000Z</time></trkpt>
	<trkpt lat='37.888623' lon='23.344094'><time>2025-08-07T07:33:00.000Z</time></trkpt>
	<trkpt lat='37.890808' lon='23.311861'><time>2025-08-07T07:47:00.000Z</time></trkpt>
	<trkpt lat='37.890812' lon='23.305986'><time>2025-08-07T07:50:00.000Z</time></trkpt>
	<trkpt lat='37.89361' lon='23.275082'><time>2025-08-07T08:04:00.000Z</time></trkpt>
	<trkpt lat='37.900444' lon='23.175918'><time>2025-08-07T08:59:00.000Z</time></trkpt>
	<trkpt lat='37.900674' lon='23.172085'><time>2025-08-07T09:02:00.000Z</time></trkpt>
	<trkpt lat='37.899992' lon='23.168503'><time>2025-08-07T09:04:00.000Z</time></trkpt>
	<trkpt lat='37.900726' lon='23.162708'><time>2025-08-07T09:07:00.000Z</time></trkpt>
	<trkpt lat='37.905985' lon='23.092576'><time>2025-08-07T09:44:00.000Z</time></trkpt>
	<trkpt lat='37.906061' lon='23.091129'><time>2025-08-07T09:45:00.000Z</time></trkpt>
	<trkpt lat='37.905489' lon='23.088387'><time>2025-08-07T09:47:00.000Z</time></trkpt>
	<trkpt lat='37.905297' lon='23.081928'><time>2025-08-07T09:50:00.000Z</time></trkpt>
	<trkpt lat='37.909863' lon='23.048739'><time>2025-08-07T10:06:00.000Z</time></trkpt>
	<trkpt lat='37.911417' lon='23.042695'><time>2025-08-07T10:09:00.000Z</time></trkpt>
	<trkpt lat='37.911696' lon='23.037968'><time>2025-08-07T10:11:00.000Z</time></trkpt>
	<trkpt lat='37.913546' lon='23.031937'><time>2025-08-07T10:14:00.000Z</time></trkpt>
	<trkpt lat='37.918145' lon='23.021176'><time>2025-08-07T10:20:00.000Z</time></trkpt>
	<trkpt lat='37.919443' lon='23.016809'><time>2025-08-07T10:22:00.000Z</time></trkpt>
	<trkpt lat='37.921297' lon='23.014481'><time>2025-08-07T10:25:00.000Z</time></trkpt>
	<trkpt lat='37.921027' lon='23.014324'><time>2025-08-07T10:30:00.000Z</time></trkpt>
	<trkpt lat='37.921288' lon='23.014463'><time>2025-08-07T12:18:00.000Z</time></trkpt>
	<trkpt lat='37.917457' lon='23.014184'><time>2025-08-07T12:29:00.000Z</time></trkpt>
	<trkpt lat='38.023957' lon='22.874216'><time>2025-08-08T04:40:49.000Z</time></trkpt>
	<trkpt lat='38.023132' lon='22.873503'><time>2025-08-08T04:42:00.000Z</time></trkpt>
	<trkpt lat='38.022452' lon='22.871673'><time>2025-08-08T04:43:00.000Z</time></trkpt>
	<trkpt lat='38.02244' lon='22.869615'><time>2025-08-08T04:44:00.000Z</time></trkpt>
	<trkpt lat='38.023211' lon='22.860504'><time>2025-08-08T04:48:00.000Z</time></trkpt>
	<trkpt lat='38.024115' lon='22.855884'><time>2025-08-08T04:50:00.000Z</time></trkpt>
	<trkpt lat='38.024533' lon='22.851145'><time>2025-08-08T04:52:00.000Z</time></trkpt>
	<trkpt lat='38.025411' lon='22.849111'><time>2025-08-08T04:53:00.000Z</time></trkpt>
	<trkpt lat='38.062651' lon='22.802346'><time>2025-08-08T05:22:00.000Z</time></trkpt>
	<trkpt lat='38.074532' lon='22.787929'><time>2025-08-08T05:31:00.000Z</time></trkpt>
	<trkpt lat='38.078598' lon='22.782719'><time>2025-08-08T05:35:00.000Z</time></trkpt>
	<trkpt lat='38.078457' lon='22.782153'><time>2025-08-08T05:37:00.000Z</time></trkpt>
	<trkpt lat='38.078738' lon='22.781677'><time>2025-08-08T05:38:00.000Z</time></trkpt>
	<trkpt lat='38.079901' lon='22.780611'><time>2025-08-08T05:39:00.000Z</time></trkpt>
	<trkpt lat='38.150459' lon='22.692702'><time>2025-08-08T06:35:00.000Z</time></trkpt>
	<trkpt lat='38.153813' lon='22.678793'><time>2025-08-08T06:43:00.000Z</time></trkpt>
	<trkpt lat='38.154526' lon='22.676947'><time>2025-08-08T06:44:00.000Z</time></trkpt>
	<trkpt lat='38.159924' lon='22.669113'><time>2025-08-08T06:50:00.000Z</time></trkpt>
	<trkpt lat='38.161847' lon='22.663291'><time>2025-08-08T06:54:00.000Z</time></trkpt>
	<trkpt lat='38.163924' lon='22.653682'><time>2025-08-08T06:59:00.000Z</time></trkpt>
	<trkpt lat='38.164778' lon='22.65191'><time>2025-08-08T07:00:00.000Z</time></trkpt>
	<trkpt lat='38.167897' lon='22.647586'><time>2025-08-08T07:03:00.000Z</time></trkpt>
	<trkpt lat='38.169663' lon='22.644304'><time>2025-08-08T07:05:00.000Z</time></trkpt>
	<trkpt lat='38.172826' lon='22.636102'><time>2025-08-08T07:09:00.000Z</time></trkpt>
	<trkpt lat='38.177699' lon='22.627027'><time>2025-08-08T07:14:00.000Z</time></trkpt>
	<trkpt lat='38.178597' lon='22.624734'><time>2025-08-08T07:15:00.000Z</time></trkpt>
	<trkpt lat='38.184151' lon='22.614977'><time>2025-08-08T07:20:00.000Z</time></trkpt>
	<trkpt lat='38.185641' lon='22.610387'><time>2025-08-08T07:22:00.000Z</time></trkpt>
	<trkpt lat='38.190647' lon='22.600352'><time>2025-08-08T07:27:00.000Z</time></trkpt>
	<trkpt lat='38.192925' lon='22.596778'><time>2025-08-08T07:29:00.000Z</time></trkpt>
	<trkpt lat='38.194984' lon='22.592629'><time>2025-08-08T07:31:00.000Z</time></trkpt>
	<trkpt lat='38.208453' lon='22.572585'><time>2025-08-08T07:42:00.000Z</time></trkpt>
	<trkpt lat='38.217791' lon='22.560875'><time>2025-08-08T07:49:00.000Z</time></trkpt>
	<trkpt lat='38.223739' lon='22.554731'><time>2025-08-08T07:53:00.000Z</time></trkpt>
	<trkpt lat='38.228632' lon='22.55035'><time>2025-08-08T07:56:00.000Z</time></trkpt>
	<trkpt lat='38.231361' lon='22.546742'><time>2025-08-08T07:58:00.000Z</time></trkpt>
	<trkpt lat='38.255218' lon='22.524638'><time>2025-08-08T08:13:00.000Z</time></trkpt>
	<trkpt lat='38.26271' lon='22.516578'><time>2025-08-08T08:18:00.000Z</time></trkpt>
	<trkpt lat='38.268934' lon='22.509289'><time>2025-08-08T08:23:00.000Z</time></trkpt>
	<trkpt lat='38.283216' lon='22.495208'><time>2025-08-08T08:32:00.000Z</time></trkpt>
	<trkpt lat='38.28763' lon='22.48986'><time>2025-08-08T08:35:00.000Z</time></trkpt>
	<trkpt lat='38.297192' lon='22.480156'><time>2025-08-08T08:41:00.000Z</time></trkpt>
	<trkpt lat='38.345462' lon='22.437073'><time>2025-08-08T09:18:00.000Z</time></trkpt>
	<trkpt lat='38.350091' lon='22.433316'><time>2025-08-08T09:21:00.000Z</time></trkpt>
	<trkpt lat='38.379463' lon='22.404481'><time>2025-08-08T09:42:00.000Z</time></trkpt>
	<trkpt lat='38.383682' lon='22.397739'><time>2025-08-08T09:46:00.000Z</time></trkpt>
	<trkpt lat='38.384087' lon='22.395659'><time>2025-08-08T09:47:00.000Z</time></trkpt>
	<trkpt lat='38.383463' lon='22.393633'><time>2025-08-08T09:48:00.000Z</time></trkpt>
	<trkpt lat='38.382495' lon='22.391905'><time>2025-08-08T09:49:00.000Z</time></trkpt>
	<trkpt lat='38.379509' lon='22.390216'><time>2025-08-08T09:51:00.000Z</time></trkpt>
	<trkpt lat='38.379607' lon='22.388894'><time>2025-08-08T09:52:00.000Z</time></trkpt>
	<trkpt lat='38.380565' lon='22.388113'><time>2025-08-08T09:53:00.000Z</time></trkpt>
	<trkpt lat='38.380852' lon='22.388194'><time>2025-08-08T09:54:00.000Z</time></trkpt>
	<trkpt lat='38.38049' lon='22.388199'><time>2025-08-08T09:58:00.000Z</time></trkpt>
	<trkpt lat='38.380743' lon='22.388129'><time>2025-08-09T05:14:00.000Z</time></trkpt>
	<trkpt lat='38.381299' lon='22.388576'><time>2025-08-09T05:16:00.000Z</time></trkpt>
	<trkpt lat='38.383361' lon='22.39195'><time>2025-08-09T05:19:00.000Z</time></trkpt>
	<trkpt lat='38.392906' lon='22.403936'><time>2025-08-09T05:27:00.000Z</time></trkpt>
	<trkpt lat='38.396932' lon='22.407689'><time>2025-08-09T05:30:00.000Z</time></trkpt>
	<trkpt lat='38.414806' lon='22.431589'><time>2025-08-09T05:45:00.000Z</time></trkpt>
	<trkpt lat='38.416361' lon='22.432017'><time>2025-08-09T05:46:00.000Z</time></trkpt>
	<trkpt lat='38.417941' lon='22.43114'><time>2025-08-09T05:47:00.000Z</time></trkpt>
	<trkpt lat='38.419548' lon='22.430686'><time>2025-08-09T05:48:00.000Z</time></trkpt>
	<trkpt lat='38.424564' lon='22.436186'><time>2025-08-09T05:53:00.000Z</time></trkpt>
	<trkpt lat='38.425554' lon='22.438087'><time>2025-08-09T05:55:00.000Z</time></trkpt>
	<trkpt lat='38.425496' lon='22.439942'><time>2025-08-09T05:57:00.000Z</time></trkpt>
	<trkpt lat='38.425341' lon='22.439123'><time>2025-08-09T05:58:00.000Z</time></trkpt>
	<trkpt lat='38.425644' lon='22.439156'><time>2025-08-09T06:01:00.000Z</time></trkpt>
	<trkpt lat='38.425712' lon='22.439103'><time>2025-08-09T14:30:11.000Z</time></trkpt>
	<trkpt lat='38.424821' lon='22.436158'><time>2025-08-09T14:33:00.000Z</time></trkpt>
	<trkpt lat='38.424709' lon='22.434226'><time>2025-08-09T14:34:00.000Z</time></trkpt>
	<trkpt lat='38.425176' lon='22.430363'><time>2025-08-09T14:36:00.000Z</time></trkpt>
	<trkpt lat='38.426648' lon='22.424842'><time>2025-08-09T14:39:00.000Z</time></trkpt>
	<trkpt lat='38.427331' lon='22.423211'><time>2025-08-09T14:40:00.000Z</time></trkpt>
	<trkpt lat='38.428559' lon='22.422954'><time>2025-08-09T14:41:00.000Z</time></trkpt>
	<trkpt lat='38.429606' lon='22.423223'><time>2025-08-09T14:42:00.000Z</time></trkpt>
	<trkpt lat='38.430233' lon='22.422169'><time>2025-08-09T14:48:00.000Z</time></trkpt>
	<trkpt lat='38.430005' lon='22.422365'><time>2025-08-11T05:08:27.000Z</time></trkpt>
	<trkpt lat='38.429948' lon='22.4231'><time>2025-08-11T05:09:00.000Z</time></trkpt>
	<trkpt lat='38.428755' lon='22.423236'><time>2025-08-11T05:10:00.000Z</time></trkpt>
	<trkpt lat='38.423667' lon='22.422518'><time>2025-08-11T05:14:00.000Z</time></trkpt>
	<trkpt lat='38.418253' lon='22.427303'><time>2025-08-11T05:19:00.000Z</time></trkpt>
	<trkpt lat='38.41707' lon='22.427538'><time>2025-08-11T05:20:00.000Z</time></trkpt>
	<trkpt lat='38.414341' lon='22.426337'><time>2025-08-11T05:22:00.000Z</time></trkpt>
	<trkpt lat='38.392353' lon='22.419532'><time>2025-08-11T05:45:00.000Z</time></trkpt>
	<trkpt lat='38.34676' lon='22.398933'><time>2025-08-11T06:10:00.000Z</time></trkpt>
	<trkpt lat='38.331188' lon='22.384585'><time>2025-08-11T06:20:00.000Z</time></trkpt>
	<trkpt lat='38.330551' lon='22.382366'><time>2025-08-11T06:21:00.000Z</time></trkpt>
	<trkpt lat='38.328972' lon='22.367599'><time>2025-08-11T06:30:00.000Z</time></trkpt>
	<trkpt lat='38.310879' lon='22.230084'><time>2025-08-11T07:40:00.000Z</time></trkpt>
	<trkpt lat='38.323034' lon='22.112175'><time>2025-08-11T08:33:00.000Z</time></trkpt>
	<trkpt lat='38.324665' lon='22.102053'><time>2025-08-11T08:37:00.000Z</time></trkpt>
	<trkpt lat='38.328499' lon='22.082622'><time>2025-08-11T08:45:00.000Z</time></trkpt>
	<trkpt lat='38.332356' lon='22.058092'><time>2025-08-11T08:55:00.000Z</time></trkpt>
	<trkpt lat='38.335039' lon='22.03468'><time>2025-08-11T09:05:00.000Z</time></trkpt>
	<trkpt lat='38.336124' lon='22.027556'><time>2025-08-11T09:08:00.000Z</time></trkpt>
	<trkpt lat='38.339385' lon='21.993066'><time>2025-08-11T09:22:00.000Z</time></trkpt>
	<trkpt lat='38.342216' lon='21.969796'><time>2025-08-11T09:31:00.000Z</time></trkpt>
	<trkpt lat='38.345813' lon='21.935235'><time>2025-08-11T09:44:00.000Z</time></trkpt>
	<trkpt lat='38.348393' lon='21.861652'><time>2025-08-11T10:14:00.000Z</time></trkpt>
	<trkpt lat='38.346449' lon='21.849739'><time>2025-08-11T10:19:00.000Z</time></trkpt>
	<trkpt lat='38.334816' lon='21.806841'><time>2025-08-11T10:38:00.000Z</time></trkpt>
	<trkpt lat='38.322667' lon='21.764941'><time>2025-08-11T10:56:00.000Z</time></trkpt>
	<trkpt lat='38.310416' lon='21.68532'><time>2025-08-11T11:27:00.000Z</time></trkpt>
	<trkpt lat='38.30892' lon='21.678148'><time>2025-08-11T11:30:00.000Z</time></trkpt>
	<trkpt lat='38.307636' lon='21.664629'><time>2025-08-11T11:35:00.000Z</time></trkpt>
	<trkpt lat='38.307164' lon='21.662107'><time>2025-08-11T11:36:00.000Z</time></trkpt>
	<trkpt lat='38.303381' lon='21.651236'><time>2025-08-11T11:41:00.000Z</time></trkpt>
	<trkpt lat='38.298719' lon='21.629386'><time>2025-08-11T11:50:00.000Z</time></trkpt>
	<trkpt lat='38.280877' lon='21.493881'><time>2025-08-11T12:44:00.000Z</time></trkpt>
	<trkpt lat='38.282036' lon='21.492001'><time>2025-08-11T12:45:00.000Z</time></trkpt>
	<trkpt lat='38.282662' lon='21.489889'><time>2025-08-11T12:46:00.000Z</time></trkpt>
	<trkpt lat='38.284593' lon='21.481141'><time>2025-08-11T12:50:00.000Z</time></trkpt>
	<trkpt lat='38.314917' lon='21.41742'><time>2025-08-11T13:21:00.000Z</time></trkpt>
	<trkpt lat='38.315887' lon='21.416094'><time>2025-08-11T13:22:00.000Z</time></trkpt>
	<trkpt lat='38.318552' lon='21.414999'><time>2025-08-11T13:24:00.000Z</time></trkpt>
	<trkpt lat='38.319982' lon='21.414787'><time>2025-08-11T13:25:00.000Z</time></trkpt>
	<trkpt lat='38.322714' lon='21.415013'><time>2025-08-11T13:27:00.000Z</time></trkpt>
	<trkpt lat='38.328071' lon='21.416463'><time>2025-08-11T13:31:00.000Z</time></trkpt>
	<trkpt lat='38.354216' lon='21.421604'><time>2025-08-11T13:47:00.000Z</time></trkpt>
	<trkpt lat='38.355702' lon='21.421319'><time>2025-08-11T13:48:00.000Z</time></trkpt>
	<trkpt lat='38.35782' lon='21.419753'><time>2025-08-11T13:50:00.000Z</time></trkpt>
	<trkpt lat='38.359196' lon='21.419975'><time>2025-08-11T13:52:00.000Z</time></trkpt>
	<trkpt lat='38.35913' lon='21.419679'><time>2025-08-11T13:56:00.000Z</time></trkpt>
	<trkpt lat='38.359129' lon='21.419805'><time>2025-08-13T06:41:22.000Z</time></trkpt>
	<trkpt lat='38.359154' lon='21.420012'><time>2025-08-13T06:42:00.000Z</time></trkpt>
	<trkpt lat='38.359169' lon='21.419681'><time>2025-08-13T06:43:00.000Z</time></trkpt>
	<trkpt lat='38.358015' lon='21.419935'><time>2025-08-13T06:44:00.000Z</time></trkpt>
	<trkpt lat='38.354188' lon='21.421547'><time>2025-08-13T06:47:00.000Z</time></trkpt>
	<trkpt lat='38.352771' lon='21.421494'><time>2025-08-13T06:48:00.000Z</time></trkpt>
	<trkpt lat='38.318668' lon='21.414266'><time>2025-08-13T07:07:00.000Z</time></trkpt>
	<trkpt lat='38.316782' lon='21.413722'><time>2025-08-13T07:08:00.000Z</time></trkpt>
	<trkpt lat='38.316178' lon='21.411897'><time>2025-08-13T07:09:00.000Z</time></trkpt>
	<trkpt lat='38.287994' lon='21.308155'><time>2025-08-13T08:07:00.000Z</time></trkpt>
	<trkpt lat='38.279307' lon='21.203346'><time>2025-08-13T09:08:00.000Z</time></trkpt>
	<trkpt lat='38.279175' lon='21.201243'><time>2025-08-13T09:09:00.000Z</time></trkpt>
	<trkpt lat='38.279561' lon='21.196643'><time>2025-08-13T09:11:00.000Z</time></trkpt>
	<trkpt lat='38.27933' lon='21.194527'><time>2025-08-13T09:12:00.000Z</time></trkpt>
	<trkpt lat='38.276043' lon='21.184583'><time>2025-08-13T09:17:00.000Z</time></trkpt>
	<trkpt lat='38.267184' lon='21.152538'><time>2025-08-13T09:33:00.000Z</time></trkpt>
	<trkpt lat='38.263985' lon='21.138234'><time>2025-08-13T09:41:00.000Z</time></trkpt>
	<trkpt lat='38.25947' lon='21.12147'><time>2025-08-13T09:49:00.000Z</time></trkpt>
	<trkpt lat='38.258764' lon='21.117937'><time>2025-08-13T09:51:00.000Z</time></trkpt>
	<trkpt lat='38.258716' lon='21.113792'><time>2025-08-13T09:53:00.000Z</time></trkpt>
	<trkpt lat='38.262791' lon='21.053205'><time>2025-08-13T10:24:00.000Z</time></trkpt>
	<trkpt lat='38.265902' lon='21.040231'><time>2025-08-13T10:31:00.000Z</time></trkpt>
	<trkpt lat='38.266632' lon='21.03883'><time>2025-08-13T10:32:00.000Z</time></trkpt>
	<trkpt lat='38.267515' lon='21.03805'><time>2025-08-13T10:33:00.000Z</time></trkpt>
	<trkpt lat='38.268076' lon='21.036004'><time>2025-08-13T10:36:00.000Z</time></trkpt>
	<trkpt lat='38.293836' lon='20.91833'><time>2025-08-13T11:28:00.000Z</time></trkpt>
	<trkpt lat='38.294354' lon='20.916903'><time>2025-08-13T11:29:00.000Z</time></trkpt>
	<trkpt lat='38.29775' lon='20.912064'><time>2025-08-13T11:34:00.000Z</time></trkpt>
	<trkpt lat='38.303436' lon='20.902131'><time>2025-08-13T11:41:00.000Z</time></trkpt>
	<trkpt lat='38.388876' lon='20.73531'><time>2025-08-13T13:35:00.000Z</time></trkpt>
	<trkpt lat='38.391449' lon='20.728587'><time>2025-08-13T13:38:00.000Z</time></trkpt>
	<trkpt lat='38.393561' lon='20.718949'><time>2025-08-13T13:42:00.000Z</time></trkpt>
	<trkpt lat='38.393689' lon='20.716537'><time>2025-08-13T13:43:00.000Z</time></trkpt>
	<trkpt lat='38.39304' lon='20.714189'><time>2025-08-13T13:44:00.000Z</time></trkpt>
	<trkpt lat='38.391087' lon='20.709814'><time>2025-08-13T13:46:00.000Z</time></trkpt>
	<trkpt lat='38.388799' lon='20.705704'><time>2025-08-13T13:48:00.000Z</time></trkpt>
	<trkpt lat='38.386185' lon='20.701886'><time>2025-08-13T13:50:00.000Z</time></trkpt>
	<trkpt lat='38.384455' lon='20.700843'><time>2025-08-13T13:51:00.000Z</time></trkpt>
	<trkpt lat='38.382495' lon='20.700478'><time>2025-08-13T13:52:00.000Z</time></trkpt>
	<trkpt lat='38.38054' lon='20.700536'><time>2025-08-13T13:53:00.000Z</time></trkpt>
	<trkpt lat='38.378771' lon='20.70154'><time>2025-08-13T13:54:00.000Z</time></trkpt>
	<trkpt lat='38.377191' lon='20.703076'><time>2025-08-13T13:55:00.000Z</time></trkpt>
	<trkpt lat='38.372803' lon='20.70822'><time>2025-08-13T13:58:00.000Z</time></trkpt>
	<trkpt lat='38.371122' lon='20.709558'><time>2025-08-13T13:59:00.000Z</time></trkpt>
	<trkpt lat='38.368144' lon='20.710649'><time>2025-08-13T14:02:00.000Z</time></trkpt>
	<trkpt lat='38.367643' lon='20.712281'><time>2025-08-13T14:08:00.000Z</time></trkpt>
	<trkpt lat='38.367656' lon='20.712092'><time>2025-08-15T07:28:04.000Z</time></trkpt>
	<trkpt lat='38.36814' lon='20.711951'><time>2025-08-15T07:29:00.000Z</time></trkpt>
	<trkpt lat='38.368762' lon='20.712277'><time>2025-08-15T07:30:00.000Z</time></trkpt>
	<trkpt lat='38.36872' lon='20.713696'><time>2025-08-15T07:31:00.000Z</time></trkpt>
	<trkpt lat='38.368216' lon='20.715258'><time>2025-08-15T07:32:00.000Z</time></trkpt>
	<trkpt lat='38.368456' lon='20.717624'><time>2025-08-15T07:36:00.000Z</time></trkpt>
	<trkpt lat='38.368919' lon='20.717528'><time>2025-08-15T07:42:00.000Z</time></trkpt>
	<trkpt lat='38.623373' lon='20.683841'><time>2025-08-18T11:49:00.000Z</time></trkpt>
	<trkpt lat='38.623211' lon='20.683573'><time>2025-08-18T11:51:00.000Z</time></trkpt>
	<trkpt lat='38.620888' lon='20.687819'><time>2025-08-18T11:54:00.000Z</time></trkpt>
	<trkpt lat='38.619864' lon='20.688909'><time>2025-08-18T11:55:00.000Z</time></trkpt>
	<trkpt lat='38.61738' lon='20.689835'><time>2025-08-18T11:57:00.000Z</time></trkpt>
	<trkpt lat='38.615158' lon='20.691399'><time>2025-08-18T11:59:00.000Z</time></trkpt>
	<trkpt lat='38.613684' lon='20.694443'><time>2025-08-18T12:01:00.000Z</time></trkpt>
	<trkpt lat='38.617578' lon='20.711538'><time>2025-08-18T12:09:00.000Z</time></trkpt>
	<trkpt lat='38.620956' lon='20.721188'><time>2025-08-18T12:14:00.000Z</time></trkpt>
	<trkpt lat='38.621888' lon='20.722748'><time>2025-08-18T12:15:00.000Z</time></trkpt>
	<trkpt lat='38.623158' lon='20.723874'><time>2025-08-18T12:16:00.000Z</time></trkpt>
	<trkpt lat='38.627523' lon='20.726912'><time>2025-08-18T12:19:00.000Z</time></trkpt>
	<trkpt lat='38.639699' lon='20.727588'><time>2025-08-18T12:27:00.000Z</time></trkpt>
	<trkpt lat='38.644595' lon='20.728193'><time>2025-08-18T12:31:00.000Z</time></trkpt>
	<trkpt lat='38.650511' lon='20.727834'><time>2025-08-18T12:36:00.000Z</time></trkpt>
	<trkpt lat='38.652057' lon='20.728419'><time>2025-08-18T12:38:00.000Z</time></trkpt>
	<trkpt lat='38.660958' lon='20.728355'><time>2025-08-18T12:43:00.000Z</time></trkpt>
	<trkpt lat='38.661913' lon='20.728189'><time>2025-08-18T12:44:00.000Z</time></trkpt>
	<trkpt lat='38.665838' lon='20.725088'><time>2025-08-18T12:48:00.000Z</time></trkpt>
	<trkpt lat='38.667988' lon='20.723916'><time>2025-08-18T12:50:00.000Z</time></trkpt>
	<trkpt lat='38.669237' lon='20.72348'><time>2025-08-18T12:51:00.000Z</time></trkpt>
	<trkpt lat='38.672032' lon='20.723455'><time>2025-08-18T12:54:00.000Z</time></trkpt>
	<trkpt lat='38.672268' lon='20.72623'><time>2025-08-18T12:57:00.000Z</time></trkpt>
	<trkpt lat='38.671669' lon='20.732102'><time>2025-08-18T13:01:00.000Z</time></trkpt>
	<trkpt lat='38.671889' lon='20.73314'><time>2025-08-18T13:02:00.000Z</time></trkpt>
	<trkpt lat='38.672806' lon='20.732528'><time>2025-08-18T13:03:00.000Z</time></trkpt>
	<trkpt lat='38.67685' lon='20.731496'><time>2025-08-18T13:07:00.000Z</time></trkpt>
	<trkpt lat='38.68334' lon='20.730548'><time>2025-08-18T13:12:00.000Z</time></trkpt>
	<trkpt lat='38.686864' lon='20.729266'><time>2025-08-18T13:15:00.000Z</time></trkpt>
	<trkpt lat='38.690978' lon='20.728527'><time>2025-08-18T13:18:00.000Z</time></trkpt>
	<trkpt lat='38.695254' lon='20.726898'><time>2025-08-18T13:21:00.000Z</time></trkpt>
	<trkpt lat='38.699838' lon='20.723045'><time>2025-08-18T13:25:00.000Z</time></trkpt>
	<trkpt lat='38.705193' lon='20.717169'><time>2025-08-18T13:31:00.000Z</time></trkpt>
	<trkpt lat='38.705993' lon='20.715067'><time>2025-08-18T13:33:00.000Z</time></trkpt>
	<trkpt lat='38.705287' lon='20.713457'><time>2025-08-18T13:34:00.000Z</time></trkpt>
	<trkpt lat='38.699873' lon='20.70825'><time>2025-08-18T13:40:00.000Z</time></trkpt>
	<trkpt lat='38.699223' lon='20.708532'><time>2025-08-18T13:44:00.000Z</time></trkpt>
	<trkpt lat='38.700199' lon='20.708945'><time>2025-08-18T13:46:00.000Z</time></trkpt>
	<trkpt lat='38.700381' lon='20.709416'><time>2025-08-20T11:17:41.000Z</time></trkpt>
	<trkpt lat='38.703116' lon='20.711328'><time>2025-08-20T11:20:00.000Z</time></trkpt>
	<trkpt lat='38.705343' lon='20.713551'><time>2025-08-20T11:22:00.000Z</time></trkpt>
	<trkpt lat='38.70697' lon='20.716321'><time>2025-08-20T11:24:00.000Z</time></trkpt>
	<trkpt lat='38.710421' lon='20.724071'><time>2025-08-20T11:29:00.000Z</time></trkpt>
	<trkpt lat='38.716875' lon='20.729771'><time>2025-08-20T11:36:00.000Z</time></trkpt>
	<trkpt lat='38.718271' lon='20.731922'><time>2025-08-20T11:38:00.000Z</time></trkpt>
	<trkpt lat='38.743539' lon='20.794424'><time>2025-08-20T12:12:00.000Z</time></trkpt>
	<trkpt lat='38.773315' lon='20.866167'><time>2025-08-20T12:47:00.000Z</time></trkpt>
	<trkpt lat='38.772793' lon='20.867982'><time>2025-08-20T12:48:00.000Z</time></trkpt>
	<trkpt lat='38.773168' lon='20.867902'><time>2025-08-20T12:49:00.000Z</time></trkpt>
	<trkpt lat='38.773007' lon='20.866962'><time>2025-08-20T12:50:00.000Z</time></trkpt>
	<trkpt lat='38.775441' lon='20.871962'><time>2025-08-20T12:53:00.000Z</time></trkpt>
	<trkpt lat='38.775885' lon='20.873991'><time>2025-08-20T12:54:00.000Z</time></trkpt>
	<trkpt lat='38.778741' lon='20.877307'><time>2025-08-20T12:58:00.000Z</time></trkpt>
	<trkpt lat='38.778698' lon='20.877684'><time>2025-08-20T13:03:00.000Z</time></trkpt>
	<trkpt lat='38.7788' lon='20.877181'><time>2025-08-22T08:11:00.000Z</time></trkpt>
	<trkpt lat='38.778441' lon='20.877724'><time>2025-08-22T08:13:00.000Z</time></trkpt>
	<trkpt lat='38.778091' lon='20.879922'><time>2025-08-22T08:15:00.000Z</time></trkpt>
	<trkpt lat='38.777445' lon='20.880238'><time>2025-08-22T08:17:00.000Z</time></trkpt>
	<trkpt lat='38.777784' lon='20.879938'><time>2025-08-22T08:20:00.000Z</time></trkpt>
	<trkpt lat='38.777541' lon='20.88007'><time>2025-08-24T08:43:00.000Z</time></trkpt>
	<trkpt lat='38.777127' lon='20.879478'><time>2025-08-24T08:45:00.000Z</time></trkpt>
	<trkpt lat='38.776362' lon='20.876267'><time>2025-08-24T08:47:00.000Z</time></trkpt>
	<trkpt lat='38.773108' lon='20.870735'><time>2025-08-24T08:50:00.000Z</time></trkpt>
	<trkpt lat='38.771729' lon='20.869114'><time>2025-08-24T08:51:00.000Z</time></trkpt>
	<trkpt lat='38.769876' lon='20.868551'><time>2025-08-24T08:52:00.000Z</time></trkpt>
	<trkpt lat='38.763232' lon='20.869799'><time>2025-08-24T08:56:00.000Z</time></trkpt>
	<trkpt lat='38.760509' lon='20.870918'><time>2025-08-24T08:59:00.000Z</time></trkpt>
	<trkpt lat='38.756611' lon='20.871607'><time>2025-08-24T09:03:00.000Z</time></trkpt>
	<trkpt lat='38.750864' lon='20.873785'><time>2025-08-24T09:08:00.000Z</time></trkpt>
	<trkpt lat='38.750442' lon='20.873669'><time>2025-08-24T09:09:00.000Z</time></trkpt>
	<trkpt lat='38.754566' lon='20.87302'><time>2025-08-24T09:13:00.000Z</time></trkpt>
	<trkpt lat='38.756584' lon='20.872987'><time>2025-08-24T09:15:00.000Z</time></trkpt>
	<trkpt lat='38.757256' lon='20.873461'><time>2025-08-24T09:16:00.000Z</time></trkpt>
	<trkpt lat='38.757114' lon='20.874572'><time>2025-08-24T09:17:00.000Z</time></trkpt>
	<trkpt lat='38.757377' lon='20.875624'><time>2025-08-24T09:18:00.000Z</time></trkpt>
	<trkpt lat='38.757641' lon='20.875217'><time>2025-08-24T09:19:00.000Z</time></trkpt>
	<trkpt lat='38.757512' lon='20.874195'><time>2025-08-24T09:20:00.000Z</time></trkpt>
	<trkpt lat='38.757023' lon='20.874197'><time>2025-08-24T09:21:00.000Z</time></trkpt>
	<trkpt lat='38.75503' lon='20.876238'><time>2025-08-24T09:24:00.000Z</time></trkpt>
	<trkpt lat='38.75296' lon='20.879311'><time>2025-08-24T09:27:00.000Z</time></trkpt>
	<trkpt lat='38.751606' lon='20.874597'><time>2025-08-24T09:31:00.000Z</time></trkpt>
	<trkpt lat='38.750817' lon='20.868179'><time>2025-08-24T09:35:00.000Z</time></trkpt>
	<trkpt lat='38.750407' lon='20.867474'><time>2025-08-24T09:36:00.000Z</time></trkpt>
	<trkpt lat='38.744902' lon='20.873473'><time>2025-08-24T09:42:00.000Z</time></trkpt>
	<trkpt lat='38.741163' lon='20.879033'><time>2025-08-24T09:47:00.000Z</time></trkpt>
	<trkpt lat='38.740438' lon='20.876572'><time>2025-08-24T09:50:00.000Z</time></trkpt>
	<trkpt lat='38.740507' lon='20.870685'><time>2025-08-24T09:54:00.000Z</time></trkpt>
	<trkpt lat='38.740118' lon='20.86571'><time>2025-08-24T09:57:00.000Z</time></trkpt>
	<trkpt lat='38.739008' lon='20.862258'><time>2025-08-24T09:59:00.000Z</time></trkpt>
	<trkpt lat='38.738371' lon='20.858849'><time>2025-08-24T10:01:00.000Z</time></trkpt>
	<trkpt lat='38.73794' lon='20.859168'><time>2025-08-24T10:02:00.000Z</time></trkpt>
	<trkpt lat='38.73596' lon='20.863518'><time>2025-08-24T10:05:00.000Z</time></trkpt>
	<trkpt lat='38.732965' lon='20.871305'><time>2025-08-24T10:10:00.000Z</time></trkpt>
	<trkpt lat='38.731604' lon='20.876037'><time>2025-08-24T10:13:00.000Z</time></trkpt>
	<trkpt lat='38.729691' lon='20.879709'><time>2025-08-24T10:16:00.000Z</time></trkpt>
	<trkpt lat='38.726782' lon='20.883798'><time>2025-08-24T10:20:00.000Z</time></trkpt>
	<trkpt lat='38.725443' lon='20.886869'><time>2025-08-24T10:23:00.000Z</time></trkpt>
	<trkpt lat='38.724291' lon='20.881658'><time>2025-08-24T10:27:00.000Z</time></trkpt>
	<trkpt lat='38.720296' lon='20.867971'><time>2025-08-24T10:36:00.000Z</time></trkpt>
	<trkpt lat='38.719055' lon='20.861369'><time>2025-08-24T10:40:00.000Z</time></trkpt>
	<trkpt lat='38.718484' lon='20.860906'><time>2025-08-24T10:41:00.000Z</time></trkpt>
	<trkpt lat='38.715809' lon='20.864705'><time>2025-08-24T10:44:00.000Z</time></trkpt>
	<trkpt lat='38.714353' lon='20.867916'><time>2025-08-24T10:46:00.000Z</time></trkpt>
	<trkpt lat='38.708657' lon='20.874222'><time>2025-08-24T10:52:00.000Z</time></trkpt>
	<trkpt lat='38.707965' lon='20.875676'><time>2025-08-24T10:53:00.000Z</time></trkpt>
	<trkpt lat='38.708269' lon='20.87997'><time>2025-08-24T10:56:00.000Z</time></trkpt>
	<trkpt lat='38.707656' lon='20.881123'><time>2025-08-24T10:57:00.000Z</time></trkpt>
	<trkpt lat='38.707454' lon='20.881003'><time>2025-08-24T10:58:00.000Z</time></trkpt>
	<trkpt lat='38.707998' lon='20.881251'><time>2025-08-24T10:59:00.000Z</time></trkpt>
	<trkpt lat='38.707506' lon='20.882025'><time>2025-08-24T11:00:00.000Z</time></trkpt>
	<trkpt lat='38.699601' lon='20.887552'><time>2025-08-24T11:06:00.000Z</time></trkpt>
	<trkpt lat='38.692385' lon='20.893173'><time>2025-08-24T11:11:00.000Z</time></trkpt>
	<trkpt lat='38.687734' lon='20.896274'><time>2025-08-24T11:14:00.000Z</time></trkpt>
	<trkpt lat='38.682169' lon='20.901022'><time>2025-08-24T11:18:00.000Z</time></trkpt>
	<trkpt lat='38.673839' lon='20.910488'><time>2025-08-24T11:24:00.000Z</time></trkpt>
	<trkpt lat='38.66938' lon='20.918129'><time>2025-08-24T11:28:00.000Z</time></trkpt>
	<trkpt lat='38.668517' lon='20.920118'><time>2025-08-24T11:29:00.000Z</time></trkpt>
	<trkpt lat='38.667254' lon='20.926632'><time>2025-08-24T11:32:00.000Z</time></trkpt>
	<trkpt lat='38.664521' lon='20.943412'><time>2025-08-24T11:40:00.000Z</time></trkpt>
	<trkpt lat='38.664897' lon='20.947079'><time>2025-08-24T11:42:00.000Z</time></trkpt>
	<trkpt lat='38.666359' lon='20.953277'><time>2025-08-24T11:46:00.000Z</time></trkpt>
	<trkpt lat='38.667' lon='20.954606'><time>2025-08-24T11:47:00.000Z</time></trkpt>
	<trkpt lat='38.670402' lon='20.957171'><time>2025-08-24T11:51:00.000Z</time></trkpt>
	<trkpt lat='38.670462' lon='20.958222'><time>2025-08-24T11:56:00.000Z</time></trkpt>
	<trkpt lat='38.670275' lon='20.957771'><time>2025-08-25T09:08:29.000Z</time></trkpt>
	<trkpt lat='38.669448' lon='20.95781'><time>2025-08-25T09:10:00.000Z</time></trkpt>
	<trkpt lat='38.666787' lon='20.959374'><time>2025-08-25T09:13:00.000Z</time></trkpt>
	<trkpt lat='38.662172' lon='20.961012'><time>2025-08-25T09:16:00.000Z</time></trkpt>
	<trkpt lat='38.652975' lon='20.963181'><time>2025-08-25T09:21:00.000Z</time></trkpt>
	<trkpt lat='38.647123' lon='20.96292'><time>2025-08-25T09:24:00.000Z</time></trkpt>
	<trkpt lat='38.641636' lon='20.961117'><time>2025-08-25T09:27:00.000Z</time></trkpt>
	<trkpt lat='38.638552' lon='20.958527'><time>2025-08-25T09:29:00.000Z</time></trkpt>
	<trkpt lat='38.631617' lon='20.950995'><time>2025-08-25T09:34:00.000Z</time></trkpt>
	<trkpt lat='38.624423' lon='20.934067'><time>2025-08-25T09:43:00.000Z</time></trkpt>
	<trkpt lat='38.623232' lon='20.932262'><time>2025-08-25T09:45:00.000Z</time></trkpt>
	<trkpt lat='38.622432' lon='20.9319'><time>2025-08-25T09:47:00.000Z</time></trkpt>
	<trkpt lat='38.622239' lon='20.932084'><time>2025-08-25T09:51:00.000Z</time></trkpt>
	<trkpt lat='38.622412' lon='20.931863'><time>2025-08-27T10:31:00.000Z</time></trkpt>
	<trkpt lat='38.622902' lon='20.932002'><time>2025-08-27T10:33:00.000Z</time></trkpt>
	<trkpt lat='38.623761' lon='20.933197'><time>2025-08-27T10:34:00.000Z</time></trkpt>
	<trkpt lat='38.624366' lon='20.937468'><time>2025-08-27T10:37:00.000Z</time></trkpt>
	<trkpt lat='38.630671' lon='20.951172'><time>2025-08-27T10:44:00.000Z</time></trkpt>
	<trkpt lat='38.636749' lon='20.957367'><time>2025-08-27T10:48:00.000Z</time></trkpt>
	<trkpt lat='38.643517' lon='20.962235'><time>2025-08-27T10:52:00.000Z</time></trkpt>
	<trkpt lat='38.6454' lon='20.962892'><time>2025-08-27T10:53:00.000Z</time></trkpt>
	<trkpt lat='38.651129' lon='20.962245'><time>2025-08-27T10:56:00.000Z</time></trkpt>
	<trkpt lat='38.663106' lon='20.955647'><time>2025-08-27T11:03:00.000Z</time></trkpt>
	<trkpt lat='38.668777' lon='20.951839'><time>2025-08-27T11:07:00.000Z</time></trkpt>
	<trkpt lat='38.66879' lon='20.951511'><time>2025-08-27T11:08:00.000Z</time></trkpt>
	<trkpt lat='38.668473' lon='20.95194'><time>2025-08-27T11:10:00.000Z</time></trkpt>
	<trkpt lat='38.669013' lon='20.952794'><time>2025-08-27T11:11:00.000Z</time></trkpt>
	<trkpt lat='38.669385' lon='20.952537'><time>2025-08-27T11:12:00.000Z</time></trkpt>
	<trkpt lat='38.669102' lon='20.95201'><time>2025-08-27T11:13:00.000Z</time></trkpt>
	<trkpt lat='38.668697' lon='20.952517'><time>2025-08-27T11:14:00.000Z</time></trkpt>
	<trkpt lat='38.669148' lon='20.953237'><time>2025-08-27T11:15:00.000Z</time></trkpt>
	<trkpt lat='38.669804' lon='20.95353'><time>2025-08-27T11:16:00.000Z</time></trkpt>
	<trkpt lat='38.670001' lon='20.953258'><time>2025-08-27T11:21:00.000Z</time></trkpt>
	<trkpt lat='38.66971' lon='20.953648'><time>2025-08-28T07:42:36.000Z</time></trkpt>
	<trkpt lat='38.670392' lon='20.95441'><time>2025-08-28T07:44:00.000Z</time></trkpt>
	<trkpt lat='38.66846' lon='20.952344'><time>2025-08-28T07:46:00.000Z</time></trkpt>
	<trkpt lat='38.667358' lon='20.951796'><time>2025-08-28T07:47:00.000Z</time></trkpt>
	<trkpt lat='38.665957' lon='20.952056'><time>2025-08-28T07:48:00.000Z</time></trkpt>
	<trkpt lat='38.664402' lon='20.951868'><time>2025-08-28T07:49:00.000Z</time></trkpt>
	<trkpt lat='38.66134' lon='20.950989'><time>2025-08-28T07:51:00.000Z</time></trkpt>
	<trkpt lat='38.658648' lon='20.949457'><time>2025-08-28T07:53:00.000Z</time></trkpt>
	<trkpt lat='38.656145' lon='20.947452'><time>2025-08-28T07:55:00.000Z</time></trkpt>
	<trkpt lat='38.657936' lon='20.946471'><time>2025-08-28T07:57:00.000Z</time></trkpt>
	<trkpt lat='38.661419' lon='20.943027'><time>2025-08-28T08:00:00.000Z</time></trkpt>
	<trkpt lat='38.66759' lon='20.933357'><time>2025-08-28T08:07:00.000Z</time></trkpt>
	<trkpt lat='38.667659' lon='20.932264'><time>2025-08-28T08:08:00.000Z</time></trkpt>
	<trkpt lat='38.666486' lon='20.931081'><time>2025-08-28T08:09:00.000Z</time></trkpt>
	<trkpt lat='38.664881' lon='20.928375'><time>2025-08-28T08:11:00.000Z</time></trkpt>
	<trkpt lat='38.663478' lon='20.923363'><time>2025-08-28T08:15:00.000Z</time></trkpt>
	<trkpt lat='38.661983' lon='20.919845'><time>2025-08-28T08:18:00.000Z</time></trkpt>
	<trkpt lat='38.658706' lon='20.915028'><time>2025-08-28T08:23:00.000Z</time></trkpt>
	<trkpt lat='38.657613' lon='20.912378'><time>2025-08-28T08:26:00.000Z</time></trkpt>
	<trkpt lat='38.652586' lon='20.906266'><time>2025-08-28T08:33:00.000Z</time></trkpt>
	<trkpt lat='38.649644' lon='20.903994'><time>2025-08-28T08:37:00.000Z</time></trkpt>
	<trkpt lat='38.649591' lon='20.903615'><time>2025-08-28T08:38:00.000Z</time></trkpt>
	<trkpt lat='38.650238' lon='20.902983'><time>2025-08-28T08:39:00.000Z</time></trkpt>
	<trkpt lat='38.650867' lon='20.899026'><time>2025-08-28T08:42:00.000Z</time></trkpt>
	<trkpt lat='38.662295' lon='20.857756'><time>2025-08-28T09:19:00.000Z</time></trkpt>
	<trkpt lat='38.667341' lon='20.837451'><time>2025-08-28T09:28:00.000Z</time></trkpt>
	<trkpt lat='38.677489' lon='20.805438'><time>2025-08-28T09:42:00.000Z</time></trkpt>
	<trkpt lat='38.677458' lon='20.803032'><time>2025-08-28T09:43:00.000Z</time></trkpt>
	<trkpt lat='38.676868' lon='20.800799'><time>2025-08-28T09:44:00.000Z</time></trkpt>
	<trkpt lat='38.67493' lon='20.797263'><time>2025-08-28T09:46:00.000Z</time></trkpt>
	<trkpt lat='38.671711' lon='20.792609'><time>2025-08-28T09:49:00.000Z</time></trkpt>
	<trkpt lat='38.671067' lon='20.789711'><time>2025-08-28T09:51:00.000Z</time></trkpt>
	<trkpt lat='38.670358' lon='20.78874'><time>2025-08-28T09:57:00.000Z</time></trkpt>
	<trkpt lat='38.670261' lon='20.788681'><time>2025-08-29T09:20:00.000Z</time></trkpt>
	<trkpt lat='38.671961' lon='20.792955'><time>2025-08-29T09:24:00.000Z</time></trkpt>
	<trkpt lat='38.673174' lon='20.794781'><time>2025-08-29T09:25:00.000Z</time></trkpt>
	<trkpt lat='38.675009' lon='20.795307'><time>2025-08-29T09:26:00.000Z</time></trkpt>
	<trkpt lat='38.676846' lon='20.794622'><time>2025-08-29T09:27:00.000Z</time></trkpt>
	<trkpt lat='38.678571' lon='20.793522'><time>2025-08-29T09:28:00.000Z</time></trkpt>
	<trkpt lat='38.679815' lon='20.791815'><time>2025-08-29T09:29:00.000Z</time></trkpt>
	<trkpt lat='38.680357' lon='20.789543'><time>2025-08-29T09:30:00.000Z</time></trkpt>
	<trkpt lat='38.680126' lon='20.782408'><time>2025-08-29T09:33:00.000Z</time></trkpt>
	<trkpt lat='38.679402' lon='20.778001'><time>2025-08-29T09:35:00.000Z</time></trkpt>
	<trkpt lat='38.672063' lon='20.748955'><time>2025-08-29T09:50:00.000Z</time></trkpt>
	<trkpt lat='38.671401' lon='20.742735'><time>2025-08-29T09:54:00.000Z</time></trkpt>
	<trkpt lat='38.669105' lon='20.737411'><time>2025-08-29T09:57:00.000Z</time></trkpt>
	<trkpt lat='38.668727' lon='20.735648'><time>2025-08-29T09:58:00.000Z</time></trkpt>
	<trkpt lat='38.669838' lon='20.733991'><time>2025-08-29T09:59:00.000Z</time></trkpt>
	<trkpt lat='38.669525' lon='20.73239'><time>2025-08-29T10:00:00.000Z</time></trkpt>
	<trkpt lat='38.666215' lon='20.728473'><time>2025-08-29T10:03:00.000Z</time></trkpt>
	<trkpt lat='38.663728' lon='20.726128'><time>2025-08-29T10:05:00.000Z</time></trkpt>
	<trkpt lat='38.661057' lon='20.724096'><time>2025-08-29T10:07:00.000Z</time></trkpt>
	<trkpt lat='38.656547' lon='20.721315'><time>2025-08-29T10:10:00.000Z</time></trkpt>
	<trkpt lat='38.65617' lon='20.722262'><time>2025-08-29T10:11:00.000Z</time></trkpt>
	<trkpt lat='38.655664' lon='20.72728'><time>2025-08-29T10:14:00.000Z</time></trkpt>
	<trkpt lat='38.655164' lon='20.728832'><time>2025-08-29T10:15:00.000Z</time></trkpt>
	<trkpt lat='38.653329' lon='20.726324'><time>2025-08-29T10:17:00.000Z</time></trkpt>
	<trkpt lat='38.650717' lon='20.72427'><time>2025-08-29T10:19:00.000Z</time></trkpt>
	<trkpt lat='38.650113' lon='20.724277'><time>2025-08-29T10:20:00.000Z</time></trkpt>
	<trkpt lat='38.649282' lon='20.729188'><time>2025-08-29T10:23:00.000Z</time></trkpt>
	<trkpt lat='38.648149' lon='20.732627'><time>2025-08-29T10:25:00.000Z</time></trkpt>
	<trkpt lat='38.64659' lon='20.735453'><time>2025-08-29T10:27:00.000Z</time></trkpt>
	<trkpt lat='38.64284' lon='20.726478'><time>2025-08-29T10:33:00.000Z</time></trkpt>
	<trkpt lat='38.642439' lon='20.726614'><time>2025-08-29T10:34:00.000Z</time></trkpt>
	<trkpt lat='38.641775' lon='20.728295'><time>2025-08-29T10:35:00.000Z</time></trkpt>
	<trkpt lat='38.640856' lon='20.729495'><time>2025-08-29T10:36:00.000Z</time></trkpt>
	<trkpt lat='38.638654' lon='20.731351'><time>2025-08-29T10:38:00.000Z</time></trkpt>
	<trkpt lat='38.63613' lon='20.73297'><time>2025-08-29T10:40:00.000Z</time></trkpt>
	<trkpt lat='38.632298' lon='20.73478'><time>2025-08-29T10:43:00.000Z</time></trkpt>
	<trkpt lat='38.628765' lon='20.735583'><time>2025-08-29T10:46:00.000Z</time></trkpt>
	<trkpt lat='38.618118' lon='20.737002'><time>2025-08-29T10:55:00.000Z</time></trkpt>
	<trkpt lat='38.613038' lon='20.738366'><time>2025-08-29T10:58:00.000Z</time></trkpt>
	<trkpt lat='38.601132' lon='20.739241'><time>2025-08-29T11:05:00.000Z</time></trkpt>
	<trkpt lat='38.59233' lon='20.73884'><time>2025-08-29T11:10:00.000Z</time></trkpt>
	<trkpt lat='38.583568' lon='20.737323'><time>2025-08-29T11:15:00.000Z</time></trkpt>
	<trkpt lat='38.578392' lon='20.735651'><time>2025-08-29T11:18:00.000Z</time></trkpt>
	<trkpt lat='38.594479' lon='20.713907'><time>2025-08-29T11:31:00.000Z</time></trkpt>
	<trkpt lat='38.598871' lon='20.709066'><time>2025-08-29T11:34:00.000Z</time></trkpt>
	<trkpt lat='38.606725' lon='20.698381'><time>2025-08-29T11:40:00.000Z</time></trkpt>
	<trkpt lat='38.611285' lon='20.693903'><time>2025-08-29T11:43:00.000Z</time></trkpt>
	<trkpt lat='38.614154' lon='20.691573'><time>2025-08-29T11:45:00.000Z</time></trkpt>
	<trkpt lat='38.61797' lon='20.69051'><time>2025-08-29T11:48:00.000Z</time></trkpt>
	<trkpt lat='38.621004' lon='20.68864'><time>2025-08-29T11:51:00.000Z</time></trkpt>
	<trkpt lat='38.6243' lon='20.682038'><time>2025-08-29T11:57:00.000Z</time></trkpt>
	<trkpt lat='38.624086' lon='20.681893'><time>2025-08-29T12:01:00.000Z</time></trkpt>
	<trkpt lat='38.622799' lon='20.683978'><time>2025-08-31T08:16:56.000Z</time></trkpt>
	<trkpt lat='38.622568' lon='20.685029'><time>2025-08-31T08:18:00.000Z</time></trkpt>
	<trkpt lat='38.620486' lon='20.688532'><time>2025-08-31T08:22:00.000Z</time></trkpt>
	<trkpt lat='38.616598' lon='20.689593'><time>2025-08-31T08:25:00.000Z</time></trkpt>
	<trkpt lat='38.615321' lon='20.690746'><time>2025-08-31T08:26:00.000Z</time></trkpt>
	<trkpt lat='38.614102' lon='20.694227'><time>2025-08-31T08:28:00.000Z</time></trkpt>
	<trkpt lat='38.613853' lon='20.695807'><time>2025-08-31T08:29:00.000Z</time></trkpt>
	<trkpt lat='38.612863' lon='20.705351'><time>2025-08-31T08:35:00.000Z</time></trkpt>
	<trkpt lat='38.612938' lon='20.707041'><time>2025-08-31T08:36:00.000Z</time></trkpt>
	<trkpt lat='38.613588' lon='20.711796'><time>2025-08-31T08:39:00.000Z</time></trkpt>
	<trkpt lat='38.616921' lon='20.718796'><time>2025-08-31T08:44:00.000Z</time></trkpt>
	<trkpt lat='38.621728' lon='20.726683'><time>2025-08-31T08:50:00.000Z</time></trkpt>
	<trkpt lat='38.62675' lon='20.73401'><time>2025-08-31T08:56:00.000Z</time></trkpt>
	<trkpt lat='38.628539' lon='20.736246'><time>2025-08-31T08:58:00.000Z</time></trkpt>
	<trkpt lat='38.629628' lon='20.735929'><time>2025-08-31T08:59:00.000Z</time></trkpt>
	<trkpt lat='38.641153' lon='20.732046'><time>2025-08-31T09:09:00.000Z</time></trkpt>
	<trkpt lat='38.643798' lon='20.730872'><time>2025-08-31T09:11:00.000Z</time></trkpt>
	<trkpt lat='38.648094' lon='20.730072'><time>2025-08-31T09:14:00.000Z</time></trkpt>
	<trkpt lat='38.650829' lon='20.729155'><time>2025-08-31T09:16:00.000Z</time></trkpt>
	<trkpt lat='38.661496' lon='20.723073'><time>2025-08-31T09:25:00.000Z</time></trkpt>
	<trkpt lat='38.662018' lon='20.724615'><time>2025-08-31T09:28:00.000Z</time></trkpt>
	<trkpt lat='38.662495' lon='20.728306'><time>2025-08-31T09:30:00.000Z</time></trkpt>
	<trkpt lat='38.66911' lon='20.723084'><time>2025-08-31T09:35:00.000Z</time></trkpt>
	<trkpt lat='38.668672' lon='20.729459'><time>2025-08-31T09:39:00.000Z</time></trkpt>
	<trkpt lat='38.669278' lon='20.73541'><time>2025-08-31T09:42:00.000Z</time></trkpt>
	<trkpt lat='38.672262' lon='20.747782'><time>2025-08-31T09:48:00.000Z</time></trkpt>
	<trkpt lat='38.672672' lon='20.751961'><time>2025-08-31T09:50:00.000Z</time></trkpt>
	<trkpt lat='38.675106' lon='20.748744'><time>2025-08-31T09:53:00.000Z</time></trkpt>
	<trkpt lat='38.678764' lon='20.745266'><time>2025-08-31T09:56:00.000Z</time></trkpt>
	<trkpt lat='38.687256' lon='20.736074'><time>2025-08-31T10:04:00.000Z</time></trkpt>
	<trkpt lat='38.687638' lon='20.734754'><time>2025-08-31T10:05:00.000Z</time></trkpt>
	<trkpt lat='38.689512' lon='20.732642'><time>2025-08-31T10:07:00.000Z</time></trkpt>
	<trkpt lat='38.689833' lon='20.7309'><time>2025-08-31T10:09:00.000Z</time></trkpt>
	<trkpt lat='38.691359' lon='20.730436'><time>2025-08-31T10:11:00.000Z</time></trkpt>
	<trkpt lat='38.694499' lon='20.728701'><time>2025-08-31T10:13:00.000Z</time></trkpt>
	<trkpt lat='38.702636' lon='20.720474'><time>2025-08-31T10:19:00.000Z</time></trkpt>
	<trkpt lat='38.705088' lon='20.717305'><time>2025-08-31T10:21:00.000Z</time></trkpt>
	<trkpt lat='38.705849' lon='20.715312'><time>2025-08-31T10:22:00.000Z</time></trkpt>
	<trkpt lat='38.705284' lon='20.713252'><time>2025-08-31T10:23:00.000Z</time></trkpt>
	<trkpt lat='38.704297' lon='20.712052'><time>2025-08-31T10:24:00.000Z</time></trkpt>
	<trkpt lat='38.702487' lon='20.710447'><time>2025-08-31T10:26:00.000Z</time></trkpt>
	<trkpt lat='38.699307' lon='20.709025'><time>2025-08-31T10:29:00.000Z</time></trkpt>
	<trkpt lat='38.6998' lon='20.708825'><time>2025-08-31T10:31:00.000Z</time></trkpt>
	<trkpt lat='38.699608' lon='20.708703'><time>2025-08-31T10:32:00.000Z</time></trkpt>
	<trkpt lat='38.700621' lon='20.709394'><time>2025-08-31T10:34:00.000Z</time></trkpt>
	<trkpt lat='38.700188' lon='20.709306'><time>2025-08-31T10:36:00.000Z</time></trkpt>
	<trkpt lat='38.700132' lon='20.708733'><time>2025-08-31T10:38:00.000Z</time></trkpt>
	<trkpt lat='38.696876' lon='20.708082'><time>2025-08-31T10:42:00.000Z</time></trkpt>
	<trkpt lat='38.698442' lon='20.708507'><time>2025-08-31T10:44:00.000Z</time></trkpt>
	<trkpt lat='38.69949' lon='20.709174'><time>2025-08-31T10:46:00.000Z</time></trkpt>
	<trkpt lat='38.699786' lon='20.70873'><time>2025-08-31T10:47:00.000Z</time></trkpt>
	<trkpt lat='38.698908' lon='20.708403'><time>2025-08-31T10:48:00.000Z</time></trkpt>
	<trkpt lat='38.700081' lon='20.709319'><time>2025-08-31T10:51:00.000Z</time></trkpt>
	<trkpt lat='38.700775' lon='20.709315'><time>2025-09-03T08:48:10.000Z</time></trkpt>
	<trkpt lat='38.705199' lon='20.713201'><time>2025-09-03T08:53:00.000Z</time></trkpt>
	<trkpt lat='38.709631' lon='20.720811'><time>2025-09-03T08:57:00.000Z</time></trkpt>
	<trkpt lat='38.719' lon='20.733262'><time>2025-09-03T09:05:00.000Z</time></trkpt>
	<trkpt lat='38.719892' lon='20.733824'><time>2025-09-03T09:06:00.000Z</time></trkpt>
	<trkpt lat='38.722303' lon='20.73142'><time>2025-09-03T09:08:00.000Z</time></trkpt>
	<trkpt lat='38.722633' lon='20.731884'><time>2025-09-03T09:09:00.000Z</time></trkpt>
	<trkpt lat='38.722736' lon='20.73618'><time>2025-09-03T09:11:00.000Z</time></trkpt>
	<trkpt lat='38.723549' lon='20.741604'><time>2025-09-03T09:14:00.000Z</time></trkpt>
	<trkpt lat='38.726523' lon='20.752472'><time>2025-09-03T09:19:00.000Z</time></trkpt>
	<trkpt lat='38.730585' lon='20.762673'><time>2025-09-03T09:24:00.000Z</time></trkpt>
	<trkpt lat='38.735719' lon='20.772869'><time>2025-09-03T09:29:00.000Z</time></trkpt>
	<trkpt lat='38.738365' lon='20.779644'><time>2025-09-03T09:32:00.000Z</time></trkpt>
	<trkpt lat='38.740551' lon='20.783939'><time>2025-09-03T09:34:00.000Z</time></trkpt>
	<trkpt lat='38.74338' lon='20.79174'><time>2025-09-03T09:38:00.000Z</time></trkpt>
	<trkpt lat='38.751385' lon='20.807797'><time>2025-09-03T09:46:00.000Z</time></trkpt>
	<trkpt lat='38.757818' lon='20.817968'><time>2025-09-03T09:53:00.000Z</time></trkpt>
	<trkpt lat='38.761879' lon='20.823075'><time>2025-09-03T09:56:00.000Z</time></trkpt>
	<trkpt lat='38.763148' lon='20.825989'><time>2025-09-03T09:59:00.000Z</time></trkpt>
	<trkpt lat='38.764027' lon='20.827144'><time>2025-09-03T10:01:00.000Z</time></trkpt>
	<trkpt lat='38.780846' lon='20.844052'><time>2025-09-03T10:13:00.000Z</time></trkpt>
	<trkpt lat='38.78538' lon='20.847673'><time>2025-09-03T10:16:00.000Z</time></trkpt>
	<trkpt lat='38.789357' lon='20.852393'><time>2025-09-03T10:19:00.000Z</time></trkpt>
	<trkpt lat='38.790828' lon='20.853731'><time>2025-09-03T10:20:00.000Z</time></trkpt>
	<trkpt lat='38.792671' lon='20.854551'><time>2025-09-03T10:22:00.000Z</time></trkpt>
	<trkpt lat='38.792347' lon='20.85466'><time>2025-09-03T10:26:00.000Z</time></trkpt>
	<trkpt lat='38.792157' lon='20.854621'><time>2025-09-04T07:25:56.000Z</time></trkpt>
	<trkpt lat='38.790897' lon='20.856049'><time>2025-09-04T07:27:00.000Z</time></trkpt>
	<trkpt lat='38.780888' lon='20.871905'><time>2025-09-04T07:38:00.000Z</time></trkpt>
	<trkpt lat='38.778348' lon='20.87907'><time>2025-09-04T07:44:00.000Z</time></trkpt>
	<trkpt lat='38.777847' lon='20.879694'><time>2025-09-04T07:45:00.000Z</time></trkpt>
	<trkpt lat='38.777359' lon='20.879737'><time>2025-09-04T07:46:00.000Z</time></trkpt>
	<trkpt lat='38.778158' lon='20.879591'><time>2025-09-04T07:48:00.000Z</time></trkpt>
	<trkpt lat='38.778002' lon='20.880008'><time>2025-09-04T07:51:00.000Z</time></trkpt>
	<trkpt lat='38.777726' lon='20.878388'><time>2025-09-07T06:05:16.000Z</time></trkpt>
	<trkpt lat='38.776624' lon='20.877101'><time>2025-09-07T06:07:00.000Z</time></trkpt>
	<trkpt lat='38.771198' lon='20.872933'><time>2025-09-07T06:12:00.000Z</time></trkpt>
	<trkpt lat='38.770015' lon='20.87156'><time>2025-09-07T06:13:00.000Z</time></trkpt>
	<trkpt lat='38.751943' lon='20.8576'><time>2025-09-07T06:26:00.000Z</time></trkpt>
	<trkpt lat='38.749543' lon='20.855438'><time>2025-09-07T06:28:00.000Z</time></trkpt>
	<trkpt lat='38.742358' lon='20.847108'><time>2025-09-07T06:37:00.000Z</time></trkpt>
	<trkpt lat='38.727493' lon='20.836196'><time>2025-09-07T06:47:00.000Z</time></trkpt>
	<trkpt lat='38.726443' lon='20.83451'><time>2025-09-07T06:48:00.000Z</time></trkpt>
	<trkpt lat='38.725046' lon='20.833419'><time>2025-09-07T06:49:00.000Z</time></trkpt>
	<trkpt lat='38.723461' lon='20.832543'><time>2025-09-07T06:50:00.000Z</time></trkpt>
	<trkpt lat='38.691622' lon='20.809354'><time>2025-09-07T07:12:00.000Z</time></trkpt>
	<trkpt lat='38.672763' lon='20.793177'><time>2025-09-07T07:26:00.000Z</time></trkpt>
	<trkpt lat='38.671802' lon='20.791661'><time>2025-09-07T07:27:00.000Z</time></trkpt>
	<trkpt lat='38.671013' lon='20.789426'><time>2025-09-07T07:29:00.000Z</time></trkpt>
	<trkpt lat='38.670034' lon='20.788652'><time>2025-09-07T07:31:00.000Z</time></trkpt>
	<trkpt lat='38.670233' lon='20.788577'><time>2025-09-07T07:35:00.000Z</time></trkpt>
	<trkpt lat='38.669896' lon='20.788556'><time>2025-09-09T08:05:50.000Z</time></trkpt>
	<trkpt lat='38.670319' lon='20.788506'><time>2025-09-09T08:07:00.000Z</time></trkpt>
	<trkpt lat='38.671145' lon='20.790077'><time>2025-09-09T08:09:00.000Z</time></trkpt>
	<trkpt lat='38.671743' lon='20.792285'><time>2025-09-09T08:11:00.000Z</time></trkpt>
	<trkpt lat='38.673918' lon='20.794533'><time>2025-09-09T08:14:00.000Z</time></trkpt>
	<trkpt lat='38.675722' lon='20.795099'><time>2025-09-09T08:16:00.000Z</time></trkpt>
	<trkpt lat='38.677042' lon='20.794203'><time>2025-09-09T08:17:00.000Z</time></trkpt>
	<trkpt lat='38.678133' lon='20.792325'><time>2025-09-09T08:18:00.000Z</time></trkpt>
	<trkpt lat='38.679867' lon='20.785616'><time>2025-09-09T08:21:00.000Z</time></trkpt>
	<trkpt lat='38.680728' lon='20.773644'><time>2025-09-09T08:26:00.000Z</time></trkpt>
	<trkpt lat='38.680493' lon='20.771314'><time>2025-09-09T08:27:00.000Z</time></trkpt>
	<trkpt lat='38.679798' lon='20.769199'><time>2025-09-09T08:28:00.000Z</time></trkpt>
	<trkpt lat='38.679887' lon='20.766211'><time>2025-09-09T08:30:00.000Z</time></trkpt>
	<trkpt lat='38.681232' lon='20.758688'><time>2025-09-09T08:34:00.000Z</time></trkpt>
	<trkpt lat='38.682418' lon='20.749225'><time>2025-09-09T08:39:00.000Z</time></trkpt>
	<trkpt lat='38.68326' lon='20.745502'><time>2025-09-09T08:41:00.000Z</time></trkpt>
	<trkpt lat='38.685554' lon='20.738521'><time>2025-09-09T08:45:00.000Z</time></trkpt>
	<trkpt lat='38.686492' lon='20.737102'><time>2025-09-09T08:46:00.000Z</time></trkpt>
	<trkpt lat='38.688792' lon='20.734733'><time>2025-09-09T08:48:00.000Z</time></trkpt>
	<trkpt lat='38.702142' lon='20.722352'><time>2025-09-09T08:59:00.000Z</time></trkpt>
	<trkpt lat='38.704049' lon='20.71946'><time>2025-09-09T09:01:00.000Z</time></trkpt>
	<trkpt lat='38.705612' lon='20.716145'><time>2025-09-09T09:03:00.000Z</time></trkpt>
	<trkpt lat='38.70573' lon='20.714334'><time>2025-09-09T09:04:00.000Z</time></trkpt>
	<trkpt lat='38.705007' lon='20.712881'><time>2025-09-09T09:05:00.000Z</time></trkpt>
	<trkpt lat='38.699046' lon='20.708579'><time>2025-09-09T09:12:00.000Z</time></trkpt>
	<trkpt lat='38.697759' lon='20.708278'><time>2025-09-09T09:18:00.000Z</time></trkpt>
	<trkpt lat='38.697923' lon='20.708378'><time>2025-09-09T10:02:05.000Z</time></trkpt>
	<trkpt lat='38.7001' lon='20.709356'><time>2025-09-09T10:05:00.000Z</time></trkpt>
	<trkpt lat='38.70338' lon='20.711965'><time>2025-09-09T10:08:00.000Z</time></trkpt>
	<trkpt lat='38.703116' lon='20.712458'><time>2025-09-09T10:09:00.000Z</time></trkpt>
	<trkpt lat='38.702976' lon='20.712163'><time>2025-09-09T10:11:00.000Z</time></trkpt>
	<trkpt lat='38.704022' lon='20.712137'><time>2025-09-09T10:12:00.000Z</time></trkpt>
	<trkpt lat='38.70548' lon='20.71352'><time>2025-09-09T10:13:00.000Z</time></trkpt>
	<trkpt lat='38.70784' lon='20.717069'><time>2025-09-09T10:15:00.000Z</time></trkpt>
	<trkpt lat='38.713228' lon='20.725901'><time>2025-09-09T10:20:00.000Z</time></trkpt>
	<trkpt lat='38.713825' lon='20.734432'><time>2025-09-09T10:26:00.000Z</time></trkpt>
	<trkpt lat='38.717267' lon='20.730526'><time>2025-09-09T10:30:00.000Z</time></trkpt>
	<trkpt lat='38.719735' lon='20.728397'><time>2025-09-09T10:32:00.000Z</time></trkpt>
	<trkpt lat='38.720844' lon='20.727924'><time>2025-09-09T10:33:00.000Z</time></trkpt>
	<trkpt lat='38.720984' lon='20.7297'><time>2025-09-09T10:34:00.000Z</time></trkpt>
	<trkpt lat='38.722826' lon='20.734705'><time>2025-09-09T10:37:00.000Z</time></trkpt>
	<trkpt lat='38.729491' lon='20.748446'><time>2025-09-09T10:46:00.000Z</time></trkpt>
	<trkpt lat='38.733916' lon='20.755902'><time>2025-09-09T10:51:00.000Z</time></trkpt>
	<trkpt lat='38.738893' lon='20.763059'><time>2025-09-09T10:56:00.000Z</time></trkpt>
	<trkpt lat='38.741087' lon='20.765639'><time>2025-09-09T10:58:00.000Z</time></trkpt>
	<trkpt lat='38.746756' lon='20.769562'><time>2025-09-09T11:03:00.000Z</time></trkpt>
	<trkpt lat='38.747691' lon='20.763191'><time>2025-09-09T11:07:00.000Z</time></trkpt>
	<trkpt lat='38.749135' lon='20.757679'><time>2025-09-09T11:10:00.000Z</time></trkpt>
	<trkpt lat='38.752798' lon='20.749558'><time>2025-09-09T11:15:00.000Z</time></trkpt>
	<trkpt lat='38.758952' lon='20.740954'><time>2025-09-09T11:21:00.000Z</time></trkpt>
	<trkpt lat='38.765531' lon='20.732861'><time>2025-09-09T11:27:00.000Z</time></trkpt>
	<trkpt lat='38.771293' lon='20.726656'><time>2025-09-09T11:32:00.000Z</time></trkpt>
	<trkpt lat='38.772196' lon='20.726159'><time>2025-09-09T11:33:00.000Z</time></trkpt>
	<trkpt lat='38.774457' lon='20.731079'><time>2025-09-09T11:36:00.000Z</time></trkpt>
	<trkpt lat='38.776291' lon='20.734103'><time>2025-09-09T11:38:00.000Z</time></trkpt>
	<trkpt lat='38.781349' lon='20.741249'><time>2025-09-09T11:43:00.000Z</time></trkpt>
	<trkpt lat='38.781953' lon='20.74137'><time>2025-09-09T11:44:00.000Z</time></trkpt>
	<trkpt lat='38.784805' lon='20.734711'><time>2025-09-09T11:49:00.000Z</time></trkpt>
	<trkpt lat='38.78987' lon='20.726321'><time>2025-09-09T11:56:00.000Z</time></trkpt>
	<trkpt lat='38.794207' lon='20.726334'><time>2025-09-09T11:59:00.000Z</time></trkpt>
	<trkpt lat='38.796988' lon='20.724987'><time>2025-09-09T12:01:00.000Z</time></trkpt>
	<trkpt lat='38.797541' lon='20.724641'><time>2025-09-09T12:02:00.000Z</time></trkpt>
	<trkpt lat='38.797379' lon='20.724415'><time>2025-09-09T12:03:00.000Z</time></trkpt>
	<trkpt lat='38.797338' lon='20.724622'><time>2025-09-09T12:06:00.000Z</time></trkpt>
	<trkpt lat='38.79762' lon='20.72454'><time>2025-09-11T06:22:53.000Z</time></trkpt>
	<trkpt lat='38.797987' lon='20.726929'><time>2025-09-11T06:25:00.000Z</time></trkpt>
	<trkpt lat='38.803192' lon='20.727786'><time>2025-09-11T06:29:00.000Z</time></trkpt>
	<trkpt lat='38.806198' lon='20.727973'><time>2025-09-11T06:31:00.000Z</time></trkpt>
	<trkpt lat='38.807702' lon='20.727721'><time>2025-09-11T06:32:00.000Z</time></trkpt>
	<trkpt lat='38.81057' lon='20.726464'><time>2025-09-11T06:34:00.000Z</time></trkpt>
	<trkpt lat='38.834105' lon='20.713377'><time>2025-09-11T07:00:00.000Z</time></trkpt>
	<trkpt lat='38.835911' lon='20.713085'><time>2025-09-11T07:06:00.000Z</time></trkpt>
	<trkpt lat='38.8368' lon='20.713398'><time>2025-09-11T07:10:00.000Z</time></trkpt>
	<trkpt lat='38.842535' lon='20.717219'><time>2025-09-11T07:18:00.000Z</time></trkpt>
	<trkpt lat='38.844487' lon='20.718061'><time>2025-09-11T07:19:00.000Z</time></trkpt>
	<trkpt lat='38.846065' lon='20.719472'><time>2025-09-11T07:20:00.000Z</time></trkpt>
	<trkpt lat='38.846228' lon='20.721345'><time>2025-09-11T07:21:00.000Z</time></trkpt>
	<trkpt lat='38.847023' lon='20.722896'><time>2025-09-11T07:22:00.000Z</time></trkpt>
	<trkpt lat='38.929551' lon='20.727562'><time>2025-09-11T08:06:00.000Z</time></trkpt>
	<trkpt lat='38.935477' lon='20.73668'><time>2025-09-11T08:11:00.000Z</time></trkpt>
	<trkpt lat='38.940723' lon='20.751646'><time>2025-09-11T08:19:00.000Z</time></trkpt>
	<trkpt lat='38.947823' lon='20.758772'><time>2025-09-11T08:25:00.000Z</time></trkpt>
	<trkpt lat='38.950812' lon='20.760118'><time>2025-09-11T08:27:00.000Z</time></trkpt>
	<trkpt lat='38.956875' lon='20.761938'><time>2025-09-11T08:31:00.000Z</time></trkpt>
	<trkpt lat='38.958272' lon='20.762618'><time>2025-09-11T08:32:00.000Z</time></trkpt>
	<trkpt lat='38.960454' lon='20.768267'><time>2025-09-11T08:35:00.000Z</time></trkpt>
	<trkpt lat='38.960062' lon='20.779992'><time>2025-09-11T08:42:00.000Z</time></trkpt>
	<trkpt lat='38.959125' lon='20.784493'><time>2025-09-11T08:45:00.000Z</time></trkpt>
	<trkpt lat='38.95851' lon='20.78552'><time>2025-09-11T08:46:00.000Z</time></trkpt>
	<trkpt lat='38.957722' lon='20.785891'><time>2025-09-11T08:47:00.000Z</time></trkpt>
	<trkpt lat='38.926093' lon='20.791783'><time>2025-09-11T09:45:00.000Z</time></trkpt>
	<trkpt lat='38.923729' lon='20.792485'><time>2025-09-11T09:52:00.000Z</time></trkpt>
	<trkpt lat='38.923786' lon='20.792692'><time>2025-09-12T12:07:00.000Z</time></trkpt>
	<trkpt lat='38.932266' lon='20.791938'><time>2025-09-12T12:15:00.000Z</time></trkpt>
	<trkpt lat='38.945801' lon='20.789914'><time>2025-09-12T12:24:00.000Z</time></trkpt>
	<trkpt lat='38.953421' lon='20.787713'><time>2025-09-12T12:29:00.000Z</time></trkpt>
	<trkpt lat='38.957877' lon='20.78564'><time>2025-09-12T12:32:00.000Z</time></trkpt>
	<trkpt lat='38.96253' lon='20.781923'><time>2025-09-12T12:36:00.000Z</time></trkpt>
	<trkpt lat='38.963833' lon='20.769705'><time>2025-09-12T12:43:00.000Z</time></trkpt>
	<trkpt lat='38.966084' lon='20.765111'><time>2025-09-12T12:46:00.000Z</time></trkpt>
	<trkpt lat='38.966848' lon='20.76306'><time>2025-09-12T12:48:00.000Z</time></trkpt>
	<trkpt lat='38.967132' lon='20.761167'><time>2025-09-12T12:54:00.000Z</time></trkpt>
	<trkpt lat='38.967003' lon='20.761118'><time>2025-09-14T06:34:00.000Z</time></trkpt>
	<trkpt lat='38.966696' lon='20.761054'><time>2025-09-14T06:36:00.000Z</time></trkpt>
	<trkpt lat='38.965362' lon='20.762681'><time>2025-09-14T06:38:00.000Z</time></trkpt>
	<trkpt lat='38.962476' lon='20.764122'><time>2025-09-14T06:41:00.000Z</time></trkpt>
	<trkpt lat='38.957852' lon='20.761543'><time>2025-09-14T06:44:00.000Z</time></trkpt>
	<trkpt lat='38.950737' lon='20.75865'><time>2025-09-14T06:48:00.000Z</time></trkpt>
	<trkpt lat='38.947462' lon='20.756927'><time>2025-09-14T06:50:00.000Z</time></trkpt>
	<trkpt lat='38.942973' lon='20.753009'><time>2025-09-14T06:53:00.000Z</time></trkpt>
	<trkpt lat='38.939257' lon='20.746288'><time>2025-09-14T06:57:00.000Z</time></trkpt>
	<trkpt lat='38.937947' lon='20.742344'><time>2025-09-14T06:59:00.000Z</time></trkpt>
	<trkpt lat='38.937707' lon='20.740181'><time>2025-09-14T07:00:00.000Z</time></trkpt>
	<trkpt lat='38.938291' lon='20.735918'><time>2025-09-14T07:02:00.000Z</time></trkpt>
	<trkpt lat='38.939359' lon='20.731368'><time>2025-09-14T07:04:00.000Z</time></trkpt>
	<trkpt lat='38.940974' lon='20.727104'><time>2025-09-14T07:06:00.000Z</time></trkpt>
	<trkpt lat='38.942164' lon='20.725324'><time>2025-09-14T07:07:00.000Z</time></trkpt>
	<trkpt lat='38.975505' lon='20.693136'><time>2025-09-14T07:29:00.000Z</time></trkpt>
	<trkpt lat='39.111963' lon='20.559757'><time>2025-09-14T09:04:00.000Z</time></trkpt>
	<trkpt lat='39.115602' lon='20.558334'><time>2025-09-14T09:10:00.000Z</time></trkpt>
	<trkpt lat='39.120999' lon='20.552785'><time>2025-09-14T09:19:00.000Z</time></trkpt>
	<trkpt lat='39.123846' lon='20.551271'><time>2025-09-14T09:23:00.000Z</time></trkpt>
	<trkpt lat='39.129188' lon='20.546731'><time>2025-09-14T09:29:00.000Z</time></trkpt>
	<trkpt lat='39.134512' lon='20.545771'><time>2025-09-14T09:35:00.000Z</time></trkpt>
	<trkpt lat='39.138261' lon='20.543763'><time>2025-09-14T09:39:00.000Z</time></trkpt>
	<trkpt lat='39.14017' lon='20.543214'><time>2025-09-14T09:41:00.000Z</time></trkpt>
	<trkpt lat='39.141981' lon='20.543411'><time>2025-09-14T09:43:00.000Z</time></trkpt>
	<trkpt lat='39.145466' lon='20.544421'><time>2025-09-14T09:47:00.000Z</time></trkpt>
	<trkpt lat='39.148075' lon='20.544415'><time>2025-09-14T09:51:00.000Z</time></trkpt>
	<trkpt lat='39.197861' lon='20.487903'><time>2025-09-14T10:27:00.000Z</time></trkpt>
	<trkpt lat='39.200772' lon='20.484766'><time>2025-09-14T10:29:00.000Z</time></trkpt>
	<trkpt lat='39.204085' lon='20.482541'><time>2025-09-14T10:31:00.000Z</time></trkpt>
	<trkpt lat='39.218511' lon='20.465891'><time>2025-09-14T10:42:00.000Z</time></trkpt>
	<trkpt lat='39.219445' lon='20.465013'><time>2025-09-14T10:43:00.000Z</time></trkpt>
	<trkpt lat='39.22191' lon='20.463822'><time>2025-09-14T10:47:00.000Z</time></trkpt>
	<trkpt lat='39.224692' lon='20.461151'><time>2025-09-14T10:51:00.000Z</time></trkpt>
	<trkpt lat='39.227308' lon='20.457778'><time>2025-09-14T10:55:00.000Z</time></trkpt>
	<trkpt lat='39.233984' lon='20.450662'><time>2025-09-14T11:03:00.000Z</time></trkpt>
	<trkpt lat='39.238543' lon='20.446949'><time>2025-09-14T11:08:00.000Z</time></trkpt>
	<trkpt lat='39.244442' lon='20.443233'><time>2025-09-14T11:14:00.000Z</time></trkpt>
	<trkpt lat='39.247312' lon='20.440938'><time>2025-09-14T11:17:00.000Z</time></trkpt>
	<trkpt lat='39.259754' lon='20.429555'><time>2025-09-14T11:31:00.000Z</time></trkpt>
	<trkpt lat='39.262597' lon='20.426118'><time>2025-09-14T11:35:00.000Z</time></trkpt>
	<trkpt lat='39.267916' lon='20.418462'><time>2025-09-14T11:46:00.000Z</time></trkpt>
	<trkpt lat='39.278254' lon='20.396903'><time>2025-09-14T12:00:00.000Z</time></trkpt>
	<trkpt lat='39.27923' lon='20.395197'><time>2025-09-14T12:01:00.000Z</time></trkpt>
	<trkpt lat='39.281435' lon='20.392702'><time>2025-09-14T12:03:00.000Z</time></trkpt>
	<trkpt lat='39.282046' lon='20.391342'><time>2025-09-14T12:04:00.000Z</time></trkpt>
	<trkpt lat='39.282599' lon='20.391015'><time>2025-09-14T12:05:00.000Z</time></trkpt>
	<trkpt lat='39.283459' lon='20.393396'><time>2025-09-14T12:07:00.000Z</time></trkpt>
	<trkpt lat='39.283117' lon='20.393919'><time>2025-09-14T12:08:00.000Z</time></trkpt>
	<trkpt lat='39.283005' lon='20.39354'><time>2025-09-14T12:12:00.000Z</time></trkpt>
	<trkpt lat='39.282886' lon='20.393523'><time>2025-09-16T08:08:34.000Z</time></trkpt>
	<trkpt lat='39.280215' lon='20.394077'><time>2025-09-16T08:12:00.000Z</time></trkpt>
	<trkpt lat='39.279406' lon='20.393766'><time>2025-09-16T08:13:00.000Z</time></trkpt>
	<trkpt lat='39.277012' lon='20.392094'><time>2025-09-16T08:15:00.000Z</time></trkpt>
	<trkpt lat='39.275991' lon='20.390373'><time>2025-09-16T08:16:00.000Z</time></trkpt>
	<trkpt lat='39.274808' lon='20.38149'><time>2025-09-16T08:20:00.000Z</time></trkpt>
	<trkpt lat='39.2736' lon='20.377307'><time>2025-09-16T08:22:00.000Z</time></trkpt>
	<trkpt lat='39.259305' lon='20.269077'><time>2025-09-16T09:10:00.000Z</time></trkpt>
	<trkpt lat='39.248125' lon='20.187566'><time>2025-09-16T10:01:00.000Z</time></trkpt>
	<trkpt lat='39.248374' lon='20.188472'><time>2025-09-16T10:02:00.000Z</time></trkpt>
	<trkpt lat='39.247334' lon='20.179645'><time>2025-09-16T10:06:00.000Z</time></trkpt>
	<trkpt lat='39.247713' lon='20.175186'><time>2025-09-16T10:08:00.000Z</time></trkpt>
	<trkpt lat='39.247483' lon='20.172921'><time>2025-09-16T10:09:00.000Z</time></trkpt>
	<trkpt lat='39.241247' lon='20.136063'><time>2025-09-16T10:25:00.000Z</time></trkpt>
	<trkpt lat='39.24027' lon='20.13465'><time>2025-09-16T10:26:00.000Z</time></trkpt>
	<trkpt lat='39.238472' lon='20.133489'><time>2025-09-16T10:28:00.000Z</time></trkpt>
	<trkpt lat='39.238511' lon='20.133199'><time>2025-09-16T10:30:00.000Z</time></trkpt>
	<trkpt lat='39.238319' lon='20.133485'><time>2025-09-16T10:34:00.000Z</time></trkpt>
	<trkpt lat='39.237181' lon='20.133231'><time>2025-09-18T09:51:56.000Z</time></trkpt>
	<trkpt lat='39.240114' lon='20.134398'><time>2025-09-18T09:55:00.000Z</time></trkpt>
	<trkpt lat='39.241799' lon='20.133819'><time>2025-09-18T09:56:00.000Z</time></trkpt>
	<trkpt lat='39.243589' lon='20.129845'><time>2025-09-18T09:58:00.000Z</time></trkpt>
	<trkpt lat='39.244628' lon='20.125407'><time>2025-09-18T10:00:00.000Z</time></trkpt>
	<trkpt lat='39.244692' lon='20.12097'><time>2025-09-18T10:02:00.000Z</time></trkpt>
	<trkpt lat='39.24417' lon='20.114537'><time>2025-09-18T10:05:00.000Z</time></trkpt>
	<trkpt lat='39.245813' lon='20.096566'><time>2025-09-18T10:13:00.000Z</time></trkpt>
	<trkpt lat='39.247063' lon='20.087885'><time>2025-09-18T10:17:00.000Z</time></trkpt>
	<trkpt lat='39.250767' lon='20.048195'><time>2025-09-18T10:35:00.000Z</time></trkpt>
	<trkpt lat='39.252379' lon='20.017914'><time>2025-09-18T10:49:00.000Z</time></trkpt>
	<trkpt lat='39.252202' lon='20.011389'><time>2025-09-18T10:52:00.000Z</time></trkpt>
	<trkpt lat='39.252543' lon='19.994261'><time>2025-09-18T11:00:00.000Z</time></trkpt>
	<trkpt lat='39.251413' lon='19.987869'><time>2025-09-18T11:03:00.000Z</time></trkpt>
	<trkpt lat='39.250993' lon='19.976931'><time>2025-09-18T11:08:00.000Z</time></trkpt>
	<trkpt lat='39.251534' lon='19.970376'><time>2025-09-18T11:11:00.000Z</time></trkpt>
	<trkpt lat='39.252571' lon='19.937195'><time>2025-09-18T11:26:00.000Z</time></trkpt>
	<trkpt lat='39.253014' lon='19.862699'><time>2025-09-18T11:59:00.000Z</time></trkpt>
	<trkpt lat='39.252875' lon='19.851493'><time>2025-09-18T12:04:00.000Z</time></trkpt>
	<trkpt lat='39.252201' lon='19.848642'><time>2025-09-18T12:06:00.000Z</time></trkpt>
	<trkpt lat='39.2508' lon='19.810844'><time>2025-09-18T12:24:00.000Z</time></trkpt>
	<trkpt lat='39.238304' lon='19.708685'><time>2025-09-18T13:13:00.000Z</time></trkpt>
	<trkpt lat='39.237994' lon='19.706565'><time>2025-09-18T13:14:00.000Z</time></trkpt>
	<trkpt lat='39.236278' lon='19.704032'><time>2025-09-18T13:17:00.000Z</time></trkpt>
	<trkpt lat='39.235277' lon='19.699154'><time>2025-09-18T13:20:00.000Z</time></trkpt>
	<trkpt lat='39.228853' lon='19.650695'><time>2025-09-18T13:42:00.000Z</time></trkpt>
	<trkpt lat='39.223115' lon='19.602647'><time>2025-09-18T14:05:00.000Z</time></trkpt>
	<trkpt lat='39.222141' lon='19.588051'><time>2025-09-18T14:12:00.000Z</time></trkpt>
	<trkpt lat='39.222086' lon='19.578868'><time>2025-09-18T14:16:00.000Z</time></trkpt>
	<trkpt lat='39.220266' lon='19.558693'><time>2025-09-18T14:25:00.000Z</time></trkpt>
	<trkpt lat='39.202731' lon='19.417093'><time>2025-09-18T15:27:00.000Z</time></trkpt>
	<trkpt lat='39.202055' lon='19.412451'><time>2025-09-18T15:29:00.000Z</time></trkpt>
	<trkpt lat='39.199018' lon='19.411179'><time>2025-09-18T15:31:00.000Z</time></trkpt>
	<trkpt lat='39.198509' lon='19.408986'><time>2025-09-18T15:32:00.000Z</time></trkpt>
	<trkpt lat='39.183608' lon='19.284913'><time>2025-09-18T16:23:00.000Z</time></trkpt>
	<trkpt lat='39.182057' lon='19.275433'><time>2025-09-18T16:27:00.000Z</time></trkpt>
	<trkpt lat='39.176356' lon='19.227266'><time>2025-09-18T16:47:00.000Z</time></trkpt>
	<trkpt lat='39.173988' lon='19.210655'><time>2025-09-18T16:54:00.000Z</time></trkpt>
	<trkpt lat='39.171648' lon='19.188852'><time>2025-09-18T17:03:00.000Z</time></trkpt>
	<trkpt lat='39.16947' lon='19.174109'><time>2025-09-18T17:09:00.000Z</time></trkpt>
	<trkpt lat='39.168199' lon='19.161895'><time>2025-09-18T17:14:00.000Z</time></trkpt>
	<trkpt lat='39.167448' lon='19.156915'><time>2025-09-18T17:16:00.000Z</time></trkpt>
	<trkpt lat='39.164964' lon='19.154325'><time>2025-09-18T17:18:00.000Z</time></trkpt>
	<trkpt lat='39.165198' lon='19.152736'><time>2025-09-18T17:19:00.000Z</time></trkpt>
	<trkpt lat='39.164907' lon='19.148436'><time>2025-09-18T17:21:00.000Z</time></trkpt>
	<trkpt lat='39.15372' lon='19.059093'><time>2025-09-18T18:01:00.000Z</time></trkpt>
	<trkpt lat='39.153241' lon='19.052408'><time>2025-09-18T18:04:00.000Z</time></trkpt>
	<trkpt lat='39.152684' lon='19.050313'><time>2025-09-18T18:05:00.000Z</time></trkpt>
	<trkpt lat='39.149548' lon='19.026834'><time>2025-09-18T18:16:00.000Z</time></trkpt>
	<trkpt lat='39.14825' lon='19.014679'><time>2025-09-18T18:22:00.000Z</time></trkpt>
	<trkpt lat='39.132258' lon='18.891026'><time>2025-09-18T19:22:00.000Z</time></trkpt>
	<trkpt lat='39.124726' lon='18.829651'><time>2025-09-18T19:53:00.000Z</time></trkpt>
	<trkpt lat='39.123991' lon='18.82586'><time>2025-09-18T19:55:00.000Z</time></trkpt>
	<trkpt lat='39.116583' lon='18.766121'><time>2025-09-18T20:26:00.000Z</time></trkpt>
	<trkpt lat='39.113926' lon='18.747141'><time>2025-09-18T20:37:00.000Z</time></trkpt>
	<trkpt lat='39.110822' lon='18.720459'><time>2025-09-18T20:52:00.000Z</time></trkpt>
	<trkpt lat='39.10938' lon='18.711652'><time>2025-09-18T20:57:00.000Z</time></trkpt>
	<trkpt lat='39.082289' lon='18.501501'><time>2025-09-18T23:06:00.000Z</time></trkpt>
	<trkpt lat='39.067905' lon='18.394133'><time>2025-09-19T00:18:00.000Z</time></trkpt>
	<trkpt lat='39.05822' lon='18.318311'><time>2025-09-19T01:04:00.000Z</time></trkpt>
	<trkpt lat='39.049894' lon='18.256586'><time>2025-09-19T01:42:00.000Z</time></trkpt>
	<trkpt lat='39.049456' lon='18.251447'><time>2025-09-19T01:45:00.000Z</time></trkpt>
	<trkpt lat='39.049008' lon='18.249876'><time>2025-09-19T01:46:00.000Z</time></trkpt>
	<trkpt lat='39.04557' lon='18.222479'><time>2025-09-19T02:02:00.000Z</time></trkpt>
	<trkpt lat='39.039854' lon='18.181825'><time>2025-09-19T02:26:00.000Z</time></trkpt>
	<trkpt lat='39.030538' lon='18.110255'><time>2025-09-19T03:08:00.000Z</time></trkpt>
	<trkpt lat='39.02754' lon='18.089503'><time>2025-09-19T03:21:00.000Z</time></trkpt>
	<trkpt lat='39.026946' lon='18.083121'><time>2025-09-19T03:25:00.000Z</time></trkpt>
	<trkpt lat='39.024647' lon='18.068098'><time>2025-09-19T03:34:00.000Z</time></trkpt>
	<trkpt lat='39.022548' lon='18.050588'><time>2025-09-19T03:44:00.000Z</time></trkpt>
	<trkpt lat='39.017588' lon='18.016045'><time>2025-09-19T04:04:00.000Z</time></trkpt>
	<trkpt lat='39.000554' lon='17.887767'><time>2025-09-19T05:07:00.000Z</time></trkpt>
	<trkpt lat='38.998183' lon='17.872117'><time>2025-09-19T05:14:00.000Z</time></trkpt>
	<trkpt lat='38.994501' lon='17.843053'><time>2025-09-19T05:27:00.000Z</time></trkpt>
	<trkpt lat='38.993088' lon='17.834565'><time>2025-09-19T05:31:00.000Z</time></trkpt>
	<trkpt lat='38.991833' lon='17.823278'><time>2025-09-19T05:36:00.000Z</time></trkpt>
	<trkpt lat='38.98794' lon='17.796911'><time>2025-09-19T05:48:00.000Z</time></trkpt>
	<trkpt lat='38.983115' lon='17.759776'><time>2025-09-19T06:05:00.000Z</time></trkpt>
	<trkpt lat='38.977141' lon='17.718453'><time>2025-09-19T06:24:00.000Z</time></trkpt>
	<trkpt lat='38.965011' lon='17.62894'><time>2025-09-19T07:06:00.000Z</time></trkpt>
	<trkpt lat='38.962407' lon='17.611579'><time>2025-09-19T07:14:00.000Z</time></trkpt>
	<trkpt lat='38.961993' lon='17.60701'><time>2025-09-19T07:16:00.000Z</time></trkpt>
	<trkpt lat='38.960869' lon='17.600483'><time>2025-09-19T07:19:00.000Z</time></trkpt>
	<trkpt lat='38.960807' lon='17.598249'><time>2025-09-19T07:20:00.000Z</time></trkpt>
	<trkpt lat='38.952455' lon='17.539907'><time>2025-09-19T07:46:00.000Z</time></trkpt>
	<trkpt lat='38.952047' lon='17.535261'><time>2025-09-19T07:48:00.000Z</time></trkpt>
	<trkpt lat='38.948531' lon='17.512311'><time>2025-09-19T07:58:00.000Z</time></trkpt>
	<trkpt lat='38.945165' lon='17.485237'><time>2025-09-19T08:10:00.000Z</time></trkpt>
	<trkpt lat='38.943936' lon='17.478465'><time>2025-09-19T08:13:00.000Z</time></trkpt>
	<trkpt lat='38.939997' lon='17.448918'><time>2025-09-19T08:26:00.000Z</time></trkpt>
	<trkpt lat='38.93711' lon='17.430768'><time>2025-09-19T08:34:00.000Z</time></trkpt>
	<trkpt lat='38.935772' lon='17.419025'><time>2025-09-19T08:39:00.000Z</time></trkpt>
	<trkpt lat='38.931944' lon='17.393249'><time>2025-09-19T08:50:00.000Z</time></trkpt>
	<trkpt lat='38.930489' lon='17.381338'><time>2025-09-19T08:55:00.000Z</time></trkpt>
	<trkpt lat='38.924985' lon='17.358102'><time>2025-09-19T09:05:00.000Z</time></trkpt>
	<trkpt lat='38.924037' lon='17.348412'><time>2025-09-19T09:09:00.000Z</time></trkpt>
	<trkpt lat='38.921789' lon='17.333723'><time>2025-09-19T09:15:00.000Z</time></trkpt>
	<trkpt lat='38.899102' lon='17.165284'><time>2025-09-19T10:20:00.000Z</time></trkpt>
	<trkpt lat='38.889897' lon='17.09984'><time>2025-09-19T10:47:00.000Z</time></trkpt>
	<trkpt lat='38.8894' lon='17.093482'><time>2025-09-19T10:50:00.000Z</time></trkpt>
	<trkpt lat='38.890447' lon='17.089807'><time>2025-09-19T10:52:00.000Z</time></trkpt>
	<trkpt lat='38.892621' lon='17.087004'><time>2025-09-19T10:55:00.000Z</time></trkpt>
	<trkpt lat='38.89402' lon='17.086552'><time>2025-09-19T10:56:00.000Z</time></trkpt>
	<trkpt lat='38.895702' lon='17.086479'><time>2025-09-19T10:57:00.000Z</time></trkpt>
	<trkpt lat='38.905862' lon='17.086709'><time>2025-09-19T11:04:00.000Z</time></trkpt>
	<trkpt lat='38.907292' lon='17.087202'><time>2025-09-19T11:06:00.000Z</time></trkpt>
	<trkpt lat='38.906927' lon='17.087013'><time>2025-09-19T11:10:00.000Z</time></trkpt>
	<trkpt lat='38.907088' lon='17.0873'><time>2025-09-20T05:21:00.000Z</time></trkpt>
	<trkpt lat='38.805011' lon='16.981307'><time>2025-09-20T06:34:00.000Z</time></trkpt>
	<trkpt lat='38.669288' lon='16.841523'><time>2025-09-20T08:04:00.000Z</time></trkpt>
	<trkpt lat='38.515489' lon='16.683891'><time>2025-09-20T09:48:00.000Z</time></trkpt>
	<trkpt lat='38.406766' lon='16.573161'><time>2025-09-20T10:58:00.000Z</time></trkpt>
	<trkpt lat='38.354108' lon='16.502106'><time>2025-09-20T11:40:00.000Z</time></trkpt>
	<trkpt lat='38.332868' lon='16.46252'><time>2025-09-20T12:00:00.000Z</time></trkpt>
	<trkpt lat='38.329979' lon='16.456646'><time>2025-09-20T12:03:00.000Z</time></trkpt>
	<trkpt lat='38.322906' lon='16.431378'><time>2025-09-20T12:15:00.000Z</time></trkpt>
	<trkpt lat='38.322674' lon='16.429216'><time>2025-09-20T12:16:00.000Z</time></trkpt>
	<trkpt lat='38.32363' lon='16.427491'><time>2025-09-20T12:17:00.000Z</time></trkpt>
	<trkpt lat='38.325301' lon='16.428438'><time>2025-09-20T12:18:00.000Z</time></trkpt>
	<trkpt lat='38.325662' lon='16.430574'><time>2025-09-20T12:19:00.000Z</time></trkpt>
	<trkpt lat='38.326336' lon='16.432167'><time>2025-09-20T12:20:00.000Z</time></trkpt>
	<trkpt lat='38.327721' lon='16.434169'><time>2025-09-20T12:23:00.000Z</time></trkpt>
	<trkpt lat='38.327468' lon='16.433809'><time>2025-09-20T12:25:00.000Z</time></trkpt>
	<trkpt lat='38.327723' lon='16.433657'><time>2025-09-20T12:28:00.000Z</time></trkpt>
	<trkpt lat='38.328788400000015' lon='16.436177200000003'><time>2025-09-29T11:25:32.484Z</time></trkpt>
	<trkpt lat='38.3284533' lon='16.436285'><time>2026-05-21T08:15:28.547Z</time></trkpt>
	<trkpt lat='38.3281167' lon='16.4360517'><time>2026-05-21T08:17:27.582Z</time></trkpt>
	<trkpt lat='38.3285533' lon='16.4356783'><time>2026-05-21T08:19:21.576Z</time></trkpt>
	<trkpt lat='38.3281' lon='16.4356717'><time>2026-05-21T08:23:22.091Z</time></trkpt>
	<trkpt lat='38.3272417' lon='16.4334067'><time>2026-05-21T08:25:45.638Z</time></trkpt>
	<trkpt lat='38.3257783' lon='16.4313683'><time>2026-05-21T08:28:15.889Z</time></trkpt>
	<trkpt lat='38.3248' lon='16.4281567'><time>2026-05-21T08:31:32.854Z</time></trkpt>
	<trkpt lat='38.3235717' lon='16.4261933'><time>2026-05-21T08:34:06.043Z</time></trkpt>
	<trkpt lat='38.3189083' lon='16.4226583'><time>2026-05-21T08:38:51.659Z</time></trkpt>
	<trkpt lat='38.3147433' lon='16.4186283'><time>2026-05-21T08:42:59.014Z</time></trkpt>
	<trkpt lat='38.29685' lon='16.4033733'><time>2026-05-21T08:59:05.509Z</time></trkpt>
	<trkpt lat='38.288765' lon='16.3956417'><time>2026-05-21T09:06:32.901Z</time></trkpt>
	<trkpt lat='38.2631867' lon='16.375004999999998'><time>2026-05-21T09:21:44.572Z</time></trkpt>
	<trkpt lat='38.244473299999996' lon='16.360395'><time>2026-05-21T09:32:42.748Z</time></trkpt>
	<trkpt lat='38.235385' lon='16.3528067'><time>2026-05-21T09:38:11.307Z</time></trkpt>
	<trkpt lat='38.1901117' lon='16.3178383'><time>2026-05-21T10:06:12.873Z</time></trkpt>
	<trkpt lat='38.1650083' lon='16.29931'><time>2026-05-21T10:23:41.761Z</time></trkpt>
	<trkpt lat='38.14875' lon='16.2867217'><time>2026-05-21T10:34:28.854Z</time></trkpt>
	<trkpt lat='38.0618117' lon='16.2179883'><time>2026-05-21T11:34:58.767Z</time></trkpt>
	<trkpt lat='38.0474867' lon='16.2080067'><time>2026-05-21T11:44:25.058Z</time></trkpt>
	<trkpt lat='38.0371567' lon='16.1998367'><time>2026-05-21T11:51:46.962Z</time></trkpt>
	<trkpt lat='38.0245933' lon='16.185895'><time>2026-05-21T12:02:28.478Z</time></trkpt>
	<trkpt lat='37.9610733' lon='16.120775'><time>2026-05-21T13:02:03.327Z</time></trkpt>
	<trkpt lat='37.9234133' lon='16.0736133'><time>2026-05-21T13:36:53.483Z</time></trkpt>
	<trkpt lat='37.916145' lon='16.041835'><time>2026-05-21T13:52:50.558Z</time></trkpt>
	<trkpt lat='37.91401' lon='16.0196867'><time>2026-05-21T14:03:15.156Z</time></trkpt>
	<trkpt lat='37.913405' lon='16.003385'><time>2026-05-21T14:10:46.234Z</time></trkpt>
	<trkpt lat='37.91235' lon='15.996645'><time>2026-05-21T14:13:55.699Z</time></trkpt>
	<trkpt lat='37.9149133' lon='15.95839'><time>2026-05-21T14:31:08.463Z</time></trkpt>
	<trkpt lat='37.9200617' lon='15.9377717'><time>2026-05-21T14:40:34.646Z</time></trkpt>
	<trkpt lat='37.921905' lon='15.9343767'><time>2026-05-21T14:42:32.385Z</time></trkpt>
	<trkpt lat='37.92677' lon='15.93'><time>2026-05-21T14:46:28.161Z</time></trkpt>
	<trkpt lat='37.9270667' lon='15.9300117'><time>2026-05-21T14:50:33.138Z</time></trkpt>
	<trkpt lat='37.9269548' lon='15.9298062'><time>2026-05-21T15:37:25.109Z</time></trkpt>
	<trkpt lat='37.9267267' lon='15.9300483'><time>2026-05-22T08:44:28.909Z</time></trkpt>
	<trkpt lat='37.9261483' lon='15.92972'><time>2026-05-22T08:46:19.910Z</time></trkpt>
	<trkpt lat='37.9249267' lon='15.92489'><time>2026-05-22T08:49:17.910Z</time></trkpt>
	<trkpt lat='37.9210033' lon='15.9056717'><time>2026-05-22T09:00:06.910Z</time></trkpt>
	<trkpt lat='37.9193417' lon='15.8991683'><time>2026-05-22T09:03:53.911Z</time></trkpt>
	<trkpt lat='37.9169617' lon='15.8752583'><time>2026-05-22T09:18:37.912Z</time></trkpt>
	<trkpt lat='37.9148317' lon='15.863245'><time>2026-05-22T09:26:01.914Z</time></trkpt>
	<trkpt lat='37.9138933' lon='15.8552117'><time>2026-05-22T09:30:35.913Z</time></trkpt>
	<trkpt lat='37.913825' lon='15.8517367'><time>2026-05-22T09:32:26.912Z</time></trkpt>
	<trkpt lat='37.9074617' lon='15.85177'><time>2026-05-22T09:38:51.913Z</time></trkpt>
	<trkpt lat='37.9000133' lon='15.8494783'><time>2026-05-22T09:48:29.917Z</time></trkpt>
	<trkpt lat='37.8890267' lon='15.8478317'><time>2026-05-22T09:57:31.914Z</time></trkpt>
	<trkpt lat='37.8902417' lon='15.8435883'><time>2026-05-22T10:00:04.914Z</time></trkpt>
	<trkpt lat='37.8914283' lon='15.836235'><time>2026-05-22T10:04:34.914Z</time></trkpt>
	<trkpt lat='37.8946533' lon='15.82921'><time>2026-05-22T10:09:34.914Z</time></trkpt>
	<trkpt lat='37.8960767' lon='15.82341'><time>2026-05-22T10:13:22.915Z</time></trkpt>
	<trkpt lat='37.8981383' lon='15.8177883'><time>2026-05-22T10:18:27.915Z</time></trkpt>
	<trkpt lat='37.8973717' lon='15.8176117'><time>2026-05-22T10:19:37.916Z</time></trkpt>
	<trkpt lat='37.8957183' lon='15.8165117'><time>2026-05-22T10:21:16.915Z</time></trkpt>
	<trkpt lat='37.8920833' lon='15.8134283'><time>2026-05-22T10:25:29.915Z</time></trkpt>
	<trkpt lat='37.8834767' lon='15.8017283'><time>2026-05-22T10:36:02.916Z</time></trkpt>
	<trkpt lat='37.8814133' lon='15.799545'><time>2026-05-22T10:38:13.916Z</time></trkpt>
	<trkpt lat='37.8792' lon='15.796495'><time>2026-05-22T10:40:47.916Z</time></trkpt>
	<trkpt lat='37.8771517' lon='15.7946967'><time>2026-05-22T10:42:39.916Z</time></trkpt>
	<trkpt lat='37.8736633' lon='15.7898817'><time>2026-05-22T10:46:31.918Z</time></trkpt>
	<trkpt lat='37.8694617' lon='15.7864233'><time>2026-05-22T10:49:17.916Z</time></trkpt>
	<trkpt lat='37.8659417' lon='15.7808617'><time>2026-05-22T10:52:49.917Z</time></trkpt>
	<trkpt lat='37.8659283' lon='15.7806317'><time>2026-05-22T10:52:59.917Z</time></trkpt>
	<trkpt lat='37.868765' lon='15.7803167'><time>2026-05-22T10:55:30.919Z</time></trkpt>
	<trkpt lat='37.871155' lon='15.7796517'><time>2026-05-22T10:57:37.917Z</time></trkpt>
	<trkpt lat='37.8763733' lon='15.7793267'><time>2026-05-22T11:01:30.917Z</time></trkpt>
	<trkpt lat='37.8829617' lon='15.7767367'><time>2026-05-22T11:07:10.917Z</time></trkpt>
	<trkpt lat='37.8863067' lon='15.7758233'><time>2026-05-22T11:09:48.918Z</time></trkpt>
	<trkpt lat='37.8909767' lon='15.773505'><time>2026-05-22T11:13:13.918Z</time></trkpt>
	<trkpt lat='37.897875' lon='15.7710833'><time>2026-05-22T11:18:16.918Z</time></trkpt>
	<trkpt lat='37.9000767' lon='15.7703783'><time>2026-05-22T11:20:02.918Z</time></trkpt>
	<trkpt lat='37.9053267' lon='15.76942'><time>2026-05-22T11:24:56.918Z</time></trkpt>
	<trkpt lat='37.9056667' lon='15.76928'><time>2026-05-22T11:25:54.918Z</time></trkpt>
	<trkpt lat='37.9055533' lon='15.7683483'><time>2026-05-22T11:26:56.918Z</time></trkpt>
	<trkpt lat='37.912405' lon='15.767785'><time>2026-05-22T11:32:01.919Z</time></trkpt>
	<trkpt lat='37.91518' lon='15.7681983'><time>2026-05-22T11:35:34.920Z</time></trkpt>
	<trkpt lat='37.9154433' lon='15.7685717'><time>2026-05-22T11:36:53.919Z</time></trkpt>
	<trkpt lat='37.9151633' lon='15.7681267'><time>2026-05-22T11:37:50.920Z</time></trkpt>
	<trkpt lat='37.9158717' lon='15.7680583'><time>2026-05-22T11:39:01.919Z</time></trkpt>
	<trkpt lat='37.9157617' lon='15.7682433'><time>2026-05-22T11:39:48.919Z</time></trkpt>
	<trkpt lat='37.915395' lon='15.7682'><time>2026-05-22T11:40:44.919Z</time></trkpt>
	<trkpt lat='37.9156067' lon='15.767875'><time>2026-05-22T11:44:33.920Z</time></trkpt>
	<trkpt lat='37.9152667' lon='15.76793'><time>2026-05-23T07:35:16.023Z</time></trkpt>
	<trkpt lat='37.91521' lon='15.7683267'><time>2026-05-23T07:36:37.023Z</time></trkpt>
	<trkpt lat='37.91485' lon='15.7656267'><time>2026-05-23T07:39:28.023Z</time></trkpt>
	<trkpt lat='37.9144' lon='15.7539733'><time>2026-05-23T07:44:37.024Z</time></trkpt>
	<trkpt lat='37.9166117' lon='15.74581'><time>2026-05-23T07:48:57.024Z</time></trkpt>
	<trkpt lat='37.917485' lon='15.7408133'><time>2026-05-23T07:51:45.024Z</time></trkpt>
	<trkpt lat='37.9165617' lon='15.7361883'><time>2026-05-23T07:56:11.025Z</time></trkpt>
	<trkpt lat='37.915035' lon='15.72443'><time>2026-05-23T08:03:09.025Z</time></trkpt>
	<trkpt lat='37.9133783' lon='15.7172433'><time>2026-05-23T08:08:30.029Z</time></trkpt>
	<trkpt lat='37.912905' lon='15.71374'><time>2026-05-23T08:11:01.026Z</time></trkpt>
	<trkpt lat='37.913065' lon='15.6994367'><time>2026-05-23T08:19:59.026Z</time></trkpt>
	<trkpt lat='37.9145583' lon='15.6763317'><time>2026-05-23T08:33:53.027Z</time></trkpt>
	<trkpt lat='37.9167367' lon='15.6571633'><time>2026-05-23T08:44:53.028Z</time></trkpt>
	<trkpt lat='37.9201983' lon='15.6401167'><time>2026-05-23T08:54:43.028Z</time></trkpt>
	<trkpt lat='37.92168' lon='15.62985'><time>2026-05-23T09:01:00.029Z</time></trkpt>
	<trkpt lat='37.9259733' lon='15.6116183'><time>2026-05-23T09:14:09.030Z</time></trkpt>
	<trkpt lat='37.9283567' lon='15.60356'><time>2026-05-23T09:20:35.030Z</time></trkpt>
	<trkpt lat='37.9301567' lon='15.5987917'><time>2026-05-23T09:24:42.030Z</time></trkpt>
	<trkpt lat='37.9319667' lon='15.5951533'><time>2026-05-23T09:28:13.031Z</time></trkpt>
	<trkpt lat='37.9339583' lon='15.592015'><time>2026-05-23T09:31:29.031Z</time></trkpt>
	<trkpt lat='37.9442417' lon='15.5774833'><time>2026-05-23T09:48:15.032Z</time></trkpt>
	<trkpt lat='37.950205' lon='15.57033'><time>2026-05-23T09:56:55.033Z</time></trkpt>
	<trkpt lat='37.9550983' lon='15.5633467'><time>2026-05-23T10:04:06.033Z</time></trkpt>
	<trkpt lat='37.9650967' lon='15.5528867'><time>2026-05-23T10:15:26.034Z</time></trkpt>
	<trkpt lat='37.9855533' lon='15.5350167'><time>2026-05-23T10:35:40.035Z</time></trkpt>
	<trkpt lat='37.996305' lon='15.5247433'><time>2026-05-23T10:46:28.036Z</time></trkpt>
	<trkpt lat='38.0058317' lon='15.5161583'><time>2026-05-23T10:55:48.425Z</time></trkpt>
	<trkpt lat='38.0104733' lon='15.5131017'><time>2026-05-23T10:59:58.040Z</time></trkpt>
	<trkpt lat='38.021795' lon='15.50697'><time>2026-05-23T11:09:15.037Z</time></trkpt>
	<trkpt lat='38.0249033' lon='15.5041483'><time>2026-05-23T11:12:21.038Z</time></trkpt>
	<trkpt lat='38.0237667' lon='15.5125067'><time>2026-05-23T11:20:19.038Z</time></trkpt>
	<trkpt lat='38.023755' lon='15.5188317'><time>2026-05-23T11:23:59.038Z</time></trkpt>
	<trkpt lat='38.0246317' lon='15.5258083'><time>2026-05-23T11:28:06.042Z</time></trkpt>
	<trkpt lat='38.0228983' lon='15.5467783'><time>2026-05-23T11:41:05.040Z</time></trkpt>
	<trkpt lat='38.02235' lon='15.5598433'><time>2026-05-23T11:48:56.040Z</time></trkpt>
	<trkpt lat='38.0231983' lon='15.5799867'><time>2026-05-23T12:01:13.047Z</time></trkpt>
	<trkpt lat='38.025465' lon='15.6005'><time>2026-05-23T12:14:01.042Z</time></trkpt>
	<trkpt lat='38.0286367' lon='15.61602'><time>2026-05-23T12:23:44.042Z</time></trkpt>
	<trkpt lat='38.0301233' lon='15.62073'><time>2026-05-23T12:26:32.042Z</time></trkpt>
	<trkpt lat='38.0378217' lon='15.63788'><time>2026-05-23T12:37:26.050Z</time></trkpt>
	<trkpt lat='38.0523917' lon='15.6179633'><time>2026-05-23T12:53:37.045Z</time></trkpt>
	<trkpt lat='38.0652167' lon='15.60274'><time>2026-05-23T13:06:03.046Z</time></trkpt>
	<trkpt lat='38.0696283' lon='15.5970617'><time>2026-05-23T13:11:46.052Z</time></trkpt>
	<trkpt lat='38.0743217' lon='15.5925033'><time>2026-05-23T13:17:01.046Z</time></trkpt>
	<trkpt lat='38.0803967' lon='15.5878867'><time>2026-05-23T13:23:10.052Z</time></trkpt>
	<trkpt lat='38.0864133' lon='15.5838783'><time>2026-05-23T13:28:36.047Z</time></trkpt>
	<trkpt lat='38.09056' lon='15.5815233'><time>2026-05-23T13:32:12.047Z</time></trkpt>
	<trkpt lat='38.1045283' lon='15.5753783'><time>2026-05-23T13:43:40.048Z</time></trkpt>
	<trkpt lat='38.1043067' lon='15.58426'><time>2026-05-23T13:48:24.055Z</time></trkpt>
	<trkpt lat='38.104515' lon='15.588565'><time>2026-05-23T13:51:00.048Z</time></trkpt>
	<trkpt lat='38.1059133' lon='15.5873633'><time>2026-05-23T13:52:51.054Z</time></trkpt>
	<trkpt lat='38.1262083' lon='15.5748433'><time>2026-05-23T14:10:19.049Z</time></trkpt>
	<trkpt lat='38.1276867' lon='15.5926883'><time>2026-05-23T14:22:16.050Z</time></trkpt>
	<trkpt lat='38.1307233' lon='15.61111'><time>2026-05-23T14:34:51.054Z</time></trkpt>
	<trkpt lat='38.13136' lon='15.618585'><time>2026-05-23T14:39:40.051Z</time></trkpt>
	<trkpt lat='38.1339617' lon='15.631585'><time>2026-05-23T14:48:05.052Z</time></trkpt>
	<trkpt lat='38.1357333' lon='15.6369967'><time>2026-05-23T14:51:53.052Z</time></trkpt>
	<trkpt lat='38.135935' lon='15.6373817'><time>2026-05-23T14:52:10.052Z</time></trkpt>
	<trkpt lat='38.1363583' lon='15.6367067'><time>2026-05-23T14:53:53.052Z</time></trkpt>
	<trkpt lat='38.13671' lon='15.6367683'><time>2026-05-23T14:54:25.053Z</time></trkpt>
	<trkpt lat='38.1385217' lon='15.637695'><time>2026-05-23T14:55:59.053Z</time></trkpt>
	<trkpt lat='38.1478133' lon='15.6436'><time>2026-05-23T15:03:36.053Z</time></trkpt>
	<trkpt lat='38.153775' lon='15.6465517'><time>2026-05-23T15:09:07.053Z</time></trkpt>
	<trkpt lat='38.1577133' lon='15.65055'><time>2026-05-23T15:14:12.060Z</time></trkpt>
	<trkpt lat='38.1576617' lon='15.6516067'><time>2026-05-23T15:16:07.058Z</time></trkpt>
	<trkpt lat='38.1573183' lon='15.6509617'><time>2026-05-23T15:18:38.059Z</time></trkpt>
	<trkpt lat='38.22537875622882' lon='15.620197800225766'></trkpt>
	<trkpt lat='38.28497573032966' lon='15.667538250600565'></trkpt>
	<trkpt lat='38.311708874063385' lon='15.549243613589287'></trkpt>
	<trkpt lat='38.22674291721218' lon='15.376979650036844'></trkpt>
	<trkpt lat='38.268373678719925' lon='15.241591342392354'></trkpt>
	<trkpt lat='38.27309382284915' lon='15.23955953087171'></trkpt>
	<trkpt lat='38.27289983799038' lon='15.222661705488676'></trkpt>
	<trkpt lat='38.1311983' lon='15.05928'><time>2026-05-27T08:10:17.512Z</time></trkpt>
	<trkpt lat='38.1375883' lon='15.0652117'><time>2026-05-27T08:19:28.513Z</time></trkpt>
	<trkpt lat='38.139295' lon='15.06611'><time>2026-05-27T08:20:48.510Z</time></trkpt>
	<trkpt lat='38.1414433' lon='15.0666983'><time>2026-05-27T08:22:25.515Z</time></trkpt>
	<trkpt lat='38.1428933' lon='15.0666617'><time>2026-05-27T08:23:29.513Z</time></trkpt>
	<trkpt lat='38.1461367' lon='15.0658'><time>2026-05-27T08:25:55.514Z</time></trkpt>
	<trkpt lat='38.1544933' lon='15.06212'><time>2026-05-27T08:32:29.514Z</time></trkpt>
	<trkpt lat='38.1552267' lon='15.059645'><time>2026-05-27T08:35:06.514Z</time></trkpt>
	<trkpt lat='38.1570533' lon='15.0499133'><time>2026-05-27T08:47:22.515Z</time></trkpt>
	<trkpt lat='38.1575733' lon='15.04402'><time>2026-05-27T08:54:07.517Z</time></trkpt>
	<trkpt lat='38.158915' lon='15.0369083'><time>2026-05-27T09:02:11.516Z</time></trkpt>
	<trkpt lat='38.1590967' lon='15.0339067'><time>2026-05-27T09:06:58.517Z</time></trkpt>
	<trkpt lat='38.1595183' lon='15.0333617'><time>2026-05-27T09:10:05.517Z</time></trkpt>
	<trkpt lat='38.1773267' lon='14.9788'><time>2026-05-27T09:37:12.519Z</time></trkpt>
	<trkpt lat='38.18044' lon='14.9807483'><time>2026-05-27T09:41:31.521Z</time></trkpt>
	<trkpt lat='38.1908817' lon='14.9836983'><time>2026-05-27T09:50:11.522Z</time></trkpt>
	<trkpt lat='38.19764' lon='14.9847283'><time>2026-05-27T09:55:36.521Z</time></trkpt>
	<trkpt lat='38.2029' lon='14.98487'><time>2026-05-27T10:00:08.521Z</time></trkpt>
	<trkpt lat='38.2086217' lon='14.9843267'><time>2026-05-27T10:05:12.523Z</time></trkpt>
	<trkpt lat='38.224785' lon='14.9808367'><time>2026-05-27T10:20:16.523Z</time></trkpt>
	<trkpt lat='38.23235' lon='14.9781983'><time>2026-05-27T10:27:26.524Z</time></trkpt>
	<trkpt lat='38.2387967' lon='14.9750367'><time>2026-05-27T10:33:58.526Z</time></trkpt>
	<trkpt lat='38.23288' lon='14.9656317'><time>2026-05-27T10:42:29.525Z</time></trkpt>
	<trkpt lat='38.225615' lon='14.9531183'><time>2026-05-27T10:54:24.526Z</time></trkpt>
	<trkpt lat='38.20687' lon='14.9188933'><time>2026-05-27T11:22:42.528Z</time></trkpt>
	<trkpt lat='38.2024783' lon='14.9124383'><time>2026-05-27T11:28:16.529Z</time></trkpt>
	<trkpt lat='38.1960417' lon='14.9061733'><time>2026-05-27T11:35:54.529Z</time></trkpt>
	<trkpt lat='38.2006383' lon='14.9007583'><time>2026-05-27T11:41:48.530Z</time></trkpt>
	<trkpt lat='38.21168' lon='14.8920367'><time>2026-05-27T11:52:17.536Z</time></trkpt>
	<trkpt lat='38.2254567' lon='14.8786533'><time>2026-05-27T12:05:27.532Z</time></trkpt>
	<trkpt lat='38.23147' lon='14.87164'><time>2026-05-27T12:12:11.533Z</time></trkpt>
	<trkpt lat='38.2382183' lon='14.8624883'><time>2026-05-27T12:20:46.533Z</time></trkpt>
	<trkpt lat='38.2225567' lon='14.845985'><time>2026-05-27T12:37:52.535Z</time></trkpt>
	<trkpt lat='38.213835' lon='14.83585'><time>2026-05-27T12:47:24.536Z</time></trkpt>
	<trkpt lat='38.2070817' lon='14.8266733'><time>2026-05-27T12:55:16.537Z</time></trkpt>
	<trkpt lat='38.1995417' lon='14.81543'><time>2026-05-27T13:04:42.537Z</time></trkpt>
	<trkpt lat='38.1927817' lon='14.8068967'><time>2026-05-27T13:12:09.538Z</time></trkpt>
	<trkpt lat='38.1884917' lon='14.8023517'><time>2026-05-27T13:16:22.594Z</time></trkpt>
	<trkpt lat='38.1797217' lon='14.7947167'><time>2026-05-27T13:24:21.044Z</time></trkpt>
	<trkpt lat='38.17411' lon='14.78934'><time>2026-05-27T13:29:48.539Z</time></trkpt>
	<trkpt lat='38.17071' lon='14.7852333'><time>2026-05-27T13:33:22.541Z</time></trkpt>
	<trkpt lat='38.1645767' lon='14.7764117'><time>2026-05-27T13:40:34.540Z</time></trkpt>
	<trkpt lat='38.159775' lon='14.770645'><time>2026-05-27T13:46:44.541Z</time></trkpt>
	<trkpt lat='38.1597083' lon='14.7704233'><time>2026-05-27T13:46:56.541Z</time></trkpt>
	<trkpt lat='38.1622933' lon='14.768125'><time>2026-05-27T13:50:33.542Z</time></trkpt>
	<trkpt lat='38.1652417' lon='14.7640867'><time>2026-05-27T13:56:12.541Z</time></trkpt>
	<trkpt lat='38.1643617' lon='14.763315'><time>2026-05-27T13:57:47.543Z</time></trkpt>
	<trkpt lat='38.1643583' lon='14.7564183'><time>2026-05-27T14:03:02.542Z</time></trkpt>
	<trkpt lat='38.1637633' lon='14.7544117'><time>2026-05-27T14:05:19.543Z</time></trkpt>
	<trkpt lat='38.1631317' lon='14.7541083'><time>2026-05-27T14:08:33.542Z</time></trkpt>
	<trkpt lat='38.163065' lon='14.7540367'><time>2026-05-28T07:52:53.882Z</time></trkpt>
	<trkpt lat='38.1671883' lon='14.7518817'><time>2026-05-28T07:57:55.150Z</time></trkpt>
	<trkpt lat='38.1686633' lon='14.750185'><time>2026-05-28T07:59:40.152Z</time></trkpt>
	<trkpt lat='38.169618299999996' lon='14.7495683'><time>2026-05-28T08:00:55.444Z</time></trkpt>
	<trkpt lat='38.171055' lon='14.7469067'><time>2026-05-28T08:03:02.134Z</time></trkpt>
	<trkpt lat='38.1766233' lon='14.7289683'><time>2026-05-28T08:15:45.646Z</time></trkpt>
	<trkpt lat='38.1797633' lon='14.7169767'><time>2026-05-28T08:25:48.168Z</time></trkpt>
	<trkpt lat='38.1831667' lon='14.7078633'><time>2026-05-28T08:35:23.140Z</time></trkpt>
	<trkpt lat='38.186625' lon='14.7006017'><time>2026-05-28T08:43:36.349Z</time></trkpt>
	<trkpt lat='38.1947917' lon='14.686565'><time>2026-05-28T08:59:30.650Z</time></trkpt>
	<trkpt lat='38.1987233' lon='14.681183299999999'><time>2026-05-28T09:06:35.307Z</time></trkpt>
	<trkpt lat='38.2003267' lon='14.6793283'><time>2026-05-28T09:09:06.237Z</time></trkpt>
	<trkpt lat='38.202865' lon='14.67714'><time>2026-05-28T09:12:08.287Z</time></trkpt>
	<trkpt lat='38.1908133' lon='14.6629467'><time>2026-05-28T09:27:12.929Z</time></trkpt>
	<trkpt lat='38.178075' lon='14.6429'><time>2026-05-28T09:45:12.898Z</time></trkpt>
	<trkpt lat='38.1741033' lon='14.638215'><time>2026-05-28T09:49:59.879Z</time></trkpt>
	<trkpt lat='38.1666833' lon='14.6316517'><time>2026-05-28T09:58:12.817Z</time></trkpt>
	<trkpt lat='38.1573967' lon='14.6245583'><time>2026-05-28T10:08:13.724Z</time></trkpt>
	<trkpt lat='38.1505233' lon='14.620455'><time>2026-05-28T10:15:58.545Z</time></trkpt>
	<trkpt lat='38.14847' lon='14.6195717'><time>2026-05-28T10:18:15.185Z</time></trkpt>
	<trkpt lat='38.1442567' lon='14.6184467'><time>2026-05-28T10:22:49.545Z</time></trkpt>
	<trkpt lat='38.1463183' lon='14.6141733'><time>2026-05-28T10:28:28.674Z</time></trkpt>
	<trkpt lat='38.152965' lon='14.6022067'><time>2026-05-28T10:50:21.791Z</time></trkpt>
	<trkpt lat='38.1551883' lon='14.5974867'><time>2026-05-28T10:57:02.968Z</time></trkpt>
	<trkpt lat='38.15917' lon='14.5910067'><time>2026-05-28T11:09:13.811Z</time></trkpt>
	<trkpt lat='38.1608067' lon='14.5877317'><time>2026-05-28T11:15:27.331Z</time></trkpt>
	<trkpt lat='38.1598' lon='14.5875917'><time>2026-05-28T11:17:54.800Z</time></trkpt>
	<trkpt lat='38.154585' lon='14.58432'><time>2026-05-28T11:24:51.382Z</time></trkpt>
	<trkpt lat='38.150905' lon='14.5809283'><time>2026-05-28T11:30:12.451Z</time></trkpt>
	<trkpt lat='38.1480667' lon='14.5789117'><time>2026-05-28T11:34:10.161Z</time></trkpt>
	<trkpt lat='38.1421017' lon='14.5733767'><time>2026-05-28T11:44:23.926Z</time></trkpt>
	<trkpt lat='38.13949' lon='14.570545'><time>2026-05-28T11:49:25.029Z</time></trkpt>
	<trkpt lat='38.136565' lon='14.5687633'><time>2026-05-28T11:54:22.957Z</time></trkpt>
	<trkpt lat='38.1322117' lon='14.56514'><time>2026-05-28T12:03:01.246Z</time></trkpt>
	<trkpt lat='38.1262917' lon='14.5617617'><time>2026-05-28T12:14:29.693Z</time></trkpt>
	<trkpt lat='38.1185783' lon='14.5594533'><time>2026-05-28T12:27:17.484Z</time></trkpt>
	<trkpt lat='38.1155' lon='14.5575883'><time>2026-05-28T12:33:55.673Z</time></trkpt>
	<trkpt lat='38.1140633' lon='14.5562133'><time>2026-05-28T12:37:48.314Z</time></trkpt>
	<trkpt lat='38.0421467' lon='14.3455083'><time>2026-05-28T14:23:03.535Z</time></trkpt>
	<trkpt lat='38.0249017' lon='14.2960783'><time>2026-05-28T14:51:07.598Z</time></trkpt>
	<trkpt lat='38.012405' lon='14.2570633'><time>2026-05-28T15:10:25.588Z</time></trkpt>
	<trkpt lat='38.01142' lon='14.2543617'><time>2026-05-28T15:13:00.626Z</time></trkpt>
	<trkpt lat='38.0108283' lon='14.2544983'><time>2026-05-28T15:15:48.375Z</time></trkpt>
	<trkpt lat='38.010855' lon='14.254725'><time>2026-05-28T18:11:43.684Z</time></trkpt>
	<trkpt lat='38.0126233' lon='14.253515'><time>2026-05-29T06:41:46.748Z</time></trkpt>
	<trkpt lat='38.0129833' lon='14.252715'><time>2026-05-29T06:42:22.749Z</time></trkpt>
	<trkpt lat='38.0338483' lon='14.150495'><time>2026-05-29T07:31:56.753Z</time></trkpt>
	<trkpt lat='38.0391283' lon='14.0403817'><time>2026-05-29T08:20:52.597Z</time></trkpt>
	<trkpt lat='38.0395967' lon='14.0358'><time>2026-05-29T08:34:49.762Z</time></trkpt>
	<trkpt lat='38.0395817' lon='14.0358083'><time>2026-05-29T12:03:08.784Z</time></trkpt>
	<trkpt lat='38.0397867' lon='14.0364283'><time>2026-05-29T12:04:39.785Z</time></trkpt>
	<trkpt lat='38.040125' lon='14.0363983'><time>2026-05-29T12:05:14.788Z</time></trkpt>
	<trkpt lat='38.040575' lon='14.0360083'><time>2026-05-29T12:06:30.786Z</time></trkpt>
	<trkpt lat='38.0404983' lon='14.0356183'><time>2026-05-29T12:10:43.786Z</time></trkpt>
	<trkpt lat='38.0969867' lon='13.6751367'><time>2026-04-13T19:38:56.872Z</time></trkpt>
	<trkpt lat='38.0971217' lon='13.674235'><time>2026-04-13T19:40:11.399Z</time></trkpt>
	<trkpt lat='38.040555' lon='14.0359283'><time>2026-06-06T10:16:06.469Z</time></trkpt>
	<trkpt lat='38.0404383' lon='14.0361083'><time>2026-06-06T10:16:33.469Z</time></trkpt>
	<trkpt lat='38.0383217' lon='14.0353433'><time>2026-06-06T10:20:19.469Z</time></trkpt>
	<trkpt lat='38.0376967' lon='14.0346033'><time>2026-06-06T10:22:57.469Z</time></trkpt>
	<trkpt lat='38.03776' lon='14.0343833'><time>2026-06-06T10:23:28.469Z</time></trkpt>
	<trkpt lat='38.03797' lon='14.0346217'><time>2026-06-06T10:33:44.470Z</time></trkpt>
	<trkpt lat='38.039335' lon='14.0376567'><time>2026-06-06T10:37:38.471Z</time></trkpt>
	<trkpt lat='38.041975' lon='14.0410117'><time>2026-06-06T10:43:04.471Z</time></trkpt>
	<trkpt lat='38.04249' lon='14.040765'><time>2026-06-06T10:43:45.473Z</time></trkpt>
	<trkpt lat='38.0431633' lon='14.0396033'><time>2026-06-06T10:44:57.471Z</time></trkpt>
	<trkpt lat='38.0464317' lon='14.0321717'><time>2026-06-06T10:50:20.473Z</time></trkpt>
	<trkpt lat='38.0468233' lon='14.0264017'><time>2026-06-06T10:56:13.472Z</time></trkpt>
	<trkpt lat='38.0633583' lon='13.8863767'><time>2026-06-06T12:22:42.481Z</time></trkpt>
	<trkpt lat='38.111313' lon='13.5839241'><time>2026-06-06T16:37:19.213Z</time></trkpt>
	<trkpt lat='38.1115296' lon='13.5830541'><time>2026-06-06T16:39:56.199Z</time></trkpt>
	<trkpt lat='38.1123776' lon='13.5819018'><time>2026-06-06T16:44:20.784Z</time></trkpt>
	<trkpt lat='38.1218233' lon='13.5177718'><time>2026-06-06T17:14:08.571Z</time></trkpt>
	<trkpt lat='38.122473' lon='13.5108473'><time>2026-06-06T17:17:07.208Z</time></trkpt>
	<trkpt lat='38.1212883' lon='13.5060005'><time>2026-06-06T17:19:18.052Z</time></trkpt>
	<trkpt lat='38.1085733' lon='13.4910101'><time>2026-06-06T17:29:06.762Z</time></trkpt>
	<trkpt lat='38.1084506' lon='13.4891783'><time>2026-06-06T17:30:09.461Z</time></trkpt>
	<trkpt lat='38.1079623' lon='13.4882141'><time>2026-06-06T17:30:46.657Z</time></trkpt>
	<trkpt lat='38.105385' lon='13.4865591'><time>2026-06-06T17:32:59.849Z</time></trkpt>
	<trkpt lat='38.1040465' lon='13.4861161'><time>2026-06-06T17:37:23.434Z</time></trkpt>
	<trkpt lat='38.1040356' lon='13.4863446'><time>2026-06-06T17:39:32.626Z</time></trkpt>
	<trkpt lat='38.10399' lon='13.4865667'><time>2026-06-07T04:52:47.013Z</time></trkpt>
	<trkpt lat='38.1043483' lon='13.486575'><time>2026-06-07T05:55:28.017Z</time></trkpt>
	<trkpt lat='38.1046833' lon='13.4860083'><time>2026-06-07T05:56:16.017Z</time></trkpt>
	<trkpt lat='38.1277017' lon='13.4264533'><time>2026-06-07T06:32:29.021Z</time></trkpt>
	<trkpt lat='38.1260817' lon='13.41592'><time>2026-06-07T06:38:06.020Z</time></trkpt>
	<trkpt lat='38.12534' lon='13.41398'><time>2026-06-07T06:39:15.020Z</time></trkpt>
	<trkpt lat='38.1224917' lon='13.4018217'><time>2026-06-07T06:45:34.020Z</time></trkpt>
	<trkpt lat='38.1216583' lon='13.3899767'><time>2026-06-07T06:52:18.021Z</time></trkpt>
	<trkpt lat='38.1217667' lon='13.3809767'><time>2026-06-07T06:58:55.021Z</time></trkpt>
	<trkpt lat='38.1255417' lon='13.3751883'><time>2026-06-07T07:05:09.022Z</time></trkpt>
	<trkpt lat='38.1261083' lon='13.3717383'><time>2026-06-07T07:08:12.022Z</time></trkpt>
	<trkpt lat='38.1257083' lon='13.3709883'><time>2026-06-07T07:09:00.022Z</time></trkpt>
	<trkpt lat='38.1246133' lon='13.3706633'><time>2026-06-07T07:10:12.022Z</time></trkpt>
	<trkpt lat='38.1224583' lon='13.3713433'><time>2026-06-07T07:12:36.022Z</time></trkpt>
	<trkpt lat='38.1211183' lon='13.3694217'><time>2026-06-07T07:16:35.023Z</time></trkpt>
	<trkpt lat='38.12125' lon='13.3695883'><time>2026-06-07T07:17:09.022Z</time></trkpt>
	<trkpt lat='38.12152' lon='13.3692417'><time>2026-06-07T16:02:26.218Z</time></trkpt>
	<trkpt lat='38.1215267' lon='13.3694033'><time>2026-06-08T09:52:25.304Z</time></trkpt>
	<trkpt lat='38.1212983' lon='13.3699833'><time>2026-06-08T09:53:24.306Z</time></trkpt>
	<trkpt lat='38.1223333' lon='13.371335'><time>2026-06-08T09:55:42.305Z</time></trkpt>
	<trkpt lat='38.1254717' lon='13.37084'><time>2026-06-08T09:58:45.305Z</time></trkpt>
	<trkpt lat='38.126035' lon='13.3710767'><time>2026-06-08T09:59:09.305Z</time></trkpt>
	<trkpt lat='38.12621' lon='13.3715283'><time>2026-06-08T09:59:26.305Z</time></trkpt>
	<trkpt lat='38.12563' lon='13.372475'><time>2026-06-08T10:00:04.305Z</time></trkpt>
	<trkpt lat='38.1226883' lon='13.3747767'><time>2026-06-08T10:02:02.305Z</time></trkpt>
	<trkpt lat='38.1215' lon='13.3765933'><time>2026-06-08T10:03:04.305Z</time></trkpt>
	<trkpt lat='38.1210983' lon='13.3788333'><time>2026-06-08T10:04:07.306Z</time></trkpt>
	<trkpt lat='38.1213583' lon='13.3800717'><time>2026-06-08T10:04:42.306Z</time></trkpt>
	<trkpt lat='38.1218817' lon='13.3808483'><time>2026-06-08T10:05:10.308Z</time></trkpt>
	<trkpt lat='38.12281' lon='13.381415'><time>2026-06-08T10:05:46.306Z</time></trkpt>
	<trkpt lat='38.1249517' lon='13.3820083'><time>2026-06-08T10:07:02.306Z</time></trkpt>
	<trkpt lat='38.1307867' lon='13.3819783'><time>2026-06-08T10:10:24.306Z</time></trkpt>
	<trkpt lat='38.13483' lon='13.3828067'><time>2026-06-08T10:13:23.307Z</time></trkpt>
	<trkpt lat='38.13422' lon='13.3853117'><time>2026-06-08T10:15:59.307Z</time></trkpt>
	<trkpt lat='38.1338717' lon='13.388925'><time>2026-06-08T10:18:39.307Z</time></trkpt>
	<trkpt lat='38.13415' lon='13.3946133'><time>2026-06-08T10:23:10.309Z</time></trkpt>
	<trkpt lat='38.138345' lon='13.391045'><time>2026-06-08T10:29:12.311Z</time></trkpt>
	<trkpt lat='38.1419567' lon='13.386825'><time>2026-06-08T10:34:05.309Z</time></trkpt>
	<trkpt lat='38.1475617' lon='13.3791333'><time>2026-06-08T10:41:35.309Z</time></trkpt>
	<trkpt lat='38.1479117' lon='13.37922'><time>2026-06-08T10:42:15.309Z</time></trkpt>
	<trkpt lat='38.148635' lon='13.386185'><time>2026-06-08T10:47:15.309Z</time></trkpt>
	<trkpt lat='38.1502267' lon='13.3931267'><time>2026-06-08T10:52:28.310Z</time></trkpt>
	<trkpt lat='38.15051' lon='13.39645'><time>2026-06-08T10:54:55.310Z</time></trkpt>
	<trkpt lat='38.1508667' lon='13.4041883'><time>2026-06-08T11:00:52.311Z</time></trkpt>
	<trkpt lat='38.1501817' lon='13.415575'><time>2026-06-08T11:09:39.312Z</time></trkpt>
	<trkpt lat='38.1534917' lon='13.4123067'><time>2026-06-08T11:14:52.313Z</time></trkpt>
	<trkpt lat='38.1605233' lon='13.403685'><time>2026-06-08T11:24:08.313Z</time></trkpt>
	<trkpt lat='38.1652783' lon='13.399135'><time>2026-06-08T11:30:41.314Z</time></trkpt>
	<trkpt lat='38.1705783' lon='13.39497'><time>2026-06-08T11:37:25.314Z</time></trkpt>
	<trkpt lat='38.1754333' lon='13.3918433'><time>2026-06-08T11:43:57.315Z</time></trkpt>
	<trkpt lat='38.17861' lon='13.390595'><time>2026-06-08T11:48:14.315Z</time></trkpt>
	<trkpt lat='38.1850083' lon='13.3869417'><time>2026-06-08T11:58:36.316Z</time></trkpt>
	<trkpt lat='38.1883517' lon='13.3830933'><time>2026-06-08T12:04:01.317Z</time></trkpt>
	<trkpt lat='38.1904267' lon='13.3806217'><time>2026-06-08T12:07:32.318Z</time></trkpt>
	<trkpt lat='38.228485' lon='13.3235017'><time>2026-06-08T13:32:06.327Z</time></trkpt>
	<trkpt lat='38.22851' lon='13.3180883'><time>2026-06-08T13:39:19.326Z</time></trkpt>
	<trkpt lat='38.2292083' lon='13.3063667'><time>2026-06-08T13:44:35.330Z</time></trkpt>
	<trkpt lat='38.217565' lon='13.2270733'><time>2026-06-08T14:44:43.333Z</time></trkpt>
	<trkpt lat='38.2102033' lon='13.21727'><time>2026-06-08T14:54:34.335Z</time></trkpt>
	<trkpt lat='38.2092867' lon='13.217445'><time>2026-06-08T14:55:29.334Z</time></trkpt>
	<trkpt lat='38.2055867' lon='13.2206467'><time>2026-06-08T14:59:59.334Z</time></trkpt>
	<trkpt lat='38.2009533' lon='13.2300933'><time>2026-06-08T15:07:10.335Z</time></trkpt>
	<trkpt lat='38.197925' lon='13.2376267'><time>2026-06-08T15:12:59.336Z</time></trkpt>
	<trkpt lat='38.1970933' lon='13.2388983'><time>2026-06-08T15:14:36.336Z</time></trkpt>
	<trkpt lat='38.19593' lon='13.2396067'><time>2026-06-08T15:16:29.336Z</time></trkpt>
	<trkpt lat='38.19562' lon='13.2393867'><time>2026-06-08T15:19:23.336Z</time></trkpt>
	<trkpt lat='38.1957867' lon='13.2395283'><time>2026-06-09T05:44:49.404Z</time></trkpt>
	<trkpt lat='38.195685' lon='13.23926'><time>2026-06-09T08:44:02.414Z</time></trkpt>
	<trkpt lat='38.1958467' lon='13.2396633'><time>2026-06-09T08:49:51.414Z</time></trkpt>
	<trkpt lat='38.1961667' lon='13.23951'><time>2026-06-09T08:50:48.414Z</time></trkpt>
	<trkpt lat='38.1963733' lon='13.2388367'><time>2026-06-09T08:51:26.414Z</time></trkpt>
	<trkpt lat='38.196455' lon='13.2354933'><time>2026-06-09T08:53:55.415Z</time></trkpt>
	<trkpt lat='38.2014467' lon='13.1808267'><time>2026-06-09T09:26:43.420Z</time></trkpt>
	<trkpt lat='38.20158' lon='13.1738817'><time>2026-06-09T09:30:28.419Z</time></trkpt>
	<trkpt lat='38.20644' lon='13.1251367'><time>2026-06-09T09:56:45.419Z</time></trkpt>
	<trkpt lat='38.1935983' lon='12.9198283'><time>2026-06-09T12:00:13.429Z</time></trkpt>
	<trkpt lat='38.19386' lon='12.87429'><time>2026-06-09T12:28:53.431Z</time></trkpt>
	<trkpt lat='38.2043167' lon='12.7395333'><time>2026-06-09T13:46:09.438Z</time></trkpt>
	<trkpt lat='38.20302' lon='12.7363767'><time>2026-06-09T13:47:34.298Z</time></trkpt>
	<trkpt lat='38.190185' lon='12.71799'><time>2026-06-09T14:03:26.440Z</time></trkpt>
	<trkpt lat='38.17644' lon='12.70349'><time>2026-06-09T14:16:21.441Z</time></trkpt>
	<trkpt lat='38.15516' lon='12.67149'><time>2026-06-09T14:39:40.443Z</time></trkpt>
	<trkpt lat='38.1370033' lon='12.6514883'><time>2026-06-09T14:57:05.445Z</time></trkpt>
	<trkpt lat='38.1302083' lon='12.6444533'><time>2026-06-09T15:03:43.446Z</time></trkpt>
	<trkpt lat='38.0882467' lon='12.57686'><time>2026-06-09T15:53:21.450Z</time></trkpt>
	<trkpt lat='38.0781067' lon='12.5630083'><time>2026-06-09T16:01:12.453Z</time></trkpt>
	<trkpt lat='38.0770967' lon='12.5612217'><time>2026-06-09T16:02:05.451Z</time></trkpt>
	<trkpt lat='38.0717367' lon='12.5544483'><time>2026-06-09T16:06:02.451Z</time></trkpt>
	<trkpt lat='38.0704533' lon='12.5533283'><time>2026-06-09T16:06:52.451Z</time></trkpt>
	<trkpt lat='38.065885' lon='12.5455117'><time>2026-06-09T16:11:00.452Z</time></trkpt>
	<trkpt lat='38.0387633' lon='12.5098583'><time>2026-06-09T16:40:02.457Z</time></trkpt>
	<trkpt lat='38.02387' lon='12.483245'><time>2026-06-09T16:59:32.457Z</time></trkpt>
	<trkpt lat='38.0232483' lon='12.482755'><time>2026-06-09T17:00:09.458Z</time></trkpt>
	<trkpt lat='38.02175' lon='12.48232'><time>2026-06-09T17:01:30.458Z</time></trkpt>
	<trkpt lat='38.018435' lon='12.482305'><time>2026-06-09T17:04:20.457Z</time></trkpt>
	<trkpt lat='38.0131917' lon='12.4848417'><time>2026-06-09T17:08:53.458Z</time></trkpt>
	<trkpt lat='38.0115167' lon='12.4868383'><time>2026-06-09T17:10:39.458Z</time></trkpt>
	<trkpt lat='38.01068' lon='12.4883783'><time>2026-06-09T17:11:46.458Z</time></trkpt>
	<trkpt lat='38.009755' lon='12.4917317'><time>2026-06-09T17:14:21.458Z</time></trkpt>
	<trkpt lat='38.00989' lon='12.493815'><time>2026-06-09T17:16:25.459Z</time></trkpt>
	<trkpt lat='38.0096176' lon='12.4937812'><time>2026-06-09T17:41:23.885Z</time></trkpt>
	<trkpt lat='38.0097483' lon='12.4940767'><time>2026-06-10T13:06:38.559Z</time></trkpt>
	<trkpt lat='38.0099167' lon='12.49427'><time>2026-06-10T13:37:38.562Z</time></trkpt>
	<trkpt lat='38.0055033' lon='12.4954617'><time>2026-06-10T13:42:33.562Z</time></trkpt>
	<trkpt lat='38.0041983' lon='12.49686'><time>2026-06-10T13:43:51.562Z</time></trkpt>
	<trkpt lat='38.00425' lon='12.4982733'><time>2026-06-10T13:44:45.563Z</time></trkpt>
	<trkpt lat='38.0057667' lon='12.4999717'><time>2026-06-10T13:46:36.563Z</time></trkpt>
	<trkpt lat='38.006625' lon='12.5014983'><time>2026-06-10T13:48:23.563Z</time></trkpt>
	<trkpt lat='38.0063567' lon='12.5051583'><time>2026-06-10T13:57:23.564Z</time></trkpt>
	<trkpt lat='38.00626' lon='12.50523'><time>2026-06-11T15:19:08.686Z</time></trkpt>
	<trkpt lat='38.0049967' lon='12.5044233'><time>2026-06-12T07:39:01.769Z</time></trkpt>
	<trkpt lat='38.00368' lon='12.5025867'><time>2026-06-12T07:40:31.770Z</time></trkpt>
	<trkpt lat='37.990155' lon='12.4788967'><time>2026-06-12T07:56:50.771Z</time></trkpt>
	<trkpt lat='37.92308' lon='12.3949667'><time>2026-06-12T09:00:13.779Z</time></trkpt>
	<trkpt lat='37.91442' lon='12.3816433'><time>2026-06-12T09:08:01.777Z</time></trkpt>
	<trkpt lat='37.9099733' lon='12.375945'><time>2026-06-12T09:11:23.777Z</time></trkpt>
	<trkpt lat='37.9084617' lon='12.3731833'><time>2026-06-12T09:12:46.778Z</time></trkpt>
	<trkpt lat='37.90474' lon='12.3679167'><time>2026-06-12T09:15:36.457Z</time></trkpt>
	<trkpt lat='37.904515' lon='12.3669383'><time>2026-06-12T09:16:07.779Z</time></trkpt>
	<trkpt lat='37.9024433' lon='12.3634167'><time>2026-06-12T09:18:06.778Z</time></trkpt>
	<trkpt lat='37.9019967' lon='12.3610367'><time>2026-06-12T09:19:17.778Z</time></trkpt>
	<trkpt lat='37.9012917' lon='12.35931'><time>2026-06-12T09:20:29.778Z</time></trkpt>
	<trkpt lat='37.9013617' lon='12.3566983'><time>2026-06-12T09:22:23.778Z</time></trkpt>
	<trkpt lat='37.9019267' lon='12.3532267'><time>2026-06-12T09:24:02.780Z</time></trkpt>
	<trkpt lat='37.90805' lon='12.3437317'><time>2026-06-12T09:30:07.780Z</time></trkpt>
	<trkpt lat='37.9132333' lon='12.3363733'><time>2026-06-12T09:34:48.780Z</time></trkpt>
	<trkpt lat='37.917085' lon='12.3342783'><time>2026-06-12T09:38:37.780Z</time></trkpt>
	<trkpt lat='37.9168976' lon='12.3344728'><time>2026-06-12T10:06:06.890Z</time></trkpt>
	<trkpt lat='37.91701' lon='12.3345233'><time>2026-06-12T22:03:32.150Z</time></trkpt>
	<trkpt lat='37.9170283' lon='12.3340867'><time>2026-06-14T06:56:29.112Z</time></trkpt>
	<trkpt lat='37.9174783' lon='12.33433'><time>2026-06-14T08:43:53.227Z</time></trkpt>
	<trkpt lat='37.916645' lon='12.3339233'><time>2026-06-14T08:45:42.159Z</time></trkpt>
	<trkpt lat='37.9145217' lon='12.3343233'><time>2026-06-14T08:48:24.788Z</time></trkpt>
	<trkpt lat='37.910445' lon='12.33848'><time>2026-06-14T08:53:10.485Z</time></trkpt>
	<trkpt lat='37.902405' lon='12.351445'><time>2026-06-14T09:08:45.181Z</time></trkpt>
	<trkpt lat='37.9025783' lon='12.35553'><time>2026-06-14T09:13:15.279Z</time></trkpt>
	<trkpt lat='37.90389' lon='12.367075'><time>2026-06-14T09:24:43.810Z</time></trkpt>
	<trkpt lat='37.9032883' lon='12.3708533'><time>2026-06-14T09:32:55.092Z</time></trkpt>
	<trkpt lat='37.9047317' lon='12.3747683'><time>2026-06-14T09:39:35.600Z</time></trkpt>
	<trkpt lat='37.91432' lon='12.3871833'><time>2026-06-14T10:00:36.545Z</time></trkpt>
	<trkpt lat='37.916795' lon='12.3898583'><time>2026-06-14T10:04:23.956Z</time></trkpt>
	<trkpt lat='37.9260133' lon='12.3983067'><time>2026-06-14T10:16:13.444Z</time></trkpt>
	<trkpt lat='37.9314017' lon='12.40372'><time>2026-06-14T10:22:08.448Z</time></trkpt>
	<trkpt lat='37.9350783' lon='12.4081317'><time>2026-06-14T10:26:06.808Z</time></trkpt>
	<trkpt lat='37.9418667' lon='12.4153433'><time>2026-06-14T10:33:06.624Z</time></trkpt>
	<trkpt lat='37.9522217' lon='12.4274817'><time>2026-06-14T10:44:57.497Z</time></trkpt>
	<trkpt lat='37.95811' lon='12.43524'><time>2026-06-14T10:53:08.091Z</time></trkpt>
	<trkpt lat='38.034395' lon='12.4917283'><time>2026-06-14T12:25:50.404Z</time></trkpt>
	<trkpt lat='38.0448967' lon='12.5097967'><time>2026-06-14T12:55:29.032Z</time></trkpt>
	<trkpt lat='38.0550833' lon='12.5285567'><time>2026-06-14T13:10:54.129Z</time></trkpt>
	<trkpt lat='38.06925' lon='12.5609867'><time>2026-06-14T13:26:57.569Z</time></trkpt>
	<trkpt lat='38.072685' lon='12.57212'><time>2026-06-14T13:34:19.865Z</time></trkpt>
	<trkpt lat='38.0730217' lon='12.5746'><time>2026-06-14T13:36:00.498Z</time></trkpt>
	<trkpt lat='38.0735217' lon='12.6047067'><time>2026-06-14T13:52:16.884Z</time></trkpt>
	<trkpt lat='38.0932183' lon='12.6241833'><time>2026-06-14T14:12:46.500Z</time></trkpt>
	<trkpt lat='38.096125' lon='12.6275683'><time>2026-06-14T14:18:09.094Z</time></trkpt>
	<trkpt lat='38.1706167' lon='12.7011883'><time>2026-06-14T15:12:40.370Z</time></trkpt>
	<trkpt lat='38.175785' lon='12.706261699999999'><time>2026-06-14T15:16:15.644Z</time></trkpt>
	<trkpt lat='38.1809617' lon='12.7105167'><time>2026-06-14T15:19:53.797Z</time></trkpt>
	<trkpt lat='38.1922833' lon='12.7285283'><time>2026-06-14T15:30:15.921Z</time></trkpt>
	<trkpt lat='38.193805' lon='12.7327067'><time>2026-06-14T15:32:25.691Z</time></trkpt>
	<trkpt lat='38.19398' lon='12.734055'><time>2026-06-14T15:33:04.103Z</time></trkpt>
	<trkpt lat='38.193605' lon='12.73582'><time>2026-06-14T15:33:54.983Z</time></trkpt>
	<trkpt lat='38.1926617' lon='12.737175'><time>2026-06-14T15:34:44.624Z</time></trkpt>
	<trkpt lat='38.1819217' lon='12.7413883'><time>2026-06-14T15:41:36.803Z</time></trkpt>
	<trkpt lat='38.180875' lon='12.7412767'><time>2026-06-14T15:42:47.530Z</time></trkpt>
	<trkpt lat='38.178765' lon='12.7398917'><time>2026-06-14T15:47:41.481Z</time></trkpt>
	<trkpt lat='38.1786601' lon='12.7394'><time>2026-06-14T16:27:28.568Z</time></trkpt>
	<trkpt lat='38.1787572' lon='12.7394637'><time>2026-06-16T18:38:58.557Z</time></trkpt>
	<trkpt lat='38.1788983' lon='12.7393117'><time>2026-06-17T02:49:27.301Z</time></trkpt>
	<trkpt lat='38.1788733' lon='12.739735'><time>2026-06-17T08:00:15.382Z</time></trkpt>
	<trkpt lat='38.1792133' lon='12.739815'><time>2026-06-17T08:01:20.845Z</time></trkpt>
	<trkpt lat='38.1802667' lon='12.739495'><time>2026-06-17T08:02:20.300Z</time></trkpt>
	<trkpt lat='38.1936283' lon='12.7399883'><time>2026-06-17T08:11:39.820Z</time></trkpt>
	<trkpt lat='38.2037667' lon='12.739875'><time>2026-06-17T08:19:33.434Z</time></trkpt>
	<trkpt lat='38.2108967' lon='12.6971883'><time>2026-06-17T08:47:31.353Z</time></trkpt>
	<trkpt lat='38.2118933' lon='12.6829783'><time>2026-06-17T08:57:30.089Z</time></trkpt>
	<trkpt lat='38.2222917' lon='12.4344983'><time>2026-06-17T11:45:58.430Z</time></trkpt>
	<trkpt lat='38.2372033' lon='12.05075'><time>2026-06-17T15:25:14.448Z</time></trkpt>
	<trkpt lat='38.24115' lon='12.02802'><time>2026-06-17T15:39:46.827Z</time></trkpt>
	<trkpt lat='38.24645' lon='12.0016917'><time>2026-06-17T15:57:35.107Z</time></trkpt>
	<trkpt lat='38.2497867' lon='11.9811717'><time>2026-06-17T16:11:45.666Z</time></trkpt>
	<trkpt lat='38.2578617' lon='11.919115'><time>2026-06-17T16:50:55.918Z</time></trkpt>
	<trkpt lat='38.2655483' lon='11.8709233'><time>2026-06-17T17:18:08.772Z</time></trkpt>
	<trkpt lat='38.2682767' lon='11.84998'><time>2026-06-17T17:29:27.569Z</time></trkpt>
	<trkpt lat='38.2689483' lon='11.8475733'><time>2026-06-17T17:30:47.009Z</time></trkpt>
	<trkpt lat='38.2717183' lon='11.8252617'><time>2026-06-17T17:43:19.905Z</time></trkpt>
	<trkpt lat='38.2779933' lon='11.7519033'><time>2026-06-17T18:23:40.096Z</time></trkpt>
	<trkpt lat='38.2786633' lon='11.7394567'><time>2026-06-17T18:30:25.957Z</time></trkpt>
	<trkpt lat='38.2950017' lon='11.5127717'><time>2026-06-17T21:12:51.227Z</time></trkpt>
	<trkpt lat='38.3092033' lon='11.4406267'><time>2026-06-17T22:46:06.663Z</time></trkpt>
	<trkpt lat='38.3103983' lon='11.4386567'><time>2026-06-17T22:49:13.325Z</time></trkpt>
	<trkpt lat='38.4047817' lon='11.1942'><time>2026-06-18T01:05:09.617Z</time></trkpt>
	<trkpt lat='38.412475' lon='11.1766333'><time>2026-06-18T01:15:13.056Z</time></trkpt>
	<trkpt lat='38.4295617' lon='11.1395417'><time>2026-06-18T01:36:52.012Z</time></trkpt>
	<trkpt lat='38.5190617' lon='10.9045333'><time>2026-06-18T03:40:49.867Z</time></trkpt>
	<trkpt lat='38.625195' lon='10.62334'><time>2026-06-18T06:19:37.009Z</time></trkpt>
	<trkpt lat='38.6312817' lon='10.60936'><time>2026-06-18T06:27:32.422Z</time></trkpt>
	<trkpt lat='38.636485' lon='10.5963433'><time>2026-06-18T06:34:55.868Z</time></trkpt>
	<trkpt lat='38.760585' lon='10.2631833'><time>2026-06-18T10:34:30.001Z</time></trkpt>
	<trkpt lat='38.8437933' lon='10.0693483'><time>2026-06-18T13:09:56.668Z</time></trkpt>
	<trkpt lat='38.9426383' lon='9.8373167'><time>2026-06-18T15:24:27.045Z</time></trkpt>
	<trkpt lat='38.9466383' lon='9.8276283'><time>2026-06-18T15:29:18.126Z</time></trkpt>
	<trkpt lat='38.9483133' lon='9.813835'><time>2026-06-18T15:38:38.911Z</time></trkpt>
	<trkpt lat='38.9872467' lon='9.7253567'><time>2026-06-18T16:46:19.902Z</time></trkpt>
	<trkpt lat='39.0703517' lon='9.5347567'><time>2026-06-18T18:32:21.884Z</time></trkpt>
	<trkpt lat='39.07908' lon='9.5237967'><time>2026-06-18T18:38:58.961Z</time></trkpt>
	<trkpt lat='39.08055' lon='9.522435'><time>2026-06-18T18:39:57.388Z</time></trkpt>
	<trkpt lat='39.0838333' lon='9.5183967'><time>2026-06-18T18:42:21.489Z</time></trkpt>
	<trkpt lat='39.09576' lon='9.5030083'><time>2026-06-18T18:51:26.030Z</time></trkpt>
	<trkpt lat='39.0977417' lon='9.5009633'><time>2026-06-18T18:52:48.752Z</time></trkpt>
	<trkpt lat='39.101565' lon='9.4982767'><time>2026-06-18T18:55:13.536Z</time></trkpt>
	<trkpt lat='39.10364' lon='9.4974433'><time>2026-06-18T18:56:29.258Z</time></trkpt>
	<trkpt lat='39.1121433' lon='9.49513'><time>2026-06-18T19:01:36.939Z</time></trkpt>
	<trkpt lat='39.1219317' lon='9.5012167'><time>2026-06-18T19:08:36.525Z</time></trkpt>
	<trkpt lat='39.1237483' lon='9.5031167'><time>2026-06-18T19:11:04.345Z</time></trkpt>
	<trkpt lat='39.1237733' lon='9.5050517'><time>2026-06-18T19:14:41.352Z</time></trkpt>
	<trkpt lat='39.1239283' lon='9.5049317'><time>2026-06-19T10:41:21.637Z</time></trkpt>
	<trkpt lat='39.1238617' lon='9.5051483'><time>2026-06-19T11:09:29.639Z</time></trkpt>
	<trkpt lat='39.1223883' lon='9.4900317'><time>2026-06-19T11:24:13.641Z</time></trkpt>
	<trkpt lat='39.1200033' lon='9.44507'><time>2026-06-19T11:54:13.648Z</time></trkpt>
	<trkpt lat='39.11987' lon='9.43729'><time>2026-06-19T11:59:09.645Z</time></trkpt>
	<trkpt lat='39.1730967' lon='9.159095'><time>2026-06-19T15:10:14.666Z</time></trkpt>
	<trkpt lat='39.1784683' lon='9.1431'><time>2026-06-19T15:23:00.667Z</time></trkpt>
	<trkpt lat='39.19419' lon='9.10949'><time>2026-06-19T15:56:34.673Z</time></trkpt>
	<trkpt lat='39.1953317' lon='9.1082133'><time>2026-06-19T15:57:56.671Z</time></trkpt>
	<trkpt lat='39.1962233' lon='9.1084367'><time>2026-06-19T15:58:41.671Z</time></trkpt>
	<trkpt lat='39.1977767' lon='9.1102783'><time>2026-06-19T16:00:20.672Z</time></trkpt>
	<trkpt lat='39.1999067' lon='9.1135717'><time>2026-06-19T16:02:54.672Z</time></trkpt>
	<trkpt lat='39.2006017' lon='9.1153867'><time>2026-06-19T16:04:06.671Z</time></trkpt>
	<trkpt lat='39.20054' lon='9.12839'><time>2026-06-19T16:13:22.672Z</time></trkpt>
	<trkpt lat='39.2005334' lon='9.12848'><time>2026-06-23T08:13:56.941Z</time></trkpt>
	<trkpt lat='39.2003317' lon='9.1262367'><time>2026-06-23T08:21:47.465Z</time></trkpt>
	<trkpt lat='39.20094' lon='9.11813'><time>2026-06-23T08:29:48.023Z</time></trkpt>
	<trkpt lat='39.20067' lon='9.1151233'><time>2026-06-23T08:32:40.932Z</time></trkpt>
	<trkpt lat='39.2001983' lon='9.11361'><time>2026-06-23T08:33:33.129Z</time></trkpt>
	<trkpt lat='39.1980867' lon='9.109835'><time>2026-06-23T08:35:41.513Z</time></trkpt>
	<trkpt lat='39.1964933' lon='9.1083317'><time>2026-06-23T08:36:51.899Z</time></trkpt>
	<trkpt lat='39.1910033' lon='9.1059667'><time>2026-06-23T08:41:13.164Z</time></trkpt>
	<trkpt lat='39.1866917' lon='9.1035717'><time>2026-06-23T08:46:33.159Z</time></trkpt>
	<trkpt lat='39.1748383' lon='9.1021467'><time>2026-06-23T09:00:41.920Z</time></trkpt>
	<trkpt lat='39.1670583' lon='9.10003'><time>2026-06-23T09:08:57.482Z</time></trkpt>
	<trkpt lat='39.1626683' lon='9.09785'><time>2026-06-23T09:13:36.451Z</time></trkpt>
	<trkpt lat='39.145705' lon='9.0912833'><time>2026-06-23T09:32:37.597Z</time></trkpt>
	<trkpt lat='39.137665' lon='9.0871033'><time>2026-06-23T09:41:17.257Z</time></trkpt>
	<trkpt lat='39.1354183' lon='9.1004383'><time>2026-06-23T09:52:02.857Z</time></trkpt>
	<trkpt lat='39.12926' lon='9.123065'><time>2026-06-23T10:10:06.015Z</time></trkpt>
	<trkpt lat='39.1254733' lon='9.1351617'><time>2026-06-23T10:19:53.568Z</time></trkpt>
	<trkpt lat='39.1222733' lon='9.1437667'><time>2026-06-23T10:27:23.752Z</time></trkpt>
	<trkpt lat='39.1216033' lon='9.145155'><time>2026-06-23T10:28:38.868Z</time></trkpt>
	<trkpt lat='39.12134' lon='9.1451133'><time>2026-06-23T10:29:15.103Z</time></trkpt>
	<trkpt lat='39.113425' lon='9.1306483'><time>2026-06-23T10:42:56.064Z</time></trkpt>
	<trkpt lat='39.0970067' lon='9.1034483'><time>2026-06-23T11:07:42.658Z</time></trkpt>
	<trkpt lat='39.0917833' lon='9.09336'><time>2026-06-23T11:14:55.233Z</time></trkpt>
	<trkpt lat='39.08476' lon='9.1090667'><time>2026-06-23T11:26:23.853Z</time></trkpt>
	<trkpt lat='39.0785333' lon='9.1210933'><time>2026-06-23T11:35:09.021Z</time></trkpt>
	<trkpt lat='39.07236' lon='9.134005'><time>2026-06-23T11:44:45.601Z</time></trkpt>
	<trkpt lat='39.0640017' lon='9.1549833'><time>2026-06-23T11:59:22.178Z</time></trkpt>
	<trkpt lat='39.0619233' lon='9.1611783'><time>2026-06-23T12:03:21.731Z</time></trkpt>
	<trkpt lat='39.05286' lon='9.14987'><time>2026-06-23T12:13:29.986Z</time></trkpt>
	<trkpt lat='39.048375' lon='9.14349'><time>2026-06-23T12:18:43.999Z</time></trkpt>
	<trkpt lat='39.00568' lon='9.0796933'><time>2026-06-23T13:13:40.601Z</time></trkpt>
	<trkpt lat='38.9987233' lon='9.06871'><time>2026-06-23T13:25:00.519Z</time></trkpt>
	<trkpt lat='38.9963667' lon='9.0548583'><time>2026-06-23T13:34:32.424Z</time></trkpt>
	<trkpt lat='38.9953783' lon='9.0411917'><time>2026-06-23T13:43:58.883Z</time></trkpt>
	<trkpt lat='38.993645' lon='9.0305033'><time>2026-06-23T13:52:13.637Z</time></trkpt>
	<trkpt lat='38.9936117' lon='9.02542'><time>2026-06-23T13:58:08.286Z</time></trkpt>
	<trkpt lat='38.9912483' lon='9.0196983'><time>2026-06-23T14:04:11.868Z</time></trkpt>
	<trkpt lat='38.99127' lon='9.0190612'><time>2026-06-23T14:43:20.433Z</time></trkpt>
	<trkpt lat='39.1958317' lon='9.1645833'><time>2026-04-13T19:38:41.157Z</time></trkpt>
	<trkpt lat='38.9910517' lon='9.0192683'><time>2026-04-13T19:38:42.360Z</time></trkpt>
	<trkpt lat='38.9910967' lon='9.018925'><time>2026-04-14T07:37:13.260Z</time></trkpt>
	<trkpt lat='38.9908517' lon='9.0198083'><time>2026-04-14T07:39:18.261Z</time></trkpt>
	<trkpt lat='38.99165' lon='9.024765'><time>2026-04-14T07:43:18.260Z</time></trkpt>
	<trkpt lat='38.993095' lon='9.0289833'><time>2026-04-14T07:46:37.264Z</time></trkpt>
	<trkpt lat='39.0238817' lon='9.05145'><time>2026-04-14T08:16:03.267Z</time></trkpt>
	<trkpt lat='39.0388683' lon='9.0601717'><time>2026-04-14T08:31:02.264Z</time></trkpt>
	<trkpt lat='39.074845' lon='9.0912317'><time>2026-04-14T09:04:08.267Z</time></trkpt>
	<trkpt lat='39.1108633' lon='9.1176717'><time>2026-04-14T09:35:33.274Z</time></trkpt>
	<trkpt lat='39.1174817' lon='9.1218683'><time>2026-04-14T09:41:04.271Z</time></trkpt>
	<trkpt lat='39.1854683' lon='9.1723117'><time>2026-04-14T10:37:26.279Z</time></trkpt>
	<trkpt lat='39.187925' lon='9.1727467'><time>2026-04-14T10:39:29.280Z</time></trkpt>
	<trkpt lat='39.1900283' lon='9.17153'><time>2026-04-14T10:41:33.276Z</time></trkpt>
	<trkpt lat='39.19236' lon='9.1695133'><time>2026-04-14T10:43:41.279Z</time></trkpt>
	<trkpt lat='39.1957167' lon='9.1644333'><time>2026-04-14T10:49:04.278Z</time></trkpt>
	<trkpt lat='39.1959483' lon='9.1649467'><time>2026-04-14T13:53:45.299Z</time></trkpt>
	<trkpt lat='39.19584' lon='9.1645833'><time>2026-06-24T23:20:22.139Z</time></trkpt>
	<trkpt lat='38.9885967' lon='9.0169833'><time>2026-04-13T19:38:41.140Z</time></trkpt>
	<trkpt lat='39.1956217' lon='9.1646833'><time>2026-06-26T01:39:14.292Z</time></trkpt>
	<trkpt lat='39.195865' lon='9.16459'><time>2026-06-26T09:26:01.337Z</time></trkpt>
	<trkpt lat='39.194625' lon='9.1670583'><time>2026-06-26T09:42:08.338Z</time></trkpt>
	<trkpt lat='39.1887233' lon='9.1735517'><time>2026-06-26T09:48:49.340Z</time></trkpt>
	<trkpt lat='39.1883733' lon='9.1736233'><time>2026-06-26T09:49:17.340Z</time></trkpt>
	<trkpt lat='39.1855483' lon='9.1710433'><time>2026-06-26T09:52:26.340Z</time></trkpt>
	<trkpt lat='39.1785417' lon='9.1663867'><time>2026-06-26T09:58:24.343Z</time></trkpt>
	<trkpt lat='39.1536317' lon='9.1459367'><time>2026-06-26T10:19:59.343Z</time></trkpt>
	<trkpt lat='39.1315333' lon='9.1300917'><time>2026-06-26T10:38:37.345Z</time></trkpt>
	<trkpt lat='39.1235033' lon='9.1236833'><time>2026-06-26T10:45:34.345Z</time></trkpt>
	<trkpt lat='39.1033933' lon='9.10407'><time>2026-06-26T11:04:16.347Z</time></trkpt>
	<trkpt lat='39.093475' lon='9.0914967'><time>2026-06-26T11:13:53.348Z</time></trkpt>
	<trkpt lat='39.076075' lon='9.1350817'><time>2026-06-26T11:42:43.351Z</time></trkpt>
	<trkpt lat='39.0683917' lon='9.15613'><time>2026-06-26T11:57:07.353Z</time></trkpt>
	<trkpt lat='39.0451767' lon='9.12253'><time>2026-06-26T12:24:13.360Z</time></trkpt>
	<trkpt lat='39.0382433' lon='9.1121067'><time>2026-06-26T12:33:31.357Z</time></trkpt>
	<trkpt lat='39.0357733' lon='9.1076033'><time>2026-06-26T12:37:04.358Z</time></trkpt>
	<trkpt lat='39.0259717' lon='9.0871133'><time>2026-06-26T12:51:55.360Z</time></trkpt>
	<trkpt lat='39.0224483' lon='9.0789383'><time>2026-06-26T12:57:58.360Z</time></trkpt>
	<trkpt lat='39.01724' lon='9.0646717'><time>2026-06-26T13:07:53.364Z</time></trkpt>
	<trkpt lat='39.0131133' lon='9.0521033'><time>2026-06-26T13:16:04.363Z</time></trkpt>
	<trkpt lat='39.0099183' lon='9.0556217'><time>2026-06-26T13:20:08.363Z</time></trkpt>
	<trkpt lat='38.9970517' lon='9.0715517'><time>2026-06-26T13:33:22.365Z</time></trkpt>
	<trkpt lat='38.9885233' lon='9.0798667'><time>2026-06-26T13:41:12.368Z</time></trkpt>
	<trkpt lat='38.9874483' lon='9.0808467'><time>2026-06-26T13:42:10.366Z</time></trkpt>
	<trkpt lat='38.9871867' lon='9.080725'><time>2026-06-26T13:42:43.368Z</time></trkpt>
	<trkpt lat='38.9860333' lon='9.07273'><time>2026-06-26T13:47:18.366Z</time></trkpt>
	<trkpt lat='38.9869667' lon='9.040155'><time>2026-06-26T14:01:45.368Z</time></trkpt>
	<trkpt lat='38.9877467' lon='9.0350883'><time>2026-06-26T14:03:57.368Z</time></trkpt>
	<trkpt lat='38.9879383' lon='9.02986'><time>2026-06-26T14:06:15.369Z</time></trkpt>
	<trkpt lat='38.9884133' lon='9.0270767'><time>2026-06-26T14:07:26.369Z</time></trkpt>
	<trkpt lat='38.9906117' lon='9.0247717'><time>2026-06-26T14:09:21.369Z</time></trkpt>
	<trkpt lat='38.99097' lon='9.0235'><time>2026-06-26T14:10:47.369Z</time></trkpt>
	<trkpt lat='38.9896733' lon='9.01921'><time>2026-06-26T14:13:57.371Z</time></trkpt>
	<trkpt lat='38.9888317' lon='9.0182983'><time>2026-06-26T14:15:08.370Z</time></trkpt>
	<trkpt lat='38.98869' lon='9.017355'><time>2026-06-26T14:15:59.370Z</time></trkpt>
	<trkpt lat='38.9889067' lon='9.0172967'><time>2026-06-26T14:17:49.371Z</time></trkpt>
	<trkpt lat='38.9886033' lon='9.0169417'><time>2026-06-26T18:13:43.368Z</time></trkpt>
	<trkpt lat='38.98868' lon='9.0171517'><time>2026-06-26T21:55:19.538Z</time></trkpt>
	<trkpt lat='38.9886483' lon='9.0169033'><time>2026-06-27T07:17:51.584Z</time></trkpt>
	<trkpt lat='38.9891717' lon='9.0178867'><time>2026-06-27T07:20:40.584Z</time></trkpt>
	<trkpt lat='38.9889983' lon='9.0197917'><time>2026-06-27T07:22:41.584Z</time></trkpt>
	<trkpt lat='38.9856383' lon='9.0259733'><time>2026-06-27T07:28:33.585Z</time></trkpt>
	<trkpt lat='38.984925' lon='9.026245'><time>2026-06-27T07:29:00.585Z</time></trkpt>
	<trkpt lat='38.98149' lon='9.0247283'><time>2026-06-27T07:31:24.585Z</time></trkpt>
	<trkpt lat='38.9600217' lon='8.99419'><time>2026-06-27T07:51:51.587Z</time></trkpt>
	<trkpt lat='38.957425' lon='8.9919667'><time>2026-06-27T07:58:00.588Z</time></trkpt>
	<trkpt lat='38.9525367' lon='8.9857867'><time>2026-06-27T08:09:47.589Z</time></trkpt>
	<trkpt lat='38.9426033' lon='8.9710817'><time>2026-06-27T08:36:10.593Z</time></trkpt>
	<trkpt lat='38.8721183' lon='8.8698567'><time>2026-06-27T10:25:36.608Z</time></trkpt>
	<trkpt lat='38.87128' lon='8.8682133'><time>2026-06-27T10:26:52.604Z</time></trkpt>
	<trkpt lat='38.8709133' lon='8.8658283'><time>2026-06-27T10:28:43.604Z</time></trkpt>
	<trkpt lat='38.8576833' lon='8.642285'><time>2026-06-27T12:55:04.621Z</time></trkpt>
	<trkpt lat='38.8681883' lon='8.6108067'><time>2026-06-27T13:24:03.624Z</time></trkpt>
	<trkpt lat='38.92486' lon='8.45993'><time>2026-06-27T15:47:19.641Z</time></trkpt>
	<trkpt lat='38.9252967' lon='8.458105'><time>2026-06-27T15:49:51.642Z</time></trkpt>
	<trkpt lat='38.927495' lon='8.4534367'><time>2026-06-27T15:56:54.643Z</time></trkpt>
	<trkpt lat='38.9285617' lon='8.45012'><time>2026-06-27T16:00:55.643Z</time></trkpt>
	<trkpt lat='38.9300567' lon='8.44745'><time>2026-06-27T16:06:33.644Z</time></trkpt>
	<trkpt lat='38.93263' lon='8.4406417'><time>2026-06-27T16:11:09.645Z</time></trkpt>
	<trkpt lat='38.9441817' lon='8.42012'><time>2026-06-27T16:22:47.646Z</time></trkpt>
	<trkpt lat='38.949715' lon='8.411265'><time>2026-06-27T16:28:03.648Z</time></trkpt>
	<trkpt lat='38.9524917' lon='8.4076817'><time>2026-06-27T16:30:24.647Z</time></trkpt>
	<trkpt lat='38.95391' lon='8.4063217'><time>2026-06-27T16:31:27.647Z</time></trkpt>
	<trkpt lat='38.9675267' lon='8.3953917'><time>2026-06-27T16:40:49.648Z</time></trkpt>
	<trkpt lat='39.017625' lon='8.3599367'><time>2026-06-27T17:13:58.653Z</time></trkpt>
	<trkpt lat='39.02256' lon='8.3583067'><time>2026-06-27T17:16:55.655Z</time></trkpt>
	<trkpt lat='39.0711517' lon='8.32253'><time>2026-06-27T17:49:22.657Z</time></trkpt>
	<trkpt lat='39.0946017' lon='8.3075383'><time>2026-06-27T18:05:05.660Z</time></trkpt>
	<trkpt lat='39.0979317' lon='8.3045533'><time>2026-06-27T18:07:32.660Z</time></trkpt>
	<trkpt lat='39.100015' lon='8.3034983'><time>2026-06-27T18:09:58.660Z</time></trkpt>
	<trkpt lat='39.0998583' lon='8.303365'><time>2026-06-27T18:15:31.661Z</time></trkpt>
	<trkpt lat='39.100205' lon='8.303995'><time>2026-07-01T07:52:32.681Z</time></trkpt>
	<trkpt lat='39.09965' lon='8.3043583'><time>2026-07-01T07:55:07.682Z</time></trkpt>
	<trkpt lat='39.09892' lon='8.3060317'><time>2026-07-01T07:56:09.681Z</time></trkpt>
	<trkpt lat='39.09914' lon='8.3074617'><time>2026-07-01T07:56:53.681Z</time></trkpt>
	<trkpt lat='39.1002083' lon='8.3091683'><time>2026-07-01T07:57:58.681Z</time></trkpt>
	<trkpt lat='39.1227933' lon='8.3226017'><time>2026-07-01T08:12:08.682Z</time></trkpt>
	<trkpt lat='39.1278817' lon='8.323325'><time>2026-07-01T08:15:01.683Z</time></trkpt>
	<trkpt lat='39.1383483' lon='8.3228183'><time>2026-07-01T08:20:51.683Z</time></trkpt>
	<trkpt lat='39.1401' lon='8.322155'><time>2026-07-01T08:21:53.683Z</time></trkpt>
	<trkpt lat='39.1440133' lon='8.3187717'><time>2026-07-01T08:24:32.684Z</time></trkpt>
	<trkpt lat='39.14486' lon='8.3174767'><time>2026-07-01T08:25:16.683Z</time></trkpt>
	<trkpt lat='39.1448317' lon='8.3160817'><time>2026-07-01T08:25:53.684Z</time></trkpt>
	<trkpt lat='39.1432017' lon='8.3086933'><time>2026-07-01T08:31:06.684Z</time></trkpt>
	<trkpt lat='39.1437217' lon='8.3081'><time>2026-07-01T08:32:17.687Z</time></trkpt>
	<trkpt lat='39.1449717' lon='8.3178133'><time>2026-07-01T09:48:00.690Z</time></trkpt>
	<trkpt lat='39.144645' lon='8.3184183'><time>2026-07-01T09:48:21.695Z</time></trkpt>
	<trkpt lat='39.1431633' lon='8.31925'><time>2026-07-01T09:49:17.691Z</time></trkpt>
	<trkpt lat='39.1395683' lon='8.3223667'><time>2026-07-01T09:51:47.690Z</time></trkpt>
	<trkpt lat='39.1261283' lon='8.3212967'><time>2026-07-01T09:59:08.691Z</time></trkpt>
	<trkpt lat='39.1179667' lon='8.3178533'><time>2026-07-01T10:03:39.691Z</time></trkpt>
	<trkpt lat='39.10777' lon='8.3130283'><time>2026-07-01T10:09:20.692Z</time></trkpt>
	<trkpt lat='39.0995067' lon='8.3074517'><time>2026-07-01T10:14:17.692Z</time></trkpt>
	<trkpt lat='39.0988883' lon='8.3065167'><time>2026-07-01T10:14:50.692Z</time></trkpt>
	<trkpt lat='39.0983867' lon='8.3036367'><time>2026-07-01T10:16:50.692Z</time></trkpt>
	<trkpt lat='39.098265' lon='8.301975'><time>2026-07-01T10:18:33.692Z</time></trkpt>
	<trkpt lat='39.0986433' lon='8.300905'><time>2026-07-01T10:20:09.692Z</time></trkpt>
	<trkpt lat='39.09859' lon='8.3011317'><time>2026-07-01T10:22:08.693Z</time></trkpt>
	<trkpt lat='39.0985617' lon='8.3014283'><time>2026-07-02T13:08:06.620Z</time></trkpt>
	<trkpt lat='39.098455' lon='8.30061'><time>2026-07-02T20:49:14.618Z</time></trkpt>
	<trkpt lat='39.0983383' lon='8.30107'><time>2026-07-03T07:16:55.167Z</time></trkpt>
	<trkpt lat='39.0988317' lon='8.3008033'><time>2026-07-03T07:23:09.559Z</time></trkpt>
	<trkpt lat='39.0988867' lon='8.301025'><time>2026-07-03T07:23:37.088Z</time></trkpt>
	<trkpt lat='39.0988833' lon='8.3054417'><time>2026-07-03T07:27:08.202Z</time></trkpt>
	<trkpt lat='39.0992833' lon='8.30647'><time>2026-07-03T07:27:52.748Z</time></trkpt>
	<trkpt lat='39.1002117' lon='8.3075817'><time>2026-07-03T07:28:54.122Z</time></trkpt>
	<trkpt lat='39.1049483' lon='8.3110067'><time>2026-07-03T07:32:46.606Z</time></trkpt>
	<trkpt lat='39.1210683' lon='8.3195583'><time>2026-07-03T07:43:32.911Z</time></trkpt>
	<trkpt lat='39.132585' lon='8.3214583'><time>2026-07-03T07:50:40.662Z</time></trkpt>
	<trkpt lat='39.1398167' lon='8.3222267'><time>2026-07-03T07:55:10.982Z</time></trkpt>
	<trkpt lat='39.1445933' lon='8.3180183'><time>2026-07-03T07:58:47.928Z</time></trkpt>
	<trkpt lat='39.144975' lon='8.3167883'><time>2026-07-03T07:59:27.593Z</time></trkpt>
	<trkpt lat='39.14316' lon='8.308295'><time>2026-07-03T08:05:54.090Z</time></trkpt>
	<trkpt lat='39.143215' lon='8.3082433'><time>2026-07-04T08:05:54.181Z</time></trkpt>
	<trkpt lat='39.145225' lon='8.3171783'><time>2026-07-06T08:21:03.339Z</time></trkpt>
	<trkpt lat='39.146765' lon='8.3193783'><time>2026-07-06T08:22:50.339Z</time></trkpt>
	<trkpt lat='39.1497633' lon='8.32154'><time>2026-07-06T08:25:47.339Z</time></trkpt>
	<trkpt lat='39.15328' lon='8.3215233'><time>2026-07-06T08:28:57.340Z</time></trkpt>
	<trkpt lat='39.1650583' lon='8.3126083'><time>2026-07-06T10:00:31.346Z</time></trkpt>
	<trkpt lat='39.1650633' lon='8.3130283'><time>2026-07-06T14:03:18.550Z</time></trkpt>
	<trkpt lat='39.1649183' lon='8.3127133'><time>2026-07-07T07:47:02.650Z</time></trkpt>
	<trkpt lat='39.1652417' lon='8.3127367'><time>2026-07-07T07:48:45.651Z</time></trkpt>
	<trkpt lat='39.1655617' lon='8.3133283'><time>2026-07-07T07:49:35.650Z</time></trkpt>
	<trkpt lat='39.1674583' lon='8.31753'><time>2026-07-07T07:53:50.650Z</time></trkpt>
	<trkpt lat='39.17381' lon='8.3261317'><time>2026-07-07T08:03:56.651Z</time></trkpt>
	<trkpt lat='39.176105' lon='8.3282967'><time>2026-07-07T08:06:44.651Z</time></trkpt>
	<trkpt lat='39.179955' lon='8.3309167'><time>2026-07-07T08:11:12.653Z</time></trkpt>
	<trkpt lat='39.1833533' lon='8.3322317'><time>2026-07-07T08:15:16.652Z</time></trkpt>
	<trkpt lat='39.185305' lon='8.3341283'><time>2026-07-07T08:18:24.653Z</time></trkpt>
	<trkpt lat='39.18648' lon='8.33485'><time>2026-07-07T08:20:01.653Z</time></trkpt>
	<trkpt lat='39.1919517' lon='8.336415'><time>2026-07-07T08:27:53.653Z</time></trkpt>
	<trkpt lat='39.1980383' lon='8.33993'><time>2026-07-07T08:37:07.654Z</time></trkpt>
	<trkpt lat='39.20002' lon='8.3405817'><time>2026-07-07T08:40:10.654Z</time></trkpt>
	<trkpt lat='39.203125' lon='8.342715'><time>2026-07-07T08:45:49.655Z</time></trkpt>
	<trkpt lat='39.2090767' lon='8.3452083'><time>2026-07-07T08:57:58.656Z</time></trkpt>
	<trkpt lat='39.213445' lon='8.3461333'><time>2026-07-07T09:06:09.657Z</time></trkpt>
	<trkpt lat='39.218745' lon='8.3481483'><time>2026-07-07T09:15:59.657Z</time></trkpt>
	<trkpt lat='39.2127783' lon='8.3393267'><time>2026-07-07T09:31:03.659Z</time></trkpt>
	<trkpt lat='39.214605' lon='8.3409267'><time>2026-07-07T09:34:10.659Z</time></trkpt>
	<trkpt lat='39.2219817' lon='8.3450833'><time>2026-07-07T09:45:22.661Z</time></trkpt>
	<trkpt lat='39.2235733' lon='8.346435'><time>2026-07-07T09:47:32.663Z</time></trkpt>
	<trkpt lat='39.2315933' lon='8.3511233'><time>2026-07-07T09:58:15.662Z</time></trkpt>
	<trkpt lat='39.23593' lon='8.3556767'><time>2026-07-07T10:04:25.662Z</time></trkpt>
	<trkpt lat='39.2366283' lon='8.3565133'><time>2026-07-07T10:05:31.662Z</time></trkpt>
	<trkpt lat='39.2365417' lon='8.3568933'><time>2026-07-07T10:06:20.663Z</time></trkpt>
	<trkpt lat='39.23532' lon='8.3551883'><time>2026-07-07T10:10:44.663Z</time></trkpt>
	<trkpt lat='39.2360017' lon='8.3534583'><time>2026-07-07T10:12:35.663Z</time></trkpt>
	<trkpt lat='39.2371967' lon='8.3480833'><time>2026-07-07T10:15:46.663Z</time></trkpt>
	<trkpt lat='39.23762' lon='8.3472683'><time>2026-07-07T10:16:26.663Z</time></trkpt>
	<trkpt lat='39.2376467' lon='8.34751'><time>2026-07-07T10:16:48.664Z</time></trkpt>
	<trkpt lat='39.2369783' lon='8.3474917'><time>2026-07-07T10:17:22.664Z</time></trkpt>
	<trkpt lat='39.23679' lon='8.3461333'><time>2026-07-07T10:18:18.663Z</time></trkpt>
	<trkpt lat='39.240425' lon='8.3450683'><time>2026-07-07T10:20:48.664Z</time></trkpt>
	<trkpt lat='39.24281' lon='8.3437583'><time>2026-07-07T10:22:32.664Z</time></trkpt>
	<trkpt lat='39.2439867' lon='8.343575'><time>2026-07-07T10:23:21.664Z</time></trkpt>
	<trkpt lat='39.248695' lon='8.3442717'><time>2026-07-07T10:26:28.666Z</time></trkpt>
	<trkpt lat='39.252965' lon='8.3457583'><time>2026-07-07T10:34:08.665Z</time></trkpt>
	<trkpt lat='39.26076' lon='8.352195'><time>2026-07-07T10:49:08.667Z</time></trkpt>
	<trkpt lat='39.2813017' lon='8.3718567'><time>2026-07-07T11:05:39.668Z</time></trkpt>
	<trkpt lat='39.314095' lon='8.4013217'><time>2026-07-07T11:27:29.670Z</time></trkpt>
	<trkpt lat='39.3316417' lon='8.41091'><time>2026-07-07T11:39:02.671Z</time></trkpt>
	<trkpt lat='39.3326933' lon='8.4123033'><time>2026-07-07T11:40:38.672Z</time></trkpt>
	<trkpt lat='39.3337367' lon='8.414485'><time>2026-07-07T11:46:15.672Z</time></trkpt>
	<trkpt lat='39.3355583' lon='8.3978167'><time>2026-07-08T08:14:08.782Z</time></trkpt>
	<trkpt lat='39.33704' lon='8.3929267'><time>2026-07-08T08:16:25.781Z</time></trkpt>
	<trkpt lat='39.3382717' lon='8.3900533'><time>2026-07-08T08:17:49.610Z</time></trkpt>
	<trkpt lat='39.340435' lon='8.3877667'><time>2026-07-08T08:19:22.782Z</time></trkpt>
	<trkpt lat='39.3476533' lon='8.381465'><time>2026-07-08T08:24:13.783Z</time></trkpt>
	<trkpt lat='39.3656817' lon='8.3700033'><time>2026-07-08T08:35:21.783Z</time></trkpt>
	<trkpt lat='39.3720283' lon='8.3684383'><time>2026-07-08T08:39:07.783Z</time></trkpt>
	<trkpt lat='39.37824' lon='8.3675233'><time>2026-07-08T08:42:47.921Z</time></trkpt>
	<trkpt lat='39.433595' lon='8.36934'><time>2026-07-08T09:16:51.786Z</time></trkpt>
	<trkpt lat='39.4379383' lon='8.3695833'><time>2026-07-08T09:19:35.786Z</time></trkpt>
	<trkpt lat='39.439755' lon='8.3700083'><time>2026-07-08T09:22:50.787Z</time></trkpt>
	<trkpt lat='39.45311' lon='8.3707433'><time>2026-07-08T09:43:36.788Z</time></trkpt>
	<trkpt lat='39.8403483' lon='8.4390167'><time>2026-07-08T16:03:52.827Z</time></trkpt>
	<trkpt lat='39.8576467' lon='8.43914'><time>2026-07-08T16:17:50.467Z</time></trkpt>
	<trkpt lat='39.8594967' lon='8.439605'><time>2026-07-08T16:19:24.828Z</time></trkpt>
	<trkpt lat='39.8605433' lon='8.44023'><time>2026-07-08T16:20:25.827Z</time></trkpt>
	<trkpt lat='39.8607333' lon='8.4400167'><time>2026-07-08T16:21:19.294Z</time></trkpt>
	<trkpt lat='39.8607267' lon='8.4400117'><time>2026-07-09T07:50:03.886Z</time></trkpt>
	<trkpt lat='39.8598267' lon='8.440115'><time>2026-07-09T07:51:02.885Z</time></trkpt>
	<trkpt lat='39.8584683' lon='8.4393317'><time>2026-07-09T07:52:15.885Z</time></trkpt>
	<trkpt lat='39.8551733' lon='8.435575'><time>2026-07-09T07:54:59.885Z</time></trkpt>
	<trkpt lat='39.8542217' lon='8.4330467'><time>2026-07-09T07:56:17.885Z</time></trkpt>
	<trkpt lat='39.855045' lon='8.4313983'><time>2026-07-09T07:57:39.885Z</time></trkpt>
	<trkpt lat='39.8712633' lon='8.4111267'><time>2026-07-09T08:18:07.887Z</time></trkpt>
	<trkpt lat='39.89224' lon='8.3975917'><time>2026-07-09T08:47:54.889Z</time></trkpt>
	<trkpt lat='39.90062' lon='8.3932367'><time>2026-07-09T09:01:16.890Z</time></trkpt>
	<trkpt lat='39.9619717' lon='8.38318'><time>2026-07-09T09:37:15.892Z</time></trkpt>
	<trkpt lat='40.0227733' lon='8.3745167'><time>2026-07-09T10:12:19.895Z</time></trkpt>
	<trkpt lat='40.0354433' lon='8.3736383'><time>2026-07-09T10:19:01.896Z</time></trkpt>
	<trkpt lat='40.0365867' lon='8.3738533'><time>2026-07-09T10:19:37.897Z</time></trkpt>
	<trkpt lat='40.0379883' lon='8.37464'><time>2026-07-09T10:20:25.898Z</time></trkpt>
	<trkpt lat='40.039415' lon='8.37657'><time>2026-07-09T10:21:32.896Z</time></trkpt>
	<trkpt lat='40.0443317' lon='8.38183'><time>2026-07-09T10:24:53.897Z</time></trkpt>
	<trkpt lat='40.0576617' lon='8.4021733'><time>2026-07-09T10:35:47.898Z</time></trkpt>
	<trkpt lat='40.0581067' lon='8.403275'><time>2026-07-09T10:36:19.898Z</time></trkpt>
	<trkpt lat='40.05845' lon='8.405205'><time>2026-07-09T10:37:09.898Z</time></trkpt>
	<trkpt lat='40.0583167' lon='8.4072967'><time>2026-07-09T10:38:04.899Z</time></trkpt>
	<trkpt lat='40.0574967' lon='8.409015'><time>2026-07-09T10:39:00.898Z</time></trkpt>
	<trkpt lat='40.0563583' lon='8.409985'><time>2026-07-09T10:39:50.898Z</time></trkpt>
	<trkpt lat='40.05547' lon='8.410395'><time>2026-07-09T10:40:24.898Z</time></trkpt>
	<trkpt lat='40.0497467' lon='8.4110283'><time>2026-07-09T10:44:05.899Z</time></trkpt>
	<trkpt lat='40.0468583' lon='8.4105217'><time>2026-07-09T10:54:20.900Z</time></trkpt>
	<trkpt lat='40.046675' lon='8.4106'><time>2026-07-09T15:13:19.925Z</time></trkpt>
	<trkpt lat='40.046895' lon='8.410235'><time>2026-07-10T08:57:58.028Z</time></trkpt>
	<trkpt lat='40.046545' lon='8.4102217'><time>2026-07-10T09:03:58.028Z</time></trkpt>
	<trkpt lat='40.0466667' lon='8.41004'><time>2026-07-10T09:04:25.028Z</time></trkpt>
	<trkpt lat='40.0474167' lon='8.410005'><time>2026-07-10T09:05:17.028Z</time></trkpt>
	<trkpt lat='40.0526683' lon='8.4112367'><time>2026-07-10T09:10:29.029Z</time></trkpt>
	<trkpt lat='40.0843617' lon='8.404055'><time>2026-07-10T09:38:25.030Z</time></trkpt>
	<trkpt lat='40.1043767' lon='8.3997467'><time>2026-07-10T09:51:01.031Z</time></trkpt>
	<trkpt lat='40.1070667' lon='8.3994833'><time>2026-07-10T09:52:39.031Z</time></trkpt>
	<trkpt lat='40.2034483' lon='8.3781533'><time>2026-07-10T11:03:28.039Z</time></trkpt>
	<trkpt lat='40.36471' lon='8.34217'><time>2026-07-10T12:52:10.049Z</time></trkpt>
	<trkpt lat='40.3737867' lon='8.3403767'><time>2026-07-10T13:00:23.050Z</time></trkpt>
	<trkpt lat='40.37825' lon='8.3391217'><time>2026-07-10T13:04:59.051Z</time></trkpt>
	<trkpt lat='40.3886367' lon='8.33752'><time>2026-07-10T13:15:09.052Z</time></trkpt>
	<trkpt lat='40.44057' lon='8.325715'><time>2026-07-10T13:41:49.056Z</time></trkpt>
	<trkpt lat='40.5369617' lon='8.3065383'><time>2026-07-10T14:31:35.061Z</time></trkpt>
	<trkpt lat='40.5450933' lon='8.3059167'><time>2026-07-10T14:35:50.062Z</time></trkpt>
	<trkpt lat='40.558795' lon='8.302445'><time>2026-07-10T14:43:16.062Z</time></trkpt>
	<trkpt lat='40.5614367' lon='8.30246'><time>2026-07-10T14:44:43.063Z</time></trkpt>
	<trkpt lat='40.566095' lon='8.30371'><time>2026-07-10T14:47:17.063Z</time></trkpt>
	<trkpt lat='40.5669317' lon='8.305585'><time>2026-07-10T14:48:12.063Z</time></trkpt>
	<trkpt lat='40.5673783' lon='8.3090417'><time>2026-07-10T14:50:27.063Z</time></trkpt>
	<trkpt lat='40.56738' lon='8.3127117'><time>2026-07-10T14:53:42.066Z</time></trkpt>
	<trkpt lat='40.568085' lon='8.313465'><time>2026-07-10T14:56:00.064Z</time></trkpt>
	<trkpt lat='40.5680167' lon='8.3132433'><time>2026-07-10T14:58:00.064Z</time></trkpt>
	<trkpt lat='40.5684217' lon='8.31428'><time>2026-07-10T15:07:06.065Z</time></trkpt>
	<trkpt lat='40.5686017' lon='8.3140417'><time>2026-07-10T15:15:36.066Z</time></trkpt>
	<trkpt lat='40.5660717' lon='8.308685'><time>2026-07-10T15:20:05.067Z</time></trkpt>
	<trkpt lat='40.5653283' lon='8.3074367'><time>2026-07-10T15:21:00.067Z</time></trkpt>
	<trkpt lat='40.56482' lon='8.3071317'><time>2026-07-10T15:21:30.068Z</time></trkpt>
	<trkpt lat='40.5640883' lon='8.307255'><time>2026-07-10T15:22:08.067Z</time></trkpt>
	<trkpt lat='40.563535' lon='8.3078867'><time>2026-07-10T15:22:44.067Z</time></trkpt>
	<trkpt lat='40.5609483' lon='8.3130767'><time>2026-07-10T15:27:02.068Z</time></trkpt>
	<trkpt lat='40.5611083' lon='8.3126517'><time>2026-07-10T15:35:02.069Z</time></trkpt>
	<trkpt lat='40.560885' lon='8.31304'><time>2026-07-10T15:37:04.069Z</time></trkpt>
	<trkpt lat='40.5606233' lon='8.3123717'><time>2026-07-10T15:49:19.071Z</time></trkpt>
	<trkpt lat='40.5605633' lon='8.3122533'><time>2026-07-10T16:14:11.045Z</time></trkpt>
	<trkpt lat='40.5608283' lon='8.312875'><time>2026-07-11T08:24:18.119Z</time></trkpt>
	<trkpt lat='40.5604833' lon='8.3123583'><time>2026-07-11T09:11:02.123Z</time></trkpt>
	<trkpt lat='40.5610517' lon='8.3128417'><time>2026-07-14T07:57:49.838Z</time></trkpt>
	<trkpt lat='40.5613617' lon='8.3125683'><time>2026-07-14T07:58:24.839Z</time></trkpt>
	<trkpt lat='40.5621017' lon='8.3103467'><time>2026-07-14T08:00:44.839Z</time></trkpt>
	<trkpt lat='40.5635083' lon='8.3083867'><time>2026-07-14T08:02:57.839Z</time></trkpt>
	<trkpt lat='40.5647533' lon='8.3072217'><time>2026-07-14T08:04:14.839Z</time></trkpt>
	<trkpt lat='40.5666017' lon='8.30645'><time>2026-07-14T08:05:37.839Z</time></trkpt>
	<trkpt lat='40.56726' lon='8.3055433'><time>2026-07-14T08:06:14.839Z</time></trkpt>
	<trkpt lat='40.5676383' lon='8.3030867'><time>2026-07-14T08:07:57.841Z</time></trkpt>
	<trkpt lat='40.5678133' lon='8.2971917'><time>2026-07-14T08:11:57.841Z</time></trkpt>
	<trkpt lat='40.5669817' lon='8.283905'><time>2026-07-14T08:21:27.842Z</time></trkpt>
	<trkpt lat='40.56346' lon='8.24614'><time>2026-07-14T08:50:05.850Z</time></trkpt>
	<trkpt lat='40.5612167' lon='8.24366'><time>2026-07-14T08:54:17.846Z</time></trkpt>
	<trkpt lat='40.5634567' lon='8.24008'><time>2026-07-14T08:59:44.847Z</time></trkpt>
	<trkpt lat='40.5617533' lon='8.238345'><time>2026-07-14T09:05:10.847Z</time></trkpt>
	<trkpt lat='40.5561817' lon='8.1681067'><time>2026-07-14T09:33:38.850Z</time></trkpt>
	<trkpt lat='40.5581583' lon='8.1613617'><time>2026-07-14T09:36:27.852Z</time></trkpt>
	<trkpt lat='40.5605917' lon='8.156935'><time>2026-07-14T09:38:33.851Z</time></trkpt>
	<trkpt lat='40.5682967' lon='8.14817'><time>2026-07-14T09:44:07.852Z</time></trkpt>
	<trkpt lat='40.602785' lon='8.1346233'><time>2026-07-14T10:04:51.854Z</time></trkpt>
	<trkpt lat='40.6489867' lon='8.1314183'><time>2026-07-14T10:30:50.857Z</time></trkpt>
	<trkpt lat='40.6494117' lon='8.1304367'><time>2026-07-14T10:32:06.858Z</time></trkpt>
	<trkpt lat='40.650155' lon='8.1302783'><time>2026-07-14T10:32:48.858Z</time></trkpt>
	<trkpt lat='40.706635' lon='8.1270667'><time>2026-07-14T11:05:34.862Z</time></trkpt>
	<trkpt lat='40.7079333' lon='8.1241117'><time>2026-07-14T11:08:15.862Z</time></trkpt>
	<trkpt lat='40.7093367' lon='8.1182467'><time>2026-07-14T11:13:35.863Z</time></trkpt>
	<trkpt lat='40.71266' lon='8.1102833'><time>2026-07-14T11:19:01.865Z</time></trkpt>
	<trkpt lat='40.7184767' lon='8.099455'><time>2026-07-14T11:27:46.865Z</time></trkpt>
	<trkpt lat='40.724595' lon='8.0899533'><time>2026-07-14T11:35:01.866Z</time></trkpt>
	<trkpt lat='40.7310233' lon='8.081685'><time>2026-07-14T11:41:58.866Z</time></trkpt>
	<trkpt lat='40.7341983' lon='8.078085'><time>2026-07-14T11:44:45.867Z</time></trkpt>
	<trkpt lat='40.7383283' lon='8.072385'><time>2026-07-14T11:48:50.867Z</time></trkpt>
	<trkpt lat='40.74192' lon='8.067095'><time>2026-07-14T11:53:07.868Z</time></trkpt>
	<trkpt lat='40.74225' lon='8.0656783'><time>2026-07-14T11:54:18.860Z</time></trkpt>
	<trkpt lat='40.7431983' lon='8.07071'><time>2026-07-14T11:59:49.553Z</time></trkpt>
	<trkpt lat='40.7444733' lon='8.0745917'><time>2026-07-14T12:03:13.869Z</time></trkpt>
	<trkpt lat='40.74589' lon='8.0820733'><time>2026-07-14T12:08:11.869Z</time></trkpt>
	<trkpt lat='40.7495333' lon='8.094785'><time>2026-07-14T12:16:42.871Z</time></trkpt>
	<trkpt lat='40.7527' lon='8.1027783'><time>2026-07-14T12:22:12.871Z</time></trkpt>
	<trkpt lat='40.7618283' lon='8.1290133'><time>2026-07-14T12:37:44.873Z</time></trkpt>
	<trkpt lat='40.7688183' lon='8.14778'><time>2026-07-14T12:49:10.877Z</time></trkpt>
	<trkpt lat='40.772245' lon='8.1432983'><time>2026-07-14T12:53:55.876Z</time></trkpt>
	<trkpt lat='40.7775933' lon='8.13798'><time>2026-07-14T12:59:35.881Z</time></trkpt>
	<trkpt lat='40.7881983' lon='8.1289867'><time>2026-07-14T13:11:14.878Z</time></trkpt>
	<trkpt lat='40.7934767' lon='8.12522'><time>2026-07-14T13:16:26.878Z</time></trkpt>
	<trkpt lat='40.80007' lon='8.12109'><time>2026-07-14T13:22:47.879Z</time></trkpt>
	<trkpt lat='40.8083283' lon='8.1172883'><time>2026-07-14T13:30:21.882Z</time></trkpt>
	<trkpt lat='40.8143083' lon='8.1153883'><time>2026-07-14T13:35:37.881Z</time></trkpt>
	<trkpt lat='40.8245783' lon='8.1130367'><time>2026-07-14T13:45:13.882Z</time></trkpt>
	<trkpt lat='40.8276783' lon='8.1118383'><time>2026-07-14T13:48:03.882Z</time></trkpt>
	<trkpt lat='40.8313967' lon='8.1088267'><time>2026-07-14T13:52:05.885Z</time></trkpt>
	<trkpt lat='40.832735' lon='8.1071133'><time>2026-07-14T13:53:55.883Z</time></trkpt>
	<trkpt lat='40.834585' lon='8.10367'><time>2026-07-14T13:57:41.884Z</time></trkpt>
	<trkpt lat='40.8351383' lon='8.1049067'><time>2026-07-14T13:59:59.884Z</time></trkpt>
	<trkpt lat='40.8380583' lon='8.1084117'><time>2026-07-14T14:06:19.884Z</time></trkpt>
	<trkpt lat='40.841095' lon='8.1133883'><time>2026-07-14T14:13:20.885Z</time></trkpt>
	<trkpt lat='40.84575' lon='8.11968'><time>2026-07-14T14:24:39.886Z</time></trkpt>
	<trkpt lat='40.9068067' lon='8.1531983'><time>2026-07-14T15:01:51.892Z</time></trkpt>
	<trkpt lat='40.9168367' lon='8.15915'><time>2026-07-14T15:07:40.892Z</time></trkpt>
	<trkpt lat='40.9252183' lon='8.1634583'><time>2026-07-14T15:12:24.893Z</time></trkpt>
	<trkpt lat='40.9406867' lon='8.1705117'><time>2026-07-14T15:20:58.894Z</time></trkpt>
	<trkpt lat='40.9528267' lon='8.17923'><time>2026-07-14T15:28:28.896Z</time></trkpt>
	<trkpt lat='40.9737083' lon='8.198895'><time>2026-07-14T15:42:23.897Z</time></trkpt>
	<trkpt lat='40.9735917' lon='8.2078217'><time>2026-07-14T15:46:00.898Z</time></trkpt>
	<trkpt lat='40.973175' lon='8.208925'><time>2026-07-14T15:46:30.898Z</time></trkpt>
	<trkpt lat='40.9717483' lon='8.2101883'><time>2026-07-14T15:47:24.898Z</time></trkpt>
	<trkpt lat='40.96892' lon='8.2113067'><time>2026-07-14T15:48:54.898Z</time></trkpt>
	<trkpt lat='40.9666133' lon='8.2130133'><time>2026-07-14T15:50:40.898Z</time></trkpt>
	<trkpt lat='40.9629665' lon='8.2178017'><time>2026-07-14T16:26:31.587Z</time></trkpt>
	<trkpt lat='40.9628017' lon='8.2177517'><time>2026-07-15T13:12:59.089Z</time></trkpt>
	<trkpt lat='40.9630783' lon='8.2169883'><time>2026-07-16T17:48:04.868Z</time></trkpt>
	<trkpt lat='40.9631133' lon='8.2169733'><time>2026-07-16T17:57:09.771Z</time></trkpt>
	<trkpt lat='40.9634267' lon='8.2174833'><time>2026-07-17T01:52:27.810Z</time></trkpt>
	<trkpt lat='40.96343' lon='8.217245'><time>2026-07-17T02:32:34.812Z</time></trkpt>
	<trkpt lat='40.9632517' lon='8.217795'><time>2026-07-17T04:49:15.822Z</time></trkpt>
	<trkpt lat='40.9631133' lon='8.2173617'><time>2026-07-17T06:27:26.828Z</time></trkpt>
	<trkpt lat='40.9629833' lon='8.2175267'><time>2026-07-17T06:27:56.828Z</time></trkpt>
	<trkpt lat='40.9635133' lon='8.2196817'><time>2026-07-17T06:29:27.828Z</time></trkpt>
	<trkpt lat='40.963755' lon='8.2253517'><time>2026-07-17T06:32:45.830Z</time></trkpt>
	<trkpt lat='40.9649' lon='8.2300467'><time>2026-07-17T06:35:27.828Z</time></trkpt>
	<trkpt lat='40.9811233' lon='8.2652917'><time>2026-07-17T07:02:33.830Z</time></trkpt>
	<trkpt lat='41.00199' lon='8.300215'><time>2026-07-17T07:36:19.833Z</time></trkpt>
	<trkpt lat='41.0027083' lon='8.3009933'><time>2026-07-17T07:37:24.833Z</time></trkpt>
	<trkpt lat='41.0034467' lon='8.3026667'><time>2026-07-17T07:39:13.833Z</time></trkpt>
	<trkpt lat='41.0169533' lon='8.32546'><time>2026-07-17T08:01:49.835Z</time></trkpt>
	<trkpt lat='41.0231633' lon='8.338245'><time>2026-07-17T08:14:15.836Z</time></trkpt>
	<trkpt lat='41.0265867' lon='8.3465367'><time>2026-07-17T08:22:38.838Z</time></trkpt>
	<trkpt lat='41.0294017' lon='8.3544367'><time>2026-07-17T08:30:24.837Z</time></trkpt>
	<trkpt lat='41.031995' lon='8.3637083'><time>2026-07-17T08:37:17.838Z</time></trkpt>
	<trkpt lat='41.0341617' lon='8.36967'><time>2026-07-17T08:41:57.838Z</time></trkpt>
	<trkpt lat='41.0495817' lon='8.3758283'><time>2026-07-17T08:55:49.839Z</time></trkpt>
	<trkpt lat='41.050635' lon='8.3764933'><time>2026-07-17T08:56:44.839Z</time></trkpt>
	<trkpt lat='41.0588233' lon='8.3795467'><time>2026-07-17T09:03:17.841Z</time></trkpt>
	<trkpt lat='41.0670017' lon='8.383525'><time>2026-07-17T09:09:07.841Z</time></trkpt>
	<trkpt lat='41.0741883' lon='8.3860233'><time>2026-07-17T09:13:18.841Z</time></trkpt>
	<trkpt lat='41.08414' lon='8.390455'><time>2026-07-17T09:19:40.843Z</time></trkpt>
	<trkpt lat='41.0911483' lon='8.3919683'><time>2026-07-17T09:24:42.842Z</time></trkpt>
	<trkpt lat='41.1021267' lon='8.3955417'><time>2026-07-17T09:32:33.843Z</time></trkpt>
	<trkpt lat='41.1132867' lon='8.397455'><time>2026-07-17T09:39:00.843Z</time></trkpt>
	<trkpt lat='41.12302' lon='8.4019367'><time>2026-07-17T09:46:01.847Z</time></trkpt>
	<trkpt lat='41.1260883' lon='8.403945'><time>2026-07-17T09:48:49.846Z</time></trkpt>
	<trkpt lat='41.1289483' lon='8.4065767'><time>2026-07-17T09:51:49.845Z</time></trkpt>
	<trkpt lat='41.1335333' lon='8.412335'><time>2026-07-17T09:56:49.845Z</time></trkpt>
	<trkpt lat='41.140455' lon='8.418965'><time>2026-07-17T10:01:52.846Z</time></trkpt>
	<trkpt lat='41.145325' lon='8.4244333'><time>2026-07-17T10:05:15.846Z</time></trkpt>
	<trkpt lat='41.1477567' lon='8.4265483'><time>2026-07-17T10:06:49.846Z</time></trkpt>
	<trkpt lat='41.1519333' lon='8.43544'><time>2026-07-17T10:12:03.847Z</time></trkpt>
	<trkpt lat='41.1541933' lon='8.4384883'><time>2026-07-17T10:14:55.847Z</time></trkpt>
	<trkpt lat='41.1939117' lon='8.4524217'><time>2026-07-17T10:39:24.849Z</time></trkpt>
	<trkpt lat='41.1987833' lon='8.4546967'><time>2026-07-17T10:42:20.850Z</time></trkpt>
	<trkpt lat='41.2057967' lon='8.4571567'><time>2026-07-17T10:46:29.850Z</time></trkpt>
	<trkpt lat='41.2187333' lon='8.460665'><time>2026-07-17T10:54:01.851Z</time></trkpt>
	<trkpt lat='41.2330483' lon='8.4658833'><time>2026-07-17T11:02:17.851Z</time></trkpt>
	<trkpt lat='41.2389333' lon='8.4677617'><time>2026-07-17T11:05:40.852Z</time></trkpt>
	<trkpt lat='41.241065' lon='8.4680733'><time>2026-07-17T11:06:48.852Z</time></trkpt>
	<trkpt lat='41.249865' lon='8.4710883'><time>2026-07-17T11:11:44.854Z</time></trkpt>
	<trkpt lat='41.2576717' lon='8.4727167'><time>2026-07-17T11:15:59.853Z</time></trkpt>
	<trkpt lat='41.2625567' lon='8.4744583'><time>2026-07-17T11:18:46.853Z</time></trkpt>
	<trkpt lat='41.26579' lon='8.47521'><time>2026-07-17T11:20:32.855Z</time></trkpt>
	<trkpt lat='41.3233917' lon='8.4962533'><time>2026-07-17T11:54:35.856Z</time></trkpt>
	<trkpt lat='41.3300833' lon='8.4992367'><time>2026-07-17T11:58:25.860Z</time></trkpt>
	<trkpt lat='41.3446517' lon='8.5040933'><time>2026-07-17T12:06:34.858Z</time></trkpt>
	<trkpt lat='41.3517667' lon='8.5070933'><time>2026-07-17T12:10:55.858Z</time></trkpt>
	<trkpt lat='41.5605117' lon='8.5832833'><time>2026-07-17T14:59:36.875Z</time></trkpt>
	<trkpt lat='41.7508383' lon='8.65336'><time>2026-07-17T18:06:07.892Z</time></trkpt>
	<trkpt lat='41.75138' lon='8.65365'><time>2026-07-17T18:06:31.894Z</time></trkpt>
	<trkpt lat='41.7521183' lon='8.6550933'><time>2026-07-17T18:07:20.894Z</time></trkpt>
	<trkpt lat='41.7559616' lon='8.664805'><time>2026-07-17T18:12:30.894Z</time></trkpt>
	<trkpt lat='41.7560233' lon='8.665815'><time>2026-07-17T18:12:57.892Z</time></trkpt>
	<trkpt lat='41.7538' lon='8.679945'><time>2026-07-17T18:21:18.894Z</time></trkpt>
	<trkpt lat='41.75313' lon='8.6808083'><time>2026-07-17T18:22:42.894Z</time></trkpt>
	<trkpt lat='41.752085' lon='8.6812167'><time>2026-07-17T18:26:06.894Z</time></trkpt>
	<trkpt lat='41.7515883' lon='8.6810833'><time>2026-07-17T18:26:47.894Z</time></trkpt>
	<trkpt lat='41.7510966' lon='8.68005'><time>2026-07-17T18:27:55.894Z</time></trkpt>
	<trkpt lat='41.749745' lon='8.680745'><time>2026-07-17T18:30:12.894Z</time></trkpt>
	<trkpt lat='41.748285' lon='8.684405'><time>2026-07-17T18:38:18.897Z</time></trkpt>
	<trkpt lat='41.7512066' lon='8.6833317'><time>2026-07-18T09:54:21.323Z</time></trkpt>
	<trkpt lat='41.754195' lon='8.6829833'><time>2026-07-18T09:57:37.521Z</time></trkpt>
	<trkpt lat='41.7568383' lon='8.6831033'><time>2026-07-18T10:00:02.523Z</time></trkpt>
	<trkpt lat='41.765765' lon='8.6850217'><time>2026-07-18T10:09:24.522Z</time></trkpt>
	<trkpt lat='41.7714333' lon='8.687585'><time>2026-07-18T10:16:49.524Z</time></trkpt>
	<trkpt lat='41.785085' lon='8.6907433'><time>2026-07-18T10:35:28.525Z</time></trkpt>
	<trkpt lat='41.887675' lon='8.73879'><time>2026-07-18T11:47:42.534Z</time></trkpt>
	<trkpt lat='41.895125' lon='8.7444667'><time>2026-07-18T11:56:16.537Z</time></trkpt>
	<trkpt lat='41.8972466' lon='8.7454617'><time>2026-07-18T11:58:33.535Z</time></trkpt>
	<trkpt lat='41.9039933' lon='8.747255'><time>2026-07-18T12:05:06.536Z</time></trkpt>
	<trkpt lat='41.9122366' lon='8.7481483'><time>2026-07-18T12:13:27.538Z</time></trkpt>
	<trkpt lat='41.917445' lon='8.7482817'><time>2026-07-18T12:16:48.538Z</time></trkpt>
	<trkpt lat='41.9247866' lon='8.745635'><time>2026-07-18T12:21:29.538Z</time></trkpt>
	<trkpt lat='41.92602' lon='8.744175'><time>2026-07-18T12:23:07.539Z</time></trkpt>
	<trkpt lat='41.927235' lon='8.7420233'><time>2026-07-18T12:26:59.541Z</time></trkpt>
	<trkpt lat='41.9270683' lon='8.7423283'><time>2026-07-18T12:34:49.539Z</time></trkpt>
	<trkpt lat='41.9272016' lon='8.7420117'><time>2026-07-18T12:35:36.539Z</time></trkpt>
	<trkpt lat='41.9277283' lon='8.7449733'><time>2026-07-18T12:43:01.542Z</time></trkpt>
	<trkpt lat='41.927355' lon='8.7435483'><time>2026-07-18T12:56:33.542Z</time></trkpt>
	<trkpt lat='41.9272383' lon='8.7439367'><time>2026-07-18T13:11:53.543Z</time></trkpt>
	<trkpt lat='41.9276283' lon='8.7448067'><time>2026-07-18T13:12:37.543Z</time></trkpt>
	<trkpt lat='41.929875' lon='8.7482333'><time>2026-07-18T13:15:25.549Z</time></trkpt>
	<trkpt lat='41.9317566' lon='8.750255'><time>2026-07-18T13:18:19.544Z</time></trkpt>
	<trkpt lat='41.9326216' lon='8.7507'><time>2026-07-18T13:19:33.546Z</time></trkpt>
	<trkpt lat='41.9318' lon='8.7508433'><time>2026-07-18T13:21:29.544Z</time></trkpt>
	<trkpt lat='41.9317933' lon='8.7512633'><time>2026-07-18T13:22:04.544Z</time></trkpt>
	<trkpt lat='41.9325866' lon='8.7514383'><time>2026-07-18T13:29:46.545Z</time></trkpt>
	<trkpt lat='41.9325533' lon='8.7516767'><time>2026-07-18T15:23:21.990Z</time></trkpt>
	<trkpt lat='41.9324133' lon='8.75191'><time>2026-07-18T16:00:01.995Z</time></trkpt>
	<trkpt lat='41.932585' lon='8.7512667'><time>2026-07-18T16:27:42.999Z</time></trkpt>
	<trkpt lat='41.9324783' lon='8.7516517'><time>2026-07-18T20:33:47.031Z</time></trkpt>
	<trkpt lat='41.9321266' lon='8.7513533'><time>2026-07-19T08:49:30.088Z</time></trkpt>
	<trkpt lat='41.93246' lon='8.7505683'><time>2026-07-19T08:50:57.088Z</time></trkpt>
	<trkpt lat='41.932115' lon='8.7505267'><time>2026-07-19T08:52:06.089Z</time></trkpt>
	<trkpt lat='41.932625' lon='8.7507267'><time>2026-07-19T08:53:13.090Z</time></trkpt>
	<trkpt lat='41.932815' lon='8.750135'><time>2026-07-19T18:32:37.140Z</time></trkpt>
	<trkpt lat='41.9327066' lon='8.7507783'><time>2026-07-21T12:29:02.341Z</time></trkpt>
	<trkpt lat='41.9324266' lon='8.7504833'><time>2026-07-21T13:07:05.340Z</time></trkpt>
	<trkpt lat='41.9328416' lon='8.7503467'><time>2026-07-21T18:21:11.385Z</time></trkpt>
	<trkpt lat='41.9327416' lon='8.7505483'><time>2026-07-21T21:09:44.402Z</time></trkpt>
	<trkpt lat='41.9322066' lon='8.7496817'><time>2026-07-22T09:14:27.400Z</time></trkpt>
	<trkpt lat='41.9290133' lon='8.7506217'><time>2026-07-22T09:17:03.451Z</time></trkpt>
	<trkpt lat='41.926385' lon='8.7501533'><time>2026-07-22T09:19:11.451Z</time></trkpt>
	<trkpt lat='41.9245933' lon='8.75234'><time>2026-07-22T09:21:51.451Z</time></trkpt>
	<trkpt lat='41.92232' lon='8.7543417'><time>2026-07-22T09:23:57.451Z</time></trkpt>
	<trkpt lat='41.9169783' lon='8.7579867'><time>2026-07-22T09:28:23.452Z</time></trkpt>
	<trkpt lat='41.91029' lon='8.7619533'><time>2026-07-22T09:33:55.453Z</time></trkpt>
	<trkpt lat='41.9041083' lon='8.76431'><time>2026-07-22T09:39:00.454Z</time></trkpt>
	<trkpt lat='41.8948966' lon='8.7658867'><time>2026-07-22T09:45:52.453Z</time></trkpt>
	<trkpt lat='41.8864033' lon='8.7652917'><time>2026-07-22T09:52:09.454Z</time></trkpt>
	<trkpt lat='41.8783466' lon='8.7634867'><time>2026-07-22T09:58:09.454Z</time></trkpt>
	<trkpt lat='41.8722633' lon='8.76172'><time>2026-07-22T10:03:01.454Z</time></trkpt>
	<trkpt lat='41.8615733' lon='8.7578633'><time>2026-07-22T10:11:57.455Z</time></trkpt>
	<trkpt lat='41.8538366' lon='8.7560283'><time>2026-07-22T10:18:35.455Z</time></trkpt>
	<trkpt lat='41.858135' lon='8.7492683'><time>2026-07-22T10:24:24.456Z</time></trkpt>
	<trkpt lat='41.8645383' lon='8.73818'><time>2026-07-22T10:32:32.458Z</time></trkpt>
	<trkpt lat='41.867455' lon='8.7322883'><time>2026-07-22T10:36:34.457Z</time></trkpt>
	<trkpt lat='41.8710983' lon='8.7265933'><time>2026-07-22T10:40:42.457Z</time></trkpt>
	<trkpt lat='41.8827416' lon='8.7127617'><time>2026-07-22T10:52:26.458Z</time></trkpt>
	<trkpt lat='41.8891133' lon='8.706615'><time>2026-07-22T10:57:28.458Z</time></trkpt>
	<trkpt lat='41.8919666' lon='8.7034317'><time>2026-07-22T10:59:48.460Z</time></trkpt>
	<trkpt lat='41.8941383' lon='8.700655'><time>2026-07-22T11:01:43.459Z</time></trkpt>
	<trkpt lat='41.9020933' lon='8.6888417'><time>2026-07-22T11:09:23.459Z</time></trkpt>
	<trkpt lat='41.893235' lon='8.6816383'><time>2026-07-22T11:16:29.459Z</time></trkpt>
	<trkpt lat='41.8878766' lon='8.6762133'><time>2026-07-22T11:20:50.460Z</time></trkpt>
	<trkpt lat='41.8848966' lon='8.6725033'><time>2026-07-22T11:23:32.460Z</time></trkpt>
	<trkpt lat='41.8803666' lon='8.6682433'><time>2026-07-22T11:26:48.460Z</time></trkpt>
	<trkpt lat='41.87816' lon='8.6656883'><time>2026-07-22T11:28:32.461Z</time></trkpt>
	<trkpt lat='41.8754883' lon='8.6615717'><time>2026-07-22T11:31:06.461Z</time></trkpt>
	<trkpt lat='41.8723766' lon='8.6551933'><time>2026-07-22T11:34:39.461Z</time></trkpt>
	<trkpt lat='41.8674633' lon='8.6411217'><time>2026-07-22T11:42:09.462Z</time></trkpt>
	<trkpt lat='41.8649766' lon='8.6297283'><time>2026-07-22T11:48:25.464Z</time></trkpt>
	<trkpt lat='41.8634133' lon='8.6208533'><time>2026-07-22T11:53:10.463Z</time></trkpt>
	<trkpt lat='41.8624216' lon='8.6111617'><time>2026-07-22T11:58:38.463Z</time></trkpt>
	<trkpt lat='41.8617066' lon='8.6074383'><time>2026-07-22T12:00:52.463Z</time></trkpt>
	<trkpt lat='41.8605216' lon='8.593965'><time>2026-07-22T12:08:44.464Z</time></trkpt>
	<trkpt lat='41.8590766' lon='8.584145'><time>2026-07-22T12:15:00.556Z</time></trkpt>
	<trkpt lat='41.8587733' lon='8.5790717'><time>2026-07-22T12:18:05.465Z</time></trkpt>
	<trkpt lat='41.8578383' lon='8.57223'><time>2026-07-22T12:22:20.466Z</time></trkpt>
	<trkpt lat='41.8564416' lon='8.5486933'><time>2026-07-22T12:37:23.467Z</time></trkpt>
	<trkpt lat='41.8548183' lon='8.53506'><time>2026-07-22T12:46:20.468Z</time></trkpt>
	<trkpt lat='41.8627383' lon='8.5398883'><time>2026-07-22T12:53:58.468Z</time></trkpt>
	<trkpt lat='41.8721683' lon='8.5435667'><time>2026-07-22T13:02:58.469Z</time></trkpt>
	<trkpt lat='41.879965' lon='8.5478'><time>2026-07-22T13:10:17.469Z</time></trkpt>
	<trkpt lat='41.88803' lon='8.5535117'><time>2026-07-22T13:18:37.470Z</time></trkpt>
	<trkpt lat='41.8930883' lon='8.558085'><time>2026-07-22T13:24:02.471Z</time></trkpt>
	<trkpt lat='41.9034366' lon='8.56879'><time>2026-07-22T13:37:01.473Z</time></trkpt>
	<trkpt lat='41.910615' lon='8.57868'><time>2026-07-22T13:49:28.476Z</time></trkpt>
	<trkpt lat='41.9155066' lon='8.584825'><time>2026-07-22T13:58:16.474Z</time></trkpt>
	<trkpt lat='41.9179116' lon='8.5875833'><time>2026-07-22T14:03:12.474Z</time></trkpt>
	<trkpt lat='41.9195616' lon='8.5886933'><time>2026-07-22T14:05:49.474Z</time></trkpt>
	<trkpt lat='41.9246566' lon='8.5876817'><time>2026-07-22T14:09:22.475Z</time></trkpt>
	<trkpt lat='41.9393533' lon='8.583785'><time>2026-07-22T14:18:22.476Z</time></trkpt>
	<trkpt lat='42.0425833' lon='8.5955933'><time>2026-07-22T15:21:07.482Z</time></trkpt>
	<trkpt lat='42.0461333' lon='8.59801'><time>2026-07-22T15:24:59.483Z</time></trkpt>
	<trkpt lat='42.0523716' lon='8.601595'><time>2026-07-22T15:31:01.485Z</time></trkpt>
	<trkpt lat='42.0630783' lon='8.6069933'><time>2026-07-22T15:40:32.484Z</time></trkpt>
	<trkpt lat='42.0689633' lon='8.6095567'><time>2026-07-22T15:45:22.485Z</time></trkpt>
	<trkpt lat='42.0807983' lon='8.6157217'><time>2026-07-22T15:55:00.486Z</time></trkpt>
	<trkpt lat='42.0979433' lon='8.6217267'><time>2026-07-22T16:08:34.488Z</time></trkpt>
	<trkpt lat='42.098255' lon='8.62159'><time>2026-07-22T16:08:56.488Z</time></trkpt>
	<trkpt lat='42.0968366' lon='8.6022583'><time>2026-07-22T16:20:41.491Z</time></trkpt>
	<trkpt lat='42.10257' lon='8.60417'><time>2026-07-22T16:25:58.489Z</time></trkpt>
	<trkpt lat='42.103405' lon='8.6047917'><time>2026-07-22T16:26:39.489Z</time></trkpt>
	<trkpt lat='42.1118866' lon='8.6077933'><time>2026-07-22T16:33:15.493Z</time></trkpt>
	<trkpt lat='42.11459' lon='8.6090633'><time>2026-07-22T16:36:15.492Z</time></trkpt>
	<trkpt lat='42.1320516' lon='8.6119167'><time>2026-07-22T16:52:10.492Z</time></trkpt>
	<trkpt lat='42.132225' lon='8.6116217'><time>2026-07-23T07:57:37.551Z</time></trkpt>
	<trkpt lat='42.1281566' lon='8.60403'><time>2026-07-23T08:06:23.551Z</time></trkpt>
	<trkpt lat='42.12652' lon='8.5863083'><time>2026-07-23T08:15:07.557Z</time></trkpt>
	<trkpt lat='42.126395' lon='8.5821067'><time>2026-07-23T08:16:50.552Z</time></trkpt>
	<trkpt lat='42.1267766' lon='8.57766'><time>2026-07-23T08:18:38.552Z</time></trkpt>
	<trkpt lat='42.1277883' lon='8.5750583'><time>2026-07-23T08:19:51.552Z</time></trkpt>
	<trkpt lat='42.1324866' lon='8.5676183'><time>2026-07-23T08:23:56.552Z</time></trkpt>
	<trkpt lat='42.13725' lon='8.56142'><time>2026-07-23T08:27:38.553Z</time></trkpt>
	<trkpt lat='42.1427933' lon='8.5534483'><time>2026-07-23T08:32:08.553Z</time></trkpt>
	<trkpt lat='42.1443483' lon='8.5527917'><time>2026-07-23T08:33:04.553Z</time></trkpt>
	<trkpt lat='42.15549' lon='8.5503417'><time>2026-07-23T08:47:30.553Z</time></trkpt>
	<trkpt lat='42.2257266' lon='8.537795'><time>2026-07-23T10:05:25.558Z</time></trkpt>
	<trkpt lat='42.236725' lon='8.5313617'><time>2026-07-23T10:17:09.559Z</time></trkpt>
	<trkpt lat='42.2492866' lon='8.526595'><time>2026-07-23T10:29:19.560Z</time></trkpt>
	<trkpt lat='42.2530233' lon='8.5257433'><time>2026-07-23T10:32:44.560Z</time></trkpt>
	<trkpt lat='42.2635316' lon='8.525805'><time>2026-07-23T10:42:31.561Z</time></trkpt>
	<trkpt lat='42.3628933' lon='8.5202917'><time>2026-07-23T12:03:28.566Z</time></trkpt>
	<trkpt lat='42.3723166' lon='8.5196917'><time>2026-07-23T12:10:40.567Z</time></trkpt>
	<trkpt lat='42.3767066' lon='8.51906'><time>2026-07-23T12:13:42.567Z</time></trkpt>
	<trkpt lat='42.3789183' lon='8.5192483'><time>2026-07-23T12:15:18.567Z</time></trkpt>
	<trkpt lat='42.3807666' lon='8.5186983'><time>2026-07-23T12:16:49.567Z</time></trkpt>
	<trkpt lat='42.3831333' lon='8.5194333'><time>2026-07-23T12:18:54.567Z</time></trkpt>
	<trkpt lat='42.3881116' lon='8.520015'><time>2026-07-23T12:23:06.569Z</time></trkpt>
	<trkpt lat='42.390705' lon='8.5207617'><time>2026-07-23T12:25:26.568Z</time></trkpt>
	<trkpt lat='42.3926533' lon='8.5218417'><time>2026-07-23T12:27:20.568Z</time></trkpt>
	<trkpt lat='42.3950116' lon='8.5226517'><time>2026-07-23T12:29:23.568Z</time></trkpt>
	<trkpt lat='42.3980233' lon='8.5251783'><time>2026-07-23T12:32:00.568Z</time></trkpt>
	<trkpt lat='42.40629' lon='8.5305967'><time>2026-07-23T12:38:28.569Z</time></trkpt>
	<trkpt lat='42.4099516' lon='8.5313017'><time>2026-07-23T12:41:13.569Z</time></trkpt>
	<trkpt lat='42.4128166' lon='8.5310083'><time>2026-07-23T12:43:27.408Z</time></trkpt>
	<trkpt lat='42.4158083' lon='8.5345867'><time>2026-07-23T12:46:39.570Z</time></trkpt>
	<trkpt lat='42.5342116' lon='8.65701'><time>2026-07-23T14:24:09.576Z</time></trkpt>
	<trkpt lat='42.5406883' lon='8.6631317'><time>2026-07-23T14:29:03.577Z</time></trkpt>
	<trkpt lat='42.559155' lon='8.681935'><time>2026-07-23T14:42:16.578Z</time></trkpt>
	<trkpt lat='42.5727133' lon='8.6968933'><time>2026-07-23T14:52:11.578Z</time></trkpt>
	<trkpt lat='42.5792116' lon='8.7053783'><time>2026-07-23T14:57:10.579Z</time></trkpt>
	<trkpt lat='42.5826116' lon='8.7107183'><time>2026-07-23T14:59:47.579Z</time></trkpt>
	<trkpt lat='42.5844316' lon='8.71485'><time>2026-07-23T15:01:38.580Z</time></trkpt>
	<trkpt lat='42.586345' lon='8.7203483'><time>2026-07-23T15:04:04.579Z</time></trkpt>
	<trkpt lat='42.5882633' lon='8.7283183'><time>2026-07-23T15:07:05.582Z</time></trkpt>
	<trkpt lat='42.5913483' lon='8.732265'><time>2026-07-23T15:09:29.579Z</time></trkpt>
	<trkpt lat='42.5909' lon='8.7358583'><time>2026-07-23T15:11:12.580Z</time></trkpt>
	<trkpt lat='42.5897016' lon='8.739405'><time>2026-07-23T15:12:59.579Z</time></trkpt>
	<trkpt lat='42.5856183' lon='8.74829'><time>2026-07-23T15:17:20.580Z</time></trkpt>
	<trkpt lat='42.583305' lon='8.75291'><time>2026-07-23T15:19:36.580Z</time></trkpt>
	<trkpt lat='42.5801316' lon='8.758045'><time>2026-07-23T15:22:32.580Z</time></trkpt>
	<trkpt lat='42.57341' lon='8.7675167'><time>2026-07-23T15:28:29.581Z</time></trkpt>
	<trkpt lat='42.5686616' lon='8.77203'><time>2026-07-23T15:32:54.581Z</time></trkpt>
	<trkpt lat='42.5645183' lon='8.775215'><time>2026-07-23T15:37:10.582Z</time></trkpt>
	<trkpt lat='42.5624133' lon='8.776395'><time>2026-07-23T15:39:06.581Z</time></trkpt>
	<trkpt lat='42.5618933' lon='8.7803883'><time>2026-07-23T15:42:03.581Z</time></trkpt>
	<trkpt lat='42.5609783' lon='8.7811917'><time>2026-07-23T15:43:17.581Z</time></trkpt>
	<trkpt lat='42.5602766' lon='8.7808767'><time>2026-07-23T15:44:20.582Z</time></trkpt>
	<trkpt lat='42.55997' lon='8.7802733'><time>2026-07-23T15:45:27.582Z</time></trkpt>
	<trkpt lat='42.5601853' lon='8.7807298'><time>2026-07-23T17:07:10.510Z</time></trkpt>
	<trkpt lat='42.5600033' lon='8.7807417'><time>2026-07-23T20:31:55.745Z</time></trkpt>
	<trkpt lat='42.5602183' lon='8.7802817'><time>2026-07-24T01:52:37.080Z</time></trkpt>
	<trkpt lat='42.5599167' lon='8.7801067'><time>2026-07-24T05:36:08.286Z</time></trkpt>
	<trkpt lat='42.5614517' lon='8.7816283'><time>2026-07-24T05:39:03.992Z</time></trkpt>
	<trkpt lat='42.57619' lon='8.789795'><time>2026-07-24T05:53:36.895Z</time></trkpt>
	<trkpt lat='42.5838' lon='8.7943883'><time>2026-07-24T06:00:51.883Z</time></trkpt>
	<trkpt lat='42.58535' lon='8.7956483'><time>2026-07-24T06:02:20.415Z</time></trkpt>
	<trkpt lat='42.5961617' lon='8.8071867'><time>2026-07-24T06:13:55.825Z</time></trkpt>
	<trkpt lat='42.596995' lon='8.807605'><time>2026-07-24T06:15:54.374Z</time></trkpt>
	<trkpt lat='42.59673' lon='8.80706'><time>2026-07-24T06:31:22.098Z</time></trkpt>
	<trkpt lat='42.5965967' lon='8.807225'><time>2026-07-24T07:38:30.787Z</time></trkpt>
	<trkpt lat='42.5970066' lon='8.8075517'><time>2026-04-13T19:38:39.931Z</time></trkpt>
	<trkpt lat='42.5968366' lon='8.8058533'><time>2026-04-13T19:49:34.933Z</time></trkpt>
	<trkpt lat='42.5929066' lon='8.79597'><time>2026-04-13T19:57:07.933Z</time></trkpt>
	<trkpt lat='42.5702916' lon='8.74233'><time>2026-04-13T20:26:37.934Z</time></trkpt>
	<trkpt lat='42.5687916' lon='8.7365217'><time>2026-04-13T20:29:17.936Z</time></trkpt>
	<trkpt lat='42.5671066' lon='8.7338383'><time>2026-04-13T20:30:56.935Z</time></trkpt>
	<trkpt lat='42.56354' lon='8.7293'><time>2026-04-13T20:34:38.935Z</time></trkpt>
	<trkpt lat='42.5632287' lon='8.7284812'><time>2026-07-25T09:07:09.973Z</time></trkpt>
	<trkpt lat='42.5639467' lon='8.7285673'><time>2026-07-26T00:47:53.414Z</time></trkpt>
	<trkpt lat='42.5638467' lon='8.7290083'><time>2026-07-26T11:10:40.738Z</time></trkpt>

    </trkseg>
  </trk>
</gpx>
